pack	base	first	top2	sc
SHIPPED-3P	987654	54.4444	73.6111	91.2500
SHIPPED-3P	987655	52.7778	75.1389	90.3472
SHIPPED-3P	987656	50.9722	73.8889	87.9167
SHIPPED-3P	987657	54.3056	73.8889	91.2500
SHIPPED-3P	987658	54.3056	74.8611	91.7361
SHIPPED-3P	987659	54.8611	74.4444	92.0833
SHIPPED-3P	987660	52.2222	73.1944	88.8194
SHIPPED-3P	987661	52.9167	75.1389	90.4861
v7f5div3-91	987654	52.7778	69.4444	87.5000
v7f5div3-91	987655	52.7778	69.5833	87.5694
v7f5div3-91	987656	51.3889	69.5833	86.1806
v7f5div3-91	987657	49.7222	66.8056	83.1250
v7f5div3-91	987658	52.0833	67.9167	86.0417
v7f5div3-91	987659	52.3611	69.0278	86.8750
v7f5div3-91	987660	49.7222	67.0833	83.2639
v7f5div3-91	987661	53.3333	69.3056	87.9861
v7f5div3-93	987654	47.3611	68.1944	81.4583
v7f5div3-93	987655	50.4167	68.8889	84.8611
v7f5div3-93	987656	46.6667	67.3611	80.3472
v7f5div3-93	987657	50.8333	67.5000	84.5833
v7f5div3-93	987658	45.6944	67.9167	79.6528
v7f5div3-93	987659	45.1389	70.2778	80.2778
v7f5div3-93	987660	45.6944	66.9444	79.1667
v7f5div3-93	987661	46.3889	67.7778	80.2778
v7force-34	987654	42.3611	55.8333	70.2778
v7force-34	987655	43.8889	57.7778	72.7778
v7force-34	987656	44.8611	56.9444	73.3333
v7force-34	987657	45.8333	58.1944	74.9306
v7force-34	987658	41.9444	53.1944	68.5417
v7force-34	987659	44.5833	59.3056	74.2361
v7force-34	987660	44.3056	57.9167	73.2639
v7force-34	987661	45.0000	55.8333	72.9167
v7iso1-81	987654	43.6111	58.6111	72.9167
v7iso1-81	987655	46.1111	60.8333	76.5278
v7iso1-81	987656	44.1667	57.7778	73.0556
v7iso1-81	987657	42.5000	56.9444	70.9722
v7iso1-81	987658	47.5000	61.1111	78.0556
v7iso1-81	987659	45.0000	59.8611	74.9306
v7iso1-81	987660	44.0278	56.3889	72.2222
v7iso1-81	987661	46.1111	59.7222	75.9722
v7l2c-101	987654	45.6944	64.3056	77.8472
v7l2c-101	987655	47.0833	67.3611	80.7639
v7l2c-101	987656	47.2222	66.5278	80.4861
v7l2c-101	987657	46.1111	63.7500	77.9861
v7l2c-101	987658	45.5556	62.9167	77.0139
v7l2c-101	987659	43.6111	63.4722	75.3472
v7l2c-101	987660	43.3333	61.9444	74.3056
v7l2c-101	987661	49.0278	65.8333	81.9444
v7l2h-93	987654	45.1389	61.6667	75.9722
v7l2h-93	987655	45.9722	62.6389	77.2917
v7l2h-93	987656	46.5278	61.6667	77.3611
v7l2h-93	987657	48.1944	63.0556	79.7222
v7l2h-93	987658	47.3611	61.8056	78.2639
v7l2h-93	987659	44.1667	57.0833	72.7083
v7l2h-93	987660	43.4722	60.2778	73.6111
v7l2h-93	987661	44.3056	60.0000	74.3056
v7n1-93	987654	44.3056	66.1111	77.3611
v7n1-93	987655	45.6944	64.1667	77.7778
v7n1-93	987656	42.9167	63.1944	74.5139
v7n1-93	987657	46.5278	65.6944	79.3750
v7n1-93	987658	49.3056	67.5000	83.0556
v7n1-93	987659	45.9722	65.2778	78.6111
v7n1-93	987660	47.3611	64.5833	79.6528
v7n1-93	987661	44.8611	64.7222	77.2222
v7new5_005-81	987654	53.1944	76.8056	91.5972
v7new5_005-81	987655	52.0833	76.8056	90.4861
v7new5_005-81	987656	51.5278	76.2500	89.6528
v7new5_005-81	987657	50.9722	76.3889	89.1667
v7new5_005-81	987658	54.1667	79.3056	93.8194
v7new5_005-81	987659	52.3611	76.2500	90.4861
v7new5_005-81	987660	52.0833	75.9722	90.0694
v7new5_005-81	987661	53.0556	78.3333	92.2222
v7ringB1-81	987654	43.3333	61.2500	73.9583
v7ringB1-81	987655	42.0833	60.2778	72.2222
v7ringB1-81	987656	43.8889	59.7222	73.7500
v7ringB1-81	987657	40.5556	60.1389	70.6250
v7ringB1-81	987658	39.3056	58.0556	68.3333
v7ringB1-81	987659	40.8333	60.4167	71.0417
v7ringB1-81	987660	44.1667	61.1111	74.7222
v7ringB1-81	987661	40.5556	59.7222	70.4167
v7ringB1-93	987654	45.8333	70.8333	81.2500
v7ringB1-93	987655	42.2222	67.7778	76.1111
v7ringB1-93	987656	43.8889	68.6111	78.1944
v7ringB1-93	987657	44.3056	67.6389	78.1250
v7ringB1-93	987658	41.3889	70.5556	76.6667
v7ringB1-93	987659	48.4722	73.4722	85.2083
v7ringB1-93	987660	44.7222	71.8056	80.6250
v7ringB1-93	987661	46.8056	69.8611	81.7361
v7role1-91	987654	43.0556	60.2778	73.1944
v7role1-91	987655	46.1111	63.3333	77.7778
v7role1-91	987656	43.3333	59.7222	73.1944
v7role1-91	987657	41.6667	60.1389	71.7361
v7role1-91	987658	49.1667	66.3889	82.3611
v7role1-91	987659	47.0833	64.4444	79.3056
v7role1-91	987660	46.9444	63.4722	78.6806
v7role1-91	987661	41.8056	59.1667	71.3889
v7s5-82	987654	52.0833	73.0556	88.6111
v7s5-82	987655	50.1389	75.4167	87.8472
v7s5-82	987656	51.6667	77.3611	90.3472
v7s5-82	987657	54.1667	75.6944	92.0139
v7s5-82	987658	49.7222	76.3889	87.9167
v7s5-82	987659	50.8333	74.4444	88.0556
v7s5-82	987660	51.2500	73.7500	88.1250
v7s5-82	987661	52.3611	75.1389	89.9306
v7salt-31	987654	45.2778	60.1389	75.3472
v7salt-31	987655	45.4167	57.7778	74.3056
v7salt-31	987656	45.2778	59.0278	74.7917
v7salt-31	987657	45.9722	58.6111	75.2778
v7salt-31	987658	45.4167	58.7500	74.7917
v7salt-31	987659	45.2778	60.1389	75.3472
v7salt-31	987660	46.1111	56.8056	74.5139
v7salt-31	987661	45.5556	57.7778	74.4444
v7t1-31	987654	59.0278	76.1111	97.0833
v7t1-31	987655	57.2222	78.0556	96.2500
v7t1-31	987656	57.3611	76.5278	95.6250
v7t1-31	987657	59.0278	76.9444	97.5000
v7t1-31	987658	61.3889	80.0000	101.3889
v7t1-31	987659	60.6944	77.7778	99.5833
v7t1-31	987660	57.9167	79.0278	97.4306
v7t1-31	987661	59.5833	76.3889	97.7778
v7t1-82	987654	53.7500	73.7500	90.6250
v7t1-82	987655	58.3333	76.8056	96.7361
v7t1-82	987656	57.0833	75.0000	94.5833
v7t1-82	987657	56.5278	73.8889	93.4722
v7t1-82	987658	55.4167	75.2778	93.0556
v7t1-82	987659	54.3056	75.8333	92.2222
v7t1-82	987660	54.4444	78.7500	93.8194
v7t1-82	987661	58.3333	75.8333	96.2500
v7t1-93	987654	50.9722	65.1389	83.5417
v7t1-93	987655	54.7222	69.0278	89.2361
v7t1-93	987656	55.8333	69.4444	90.5556
v7t1-93	987657	55.0000	69.5833	89.7917
v7t1-93	987658	51.2500	70.2778	86.3889
v7t1-93	987659	55.8333	72.0833	91.8750
v7t1-93	987660	54.5833	69.4444	89.3056
v7t1-93	987661	50.4167	65.9722	83.4028
v7t2-31	987654	53.8889	67.9167	87.8472
v7t2-31	987655	56.8056	72.2222	92.9167
v7t2-31	987656	54.5833	68.7500	88.9583
v7t2-31	987657	55.6944	71.8056	91.5972
v7t2-31	987658	54.8611	72.0833	90.9028
v7t2-31	987659	53.3333	71.8056	89.2361
v7t2-31	987660	58.0556	73.4722	94.7917
v7t2-31	987661	55.8333	71.8056	91.7361
v7t2-82	987654	48.1944	68.0556	82.2222
v7t2-82	987655	49.4444	71.9444	85.4167
v7t2-82	987656	44.4444	65.6944	77.2917
v7t2-82	987657	52.5000	71.3889	88.1944
v7t2-82	987658	49.4444	69.5833	84.2361
v7t2-82	987659	52.6389	71.8056	88.5417
v7t2-82	987660	48.4722	69.4444	83.1944
v7t2-82	987661	52.7778	72.7778	89.1667
v7t2-93	987654	51.6667	73.1944	88.2639
v7t2-93	987655	48.4722	72.2222	84.5833
v7t2-93	987656	50.9722	73.8889	87.9167
v7t2-93	987657	51.9444	75.1389	89.5139
v7t2-93	987658	49.3056	69.8611	84.2361
v7t2-93	987659	52.2222	71.9444	88.1944
v7t2-93	987660	52.0833	73.8889	89.0278
v7t2-93	987661	50.9722	71.1111	86.5278
v7u1-82	987654	48.4722	67.3611	82.1528
v7u1-82	987655	50.2778	68.7500	84.6528
v7u1-82	987656	51.6667	67.9167	85.6250
v7u1-82	987657	49.0278	66.1111	82.0833
v7u1-82	987658	49.8611	70.0000	84.8611
v7u1-82	987659	49.7222	67.9167	83.6806
v7u1-82	987660	52.3611	70.5556	87.6389
v7u1-82	987661	48.4722	69.0278	82.9861
v7u1-93	987654	47.6389	73.6111	84.4444
v7u1-93	987655	51.9444	79.5833	91.7361
v7u1-93	987656	49.3056	77.7778	88.1944
v7u1-93	987657	49.5833	75.2778	87.2222
v7u1-93	987658	46.5278	77.2222	85.1389
v7u1-93	987659	46.3889	76.2500	84.5139
v7u1-93	987660	47.7778	75.1389	85.3472
v7u1-93	987661	49.7222	76.9444	88.1944
