arm	selSeeds	cand_trainFit	first_pct	top2_pct	gapline
e322s1b(=1)	1	0.589	37.1	69.2	
e322s1b(=1)	1	0.582	27.8	47.5	
e322s1b(=1)	1	0.576	24.9	61.7	
e322s1b(=1)	1	0.571	22.2	45.8	
e322s1b(=1)	1	0.496	29.2	65.7	
e322s1b(=1)	1	0.462	22.2	45.8	
# e322s1b(=1) gapline: [当选键] 第 1 与第 2 名分差 9.65pt ‖ 两者自身极差较大者 0.0pt ‖ 同分带 3.0pt ⇒ 分差大于自身噪声 ⇒ 这一格判得动
e322s1c(=1)	1	0.589	37.1	69.2	
e322s1c(=1)	1	0.582	27.8	47.5	
e322s1c(=1)	1	0.576	24.9	61.7	
e322s1c(=1)	1	0.571	22.2	45.8	
e322s1c(=1)	1	0.496	29.2	65.7	
e322s1c(=1)	1	0.462	22.2	45.8	
# e322s1c(=1) gapline: [当选键] 第 1 与第 2 名分差 9.65pt ‖ **只有一粒 seedBase ⇒ 这一格没有任何噪声估计**（极差恒 0 是"没量过"，不是"量出来是 0"）⇒ 分差与噪声不可比，要判就得加 seedBase
e322s4c(default4)	4	0.589	39.3	72.1	
e322s4c(default4)	4	0.582	27.8	49.1	
e322s4c(default4)	4	0.576	23.6	61.6	
e322s4c(default4)	4	0.571	24.6	46.1	
e322s4c(default4)	4	0.496	30.3	66.3	
e322s4c(default4)	4	0.462	24.3	45.9	
# e322s4c(default4) gapline: [当选键] 第 1 与第 2 名分差 11.91pt ‖ 两者自身极差较大者 9.4pt ‖ 同分带 3.0pt（各 n=4 粒） ⇒ 分差大于自身噪声 ⇒ 这一格判得动
# anchor(e316anchor, pre-code) hall first/top2 for band1 = 37.1/69.2 ; weights of e322s1b == e316anchor byte-identical (114262-char JSON)
# cost: 18.5s (seeds=1) vs 50.9s (seeds=4) for the same 6-gen/5-seat/pop12/games12 arm
# provenance: e322s1b was run BEFORE the n=1 honesty fix, so its gapline still says "判得动" off a spread of 0.0pt.
#   That wording was a lie (one seedBase = no noise estimate at all, not zero noise); e322s1c is the same arm re-run after the fix.
#   Both lines are kept here because the pair is the evidence for gate leg D228⑤.
# cert: gate-all --np 18:08:30 -> 18:29:09, np 272/272 in 1238.6s vs the recorded ~570s cold run (认证 38).
#   Cause: five np legs spawnSync real train-3p arms; their hall re-validation now costs 4x. Fix = pin SEEDS=1 on those legs.
