id	F-rank	F	Hp	S
v7s9-82	7	0.77155	60.10	1.9355
v7ws1-91	5	0.77238	54.20	2.0238
v7aim1-93	2	0.80205	58.50	1.9905
v7beadseed-82	1	0.81679	57.90	1.9979
v7press3-91	6	0.77238	54.20	2.0238
v7t1-82	3	0.78288	56.30	1.7688
v7tgt4-63	4	0.77549	56.30	1.8549
L05-31	50	0.72982	49.00	1.8182
RG1-31	125	0.69692	47.00	1.7592
B5-05-71	200	0.66628	46.10	1.5628
r61fix-92	275	0.63942	46.30	1.6442
v7ws2-91	350	0.61621	56.40	0.0421
v7m2_noEffects-31	425	0.59595	44.40	1.5595
v14-112	500	0.57441	41.50	1.6041
v9-41	575	0.55281	46.70	0.7081
v7roleC2-96	650	0.51596	43.90	0.7796
v7b-39	725	0.48204	47.20	0.5004
v7l2f-101	800	0.43057	34.00	1.2657
eco2-33	875	0.35047	24.90	0.6447
mix-34	898	0.23138	12.90	1.2838
sty-35	899	0.23084	10.20	1.3884
sty-36	900	0.20726	17.30	0.4326
v16-131	896	0.24771	23.90	0.6071
eco2-31	901	0.20585	16.10	0.0785
v7expo-34	897	0.23500	25.10	0.0000
D8a	890	0.27509	20.70	0.7709
