productRel	arm	lineage	wid	slotFrom
docs/artifacts/e370-out/6ed47e18-v7.js	SLOT-6ed47e18	旧槽位冠军	6ed47e18fee76dbc	2026-09-09T13:45:14+08:00
docs/artifacts/e370-out/bb5c0e8e-v7.js	SLOT-bb5c0e8e	旧槽位冠军	bb5c0e8eea2b2a52	2026-09-10T12:46:01+08:00
docs/artifacts/e370-out/4afeed5f-v7.js	SLOT-4afeed5f	旧槽位冠军	4afeed5fb3d05fa8	2026-09-10T13:28:03+08:00
docs/artifacts/e370-out/033c7601-v7.js	SLOT-033c7601	旧槽位冠军	033c76018b9877dc	2026-09-10T13:56:15+08:00
docs/artifacts/e370-out/03749abc-v7.js	SLOT-03749abc	旧槽位冠军	03749abc64af6eaa	2026-09-10T18:35:30+08:00
docs/artifacts/e370-out/cc573172-v7.js	SLOT-cc573172	旧槽位冠军	cc5731724c374460	2026-09-10T18:49:44+08:00
docs/artifacts/e370-out/9ada5161-v7.js	SLOT-9ada5161	旧槽位冠军	9ada5161b179c7c3	2026-09-11T18:33:05+08:00
docs/artifacts/e370-out/f970452c-v7.js	SLOT-f970452c	旧槽位冠军	f970452c470971ef	2026-09-11T19:07:40+08:00
docs/artifacts/e370-out/037b2f71-v7.js	SLOT-037b2f71	旧槽位冠军	037b2f71597ed6bc	2026-09-11T19:30:07+08:00
docs/artifacts/e370-out/255f008a-v7.js	SLOT-255f008a	旧槽位冠军	255f008a305c3688	2026-09-11T20:42:04+08:00
docs/artifacts/e370-out/5d6fd40e-v7.js	SLOT-5d6fd40e	旧槽位冠军	5d6fd40e2fc9cc39	2026-09-11T20:48:25+08:00
docs/artifacts/e370-out/cd32f240-v7.js	SLOT-cd32f240	旧槽位冠军	cd32f2407ab7244c	2026-09-11T21:08:37+08:00
docs/artifacts/e370-out/f5735e56-v7.js	SLOT-f5735e56	旧槽位冠军	f5735e5637572a7c	2026-09-11T21:11:05+08:00
docs/artifacts/e370-out/18eafc3f-v7.js	SLOT-18eafc3f	旧槽位冠军	18eafc3f4f069780	2026-09-11T21:14:15+08:00
docs/artifacts/e370-out/9e83020d-v7.js	SLOT-9e83020d	旧槽位冠军	9e83020dac732cdf	2026-09-11T22:27:24+08:00
docs/artifacts/e370-out/e379c62c-v7.js	SLOT-e379c62c	旧槽位冠军	e379c62ccd2648fa	2026-09-12T14:29:01+08:00
