id	s77000	s88000	mean	sign	se
v7aim2-31	10.17	10.83	10.50	same	1.23
v7u1-93	9.67	12	10.84	same	1.93
v7beadseed-93	6	8	7.00	same	1.55
v7s9-82	6.5	6.17	6.33	same	1.02
v7beadseed-31	7.17	4.83	6.00	same	0.97
v7bead1-31	8.33	5	6.67	same	2
v7bead3-31	2.5	6.67	4.58	same	1.55
v7t1-31	4	5	4.50	same	1.56
v7aim2-93	4	4.33	4.17	same	1.24
v7t2-93	3.33	0.67	2.00	same	1.92
v7bead15-93	-3.5	4.33	0.42	flip	1.25
v7bead100-82	-3	2	-0.50	flip	1.88
v7beadseed-82	-5.67	-6	-5.83	same	1.2
v7t2-31	-5	-3.5	-4.25	same	1.57
v7t1-82	-5.5	-3.33	-4.42	same	1.22
v7f5div3-91	-5.67	-4	-4.83	same	2.37
v7s5-82	-11	-13.33	-12.16	same	1.84
v7t2-82	-10.83	-11.5	-11.16	same	1.47
v7bead2-82	-71.5	-75.83	-73.66	same	1.37
