id	F-rank	Hp	S	batches	per-batch-diffs	pooled_pt	SE	verdict	all-same-sign
v7s9-82	7	60.1	1.9355	3/3	11.67/15/6.67	10.36	2.59	WIN	1
v7l2f-101	800	34	1.2657	3/3	8.33/18.33/6.67	9.45	2.16	WIN	1
v7ws2-91	350	56.4	0.0421	3/3	-6.67/13.33/15	5.54	3.50	within-noise	0
v9-41	575	46.7	0.7081	3/3	10/3.33/1.67	4.62	3.44	within-noise	1
C5-02-31	24	47.3	1.9181	1/3	0	0.00	7.30	within-noise	0
v14-112	500	41.5	1.6041	3/3	3.33/-5/0	-1.29	2.80	within-noise	0
eco2-31	901	16.1	0.0785	3/3	-5/0/-3.33	-2.57	4.33	within-noise	0
v7beadseed-82	1	57.9	1.9979	2/3	1.67/-8.33	-2.93	3.53	within-noise	0
v7roleC2-96	650	43.9	0.7796	2/3	-8.33/-1.67	-4.49	4.31	within-noise	1
RG1-31	125	47	1.7592	2/3	-6.67/-3.33	-5.19	5.26	within-noise	1
L05-31	50	49	1.8182	3/3	-13.33/6.67/-6.67	-5.27	3.97	within-noise	0
v7t1-82	3	56.3	1.7688	2/3	-5/-8.33	-7.03	3.28	LOSE	1
B5-05-71	200	46.1	1.5628	2/3	-5/-13.33	-9.15	5.08	within-noise	1
r61fix-92	275	46.3	1.6442	2/3	-11.67/-8.33	-10.14	3.80	LOSE	1
v7aim1-93	2	58.5	1.9905	2/3	-15/-6.67	-10.37	4.35	LOSE	1
v7ws1-91	5	54.2	2.0238	2/3	-11.67/-11.67	-11.67	4.56	LOSE	1
v7press3-91	6	54.2	2.0238	2/3	-11.67/-11.67	-11.67	4.56	LOSE	1
v7b-39	725	47.2	0.5004	2/3	-13.33/-13.33	-13.33	4.50	LOSE	1
v7m2_noEffects-31	425	44.4	1.5595	2/3	-5/-23.33	-14.94	5.15	LOSE	1
eco2-33	875	24.9	0.6447	2/3	-13.33/-25	-19.54	5.46	LOSE	1
v7tgt4-63	4	56.3	1.8549	2/3	-21.67/-28.33	-24.85	4.80	LOSE	1
v7expo-34	897	25.1	0	2/3	-23.33/-28.33	-25.84	4.35	LOSE	1
v16-131	896	23.9	0.6071	2/3	-31.67/-31.67	-31.67	5.06	LOSE	1
D8a	890	20.7	0.7709	2/3	-36.67/-33.33	-35.13	4.95	LOSE	1
mix-34	898	12.9	1.2838	2/3	-81.67/-78.33	-80.10	3.71	LOSE	1
sty-35	899	10.2	1.3884	2/3	-83.33/-81.67	-82.52	3.50	LOSE	1
sty-36	900	17.3	0.4326	3/3	-96.67/-96.67/-96.67	-96.67	1.35	LOSE	1
