id	path	H	Hstrict	Htie	cost3	S	Geff	dmg	heavy	holo	zeroRate	drawRate	rounds	distinctKeys	seatSpread	rwDmg	charges	waste	noThreatStance	fieldAAtk	fieldARounds	mode	n	pop	games	oppsN	seed	ts	lineage
seed80	docs/artifacts/eval-out/sel80.bak	44.6	44.3	0.3	0.4	1.557993658646183	4.749282996968794	16.75	3.9	0	0	0	24.825	8	14.285714285714286	4.675	10.425	0.5896805896805897	0	0.34210526315789475	18.1		3	8	8	0	80	2026-09-25	续训现役
e35prod814	docs/artifacts/E35-prod-814.bak	55.3	54.5	0.9	0.6	1.595300706378768	4.929811274950533	15.4	0.3	0.775	0	0	30.4	11	7.954545454545455	2	2.875	0.5087719298245614	0	0.25862068965517243	17.5		5	12	12	0		2026-09-26	续训现役
seq20	docs/artifacts/e59-out/seq20.js	49.7	49	0.7	1.3	1.925657477315191	6.859657252623604	14.75	3.1	0	0	0	19	10	9.375	1	1.05	0.3	0.0375	0.3619791666666667	15.2		3	12	8	0		2026-09-27	续训现役
E59-seq-902	docs/artifacts/e59-out/E59-seq-902.bak	41.7	41.7	0.1	0.5	1.4535875862989378	4.2784362740267445	14.475	0.25	0	0	0	29.625	8	10.416666666666668	16.4	8.225	0.9904761904761905	0	0.31365313653136534	43.9		3	12	8	0		2026-09-27	续训现役
E59-seq-901	docs/artifacts/e59-out/E59-seq-901.bak	54	53.6	0.4	0.7	1.9598168841579688	7.098027184921206	15.375	2.35	0	0	0	25	10	17.894736842105264	0	4.325	0.3023255813953488	0.10625	0.32903225806451614	20.9		3	12	8	0		2026-09-27	续训现役
E59-ctl-903	docs/artifacts/e59-out/E59-ctl-903.bak	45.9	45.4	0.5	0	1.4805520036587576	4.3953712724134455	15.525	1.85	0	0	0	29.825	7	21.348314606741575	20	10.45	0.6345679012345679	0	0.28859060402684567	33		3	12	8	0		2026-09-27	续训现役
Lspend	docs/artifacts/eval-out/win-Lspend.bak	41.8	40.3	1.5	0	1.3324757553553208	3.79041592324965	14.075	0	1.075	0	0	26.05	11	11.34020618556701	0	1.75	0.8484848484848485	0.021052631578947368	0.358695652173913	26.4		3	8	8	0	31	2026-09-27	续训现役
L151	docs/artifacts/eval-out/win-L151.bak	38.6	37	1.7	0.7	1.3747887758649981	3.954241403483831	15.125	1	0	0	0	21.8	6	8.333333333333332	0	5.225	0.1291866028708134	0	0.36619718309859156	17.6		3	8	8	0	151	2026-09-27	续训现役
R351	docs/artifacts/eval-out/win-R351.bak	51.7	51.3	0.5	2	1.7452104152457832	5.727106419152408	14.975	1.8	0	0	0	25.35	10	8.695652173913043	1	2.025	0.3670886075949367	0.0375	0.37822349570200575	22.9		3	8	8	0	351	2026-09-27	续训现役
R271	docs/artifacts/eval-out/win-R271.bak	48.1	47.4	0.8	0.8	1.4094461658154074	4.093687552014801	14.35	0	0.575	0	0	39.4	15	7.692307692307692	13.95	50.825	0.9394387001477105	0.045531197301854974	0.14285714285714285	19.5		3	8	8	0	271	2026-09-27	续训现役
C2s71	docs/artifacts/eval-out/win-C2s71.bak	50.7	50.2	0.5	0	0.8013388733772916	2.228522641614444	13.6	0	0	0	0	28.8	5	9.782608695652174	0	0	0	0.0625	0.3982808022922636	32.9		3	8	8	0	71	2026-09-27	续训现役
C2s31	docs/artifacts/eval-out/win-C2s31.bak	38.6	35.5	3	1.5	1.9190760897166677	6.814659425942329	14.45	0.2	23.85	0	0	42.35	18	15.584415584415586	4	6.025	0.946058091286307	0.13943894389438943	0.17404129793510326	35.3		3	8	8	0	31	2026-09-27	续训现役
EL0	docs/artifacts/eval-out/win-EL0.bak	44	43.9	0.1	1.4	1.6305586764926632	5.106726930021038	15.45	3.4	0	0	0	22.175	10	10.204081632653063	1	0.35	0.14285714285714285	0.03125	0.3575757575757576	19.7		3	8	8	0		2026-09-27	续训现役
B0-31	docs/artifacts/e66-out/B0-31.bak	35.4	35.1	0.3	0.8	1.6176125611282612	5.041040761830776	14.4	2.65	0.025	0	0	28.275	12	10.465116279069768	2	1.9	0.6891891891891891	0	0.340153452685422	19.4		3	8	8	0		2026-09-27	续训现役
B0L-71	docs/artifacts/e66-out/B0L-71.bak	35.4	34.3	1.1	0	2.0235650669649274	7.565247528766175	14.525	0	0.75	0	0	38.4	12	13.25301204819277	16.05	0	0	0.31875	0.16158536585365854	32.7		3	8	8	0		2026-09-27	续训现役
V2-71	docs/artifacts/e68-out/V2-71.bak	50.3	47.4	2.9	0.5	1.1500644042047306	3.158396317142579	14.95	0	0	0	0	36.275	6	17.56756756756757	19.225	0	0	0.03442340791738382	0.25245901639344265	20.9		3	8	8	0		2026-09-27	续训现役
V1-31	docs/artifacts/e68-out/V1-31.bak	35.7	34.5	1.2	9.6	1.4771894812524726	4.380616558456236	16.55	14.525	0	0	0	24.85	9	11.11111111111111	2	0	0	0	0.17627118644067796	22.7		3	8	8	0		2026-09-27	续训现役
D02-71	docs/artifacts/e70-out/D02-71.bak	53	52.5	0.5	0	0.3554691640390649	1.4268499239440318	14.8	0	0	0	0	39.275	3	18.18181818181818	1	0	0	0	0.2724014336917563	23		3	8	8	0		2026-09-27	续训现役
D02-31	docs/artifacts/e70-out/D02-31.bak	53.3	52.9	0.5	2	2.107425263420576	8.227031552528837	16.25	10.25	0.275	0	0	25.625	12	6.185567010309281	4.5	1.9	0.1643835616438356	0.5	0.2369146005509642	20.4		3	8	8	0		2026-09-27	续训现役
L05K-71	docs/artifacts/e71-out/L05K-71.bak	53.6	53.5	0.1	3.9	1.5837523983694015	4.873207762386533	14.275	0.5	0.2	0	0	28.525	9	12.222222222222223	14.3	0	0	0.375	0.2953216374269006	26.6		3	8	8	0		2026-09-27	续训现役
L05K-31	docs/artifacts/e71-out/L05K-31.bak	54.8	54	0.8	2	1.8181882006158505	6.16068640435373	15.9	2	0	0	0	22.15	10	6.25	2	7.525	0.49498327759197325	0	0.32894736842105265	21.7		3	8	8	0		2026-09-27	续训现役
M05-191	docs/artifacts/e73-out/M05-191.bak	53.1	52.5	0.7	1.9	1.9275559191618878	6.872692282213863	14.7	3.35	0	0	0	21.55	10	19.38775510204082	1	0.425	0.2	0.0125	0.36363636363636365	17.4		3	8	8	0		2026-09-27	续训现役
M05C02-31	docs/artifacts/e73-out/M05C02-31.bak	52.9	52.2	0.7	2	1.7380911714394192	5.686478543721944	15.45	4.05	0	0	0	22.175	10	12.121212121212121	2	0.575	0.18181818181818182	0.025	0.33666666666666667	22.6		3	8	8	0		2026-09-27	续训现役
M05-111	docs/artifacts/e73-out/M05-111.bak	58	57.5	0.5	0.4	1.7039177641870635	5.49543509116571	15.075	0.7	0	0	0	22.95	9	20.454545454545453	17.125	9.925	0.42317380352644834	0	0.3832923832923833	19.5		3	8	8	0		2026-09-27	续训现役
NCV-31	docs/artifacts/e75-out/NCV-31.bak	52.9	52.2	0.7	2	1.7380911714394192	5.686478543721944	15.45	4.05	0	0	0	22.175	10	12.121212121212121	2	0.575	0.18181818181818182	0.025	0.33666666666666667	22.6		3	8	8	0		2026-09-27	续训现役
NCV-71	docs/artifacts/e75-out/NCV-71.bak	50.7	50.1	0.6	1.2	1.931689539459151	6.901160179732499	15.1	2.9	0	0	0	25.825	10	15.306122448979593	1	1.825	0.15492957746478872	0.0125	0.36585365853658536	17.6		3	8	8	0		2026-09-27	续训现役
SM71	docs/artifacts/e76-out/SM71.bak	50.7	50.1	0.6	1.2	1.931689539459151	6.901160179732499	15.1	2.9	0	0	0	25.825	10	15.306122448979593	1	1.825	0.15492957746478872	0.0125	0.36585365853658536	17.6		3	8	8	0		2026-09-27	续训现役
PL71	docs/artifacts/e77-out/PL71.bak	45.2	45	0.4	1.4	2.0221133896034567	7.554273197715959	15.3	3.25	0	0	0	24.925	10	6.521739130434781	3	3.95	0.3116883116883117	0.08974358974358974	0.2465753424657534	17.1		3	8	8	0		2026-09-27	续训现役
G15-31	docs/artifacts/e78-out/G15-31.bak	54.8	54	0.8	2	1.8181882006158505	6.16068640435373	15.9	2	0	0	0	22.15	10	6.25	2	7.525	0.49498327759197325	0	0.32894736842105265	21.7		3	8	8	0		2026-09-27	续训现役
G03-31	docs/artifacts/e78-out/G03-31.bak	55	54.2	0.8	0	1.3713642579572562	3.940723192874255	14.7	0.3	0.05	0	0	32.675	12	19.51219512195122	17.575	24.275	0.9513960703205792	0	0.3848314606741573	24.5		3	8	8	0		2026-09-27	续训现役
NOL24-71	docs/artifacts/e78-out/NOL24-71.bak	50.3	47.4	2.9	0.5	1.1500644042047306	3.158396317142579	14.95	0	0	0	0	36.275	6	17.56756756756757	19.225	0	0	0.03442340791738382	0.25245901639344265	20.9		3	8	8	0		2026-09-27	续训现役
E00-71	docs/artifacts/e85-out/E00-71.bak	52.7	52.4	0.3	2.2	1.5052643326817425	4.50534438266701	15.95	5.55	0	0	0	24.075	10	14.141414141414142	3	0.2	0.75	0	0.3233333333333333	16.4		3	8	8	0		2026-09-27	续训现役
E10-71	docs/artifacts/e85-out/E10-71.bak	54.5	53.9	0.6	1.4	1.8960916362935256	6.659814533179054	14.925	2.25	0	0	0	22	10	14.285714285714286	2	9	0.5459610027855153	0.00625	0.3601190476190476	18.1		3	8	8	0		2026-09-27	续训现役
R00-71	docs/artifacts/e91-out/R00-71.bak	55	54.2	0.9	2.2	1.8055854351637965	6.083531919712008	15.3	2.3	0	0	0	24.9	10	11.235955056179778	2	2.725	0.35514018691588783	0.00625	0.33666666666666667	18.5		3	8	8	0		2026-09-27	续训现役
B5-05-31	docs/artifacts/e100-out/B5-05-31.bak	51.6	50.7	1	0.2	1.2795073969805772	3.59486844628527	14.725	0.05	0.025	0	0	30.125	12	19.54022988505747	1.8	0.75	0.6	0.00625	0.42857142857142855	25.7		5	8	8	0		2026-09-27	续训现役
B5-05-71	docs/artifacts/e100-out/B5-05-71.bak	51	50.5	0.5	1.5	1.5627567727565665	4.771958333563624	15.625	1.3	0	0	0	25.675	10	10.416666666666666	2	24.475	0.7893660531697342	0.00625	0.3726541554959786	21.6		5	8	8	0		2026-09-27	续训现役
N5L-30	docs/artifacts/e106-out/N5L-30.bak	51.6	51.1	0.5	2.1	1.8538098308400348	6.384095573616493	15.15	2.65	0	0	0	22.475	10	8.08080808080808	2	1.15	0.2682926829268293	0.00625	0.3383233532934132	15.4		5	8	8	0		2026-09-27	续训现役
HF-191	docs/artifacts/e116-out/HF-191.bak	51	50.6	0.4	0.5	1.9289697427452512	6.882415928784361	15.75	0.75	0.075	0	0	31.15	11	10.869565217391303	15.275	6.25	0.4779116465863454	0.044906900328587074	0.2681564245810056	22.8		5	8	8	0		2026-09-28	续训现役
blk0t00-s31	docs/artifacts/e124-out/blk0t00-s31.bak	54.8	54	0.8	2	1.8181882006158505	6.16068640435373	15.9	2	0	0	0	22.15	10	6.25	2	7.525	0.49498327759197325	0	0.32894736842105265	21.7		3	8	8	0		2026-09-28	续训现役
blk1t40-s71	docs/artifacts/e124-out/blk1t40-s71.bak	55.5	55	0.5	0.8	1.9114742109524818	6.763051617845491	15.5	1.95	0	0	0	24.15	10	8.888888888888888	2	9.225	0.7309782608695652	0.025	0.33225806451612905	17.2		3	8	8	0		2026-09-28	续训现役
blk1t00-s31	docs/artifacts/e124-out/blk1t00-s31.bak	55.1	54.6	0.6	0.7	1.454758909968958	4.283450643856911	15.1	1.5	0	0	0	28.825	8	8.860759493670887	1	27.65	0.9036363636363637	0	0.3333333333333333	20.1		3	8	8	0		2026-09-28	续训现役
RG1-31	docs/artifacts/e127-out/RG1-31.bak	52.1	51.5	0.6	2	1.7591520975458752	5.807511103273738	15.725	4.65	0	0	0	22.825	10	9.183673469387754	1	1.625	0.3225806451612903	0	0.3469387755102041	18.3		3	8	8	0		2026-09-28	续训现役
D3a	docs/artifacts/e234-out/D3a.js	58	57.4	0.6	1.3	1.3962327662483331	4.039951820359398	15.025	3.15	0	0	0	25.1	10	10.227272727272727	3.025	0.1	0.25	0	0.33993399339933994	17.7		3	8	8	0		2026-10-02	续训现役
D4a	docs/artifacts/e234-out/D4a.js	56.6	56	0.6	1.5	2.042395017082696	7.70905041398419	14.675	0.45	0.075	0	0	27.225	12	9.278350515463918	3.775	1	0.65	0.006329113924050633	0.28368794326241137	12.2		3	8	8	0		2026-10-02	续训现役
D6a	docs/artifacts/e234-out/D6a.js	33.1	32.3	1	1.3	0.4028632254172171	1.4961022489080429	14.85	0	0	0	0	46.825	5	13.793103448275861	5	105	1	0.25	0.22413793103448276	13.7		3	8	8	0		2026-10-02	续训现役
K6	docs/artifacts/e234-out/K6.js	39.7	39	0.7	5.6	1.9725684863817472	7.189117946433446	15.05	0.85	0	0	0	27.725	12	12.5	0	17.25	0.9288824383164006	0.3	0.16013071895424835	17.6		3	8	8	0		2026-10-02	续训现役
B1	docs/artifacts/e234-out/B1.js	52.5	52.3	0.2	0.6	0.9703578917001697	2.638888726744316	14.425	0.8	0.075	0	0	21.325	11	13.541666666666666	0	0.225	0.375	0	0.36177474402730375	18.7		3	8	8	0		2026-10-02	续训现役
C0b	docs/artifacts/e234-out/C0b.js	50.3	47.4	2.9	0.5	1.1500644042047306	3.158396317142579	14.95	0	0	0	0	36.275	6	17.56756756756757	19.225	0	0	0.03442340791738382	0.25245901639344265	20.9		3	8	8	0		2026-10-02	续训现役
E2	docs/artifacts/e234-out/E2.js	51.5	51.1	0.4	1.6	1.740558736392196	5.700527625263171	14.875	1.1	0	0	0	25.025	10	15.053763440860214	2	11.925	0.9182389937106918	0.03773584905660377	0.3377926421404682	17.5		3	8	8	0		2026-10-02	续训现役
K3	docs/artifacts/e234-out/K3.js	27.1	26.8	0.4	0.5	0.6049789714180767	1.8312137006535645	15.975	1.8	0	0	0	42.05	10	10.38961038961039	0.45	62.875	0.6961569255404323	0	0.08333333333333333	21.7		3	8	8	0		2026-10-02	续训现役
Q151	docs/artifacts/e234-out/Q151.js	36.4	35.6	0.8	2.6	1.1482444601646515	3.1526534400316013	14.7	0	0	0	0	43.925	8	4.597701149425287	7.575	0.3	1	0.25	0.22695035460992907	24.8		3	8	8	0		2026-10-02	续训现役
Q111	docs/artifacts/e234-out/Q111.js	43.3	42.1	1.2	0.5	0.8946600475965496	2.446503953179016	14.725	0.1	0	0	0	37.025	9	7.3170731707317085	0	2.175	0.9302325581395349	0	0.1404109589041096	23		3	8	8	0		2026-10-02	续训现役
T71	docs/artifacts/e234-out/T71.js	53	52.5	0.5	0	0.3554691640390649	1.4268499239440318	14.8	0	0	0	0	39.275	3	18.18181818181818	1	0	0	0	0.2724014336917563	23		3	8	8	0		2026-10-02	续训现役
Q231	docs/artifacts/e234-out/Q231.js	51.5	51	0.5	0.2	1.6441904285388849	5.176817206562367	14.55	0.9	0	0	0	29.675	9	13.131313131313131	8.475	2.125	0.4	0.4375	0.2516778523489933	28.8		3	8	8	0		2026-10-02	续训现役
V71	docs/artifacts/e234-out/V71.js	25	23.8	1.2	0	0.003963884047231362	1.003971750626236	14.575	0	0	0	0	45.8	2	7.5	0	0	0	0	0.49241540256709454	46.3		3	8	8	0		2026-10-02	续训现役
W71	docs/artifacts/e234-out/W71.js	56.2	55.6	0.6	0.2	0.5324421635127468	1.7030864495943803	14	0.45	0	0	0	42.075	4	6.060606060606059	0	0	0	0	0.4032697547683924	33.7		3	8	8	0		2026-10-02	续训现役
BIG1	docs/artifacts/e234-out/BIG1.js	19	18.3	0.8	8.7	0.6918132970589477	1.9973340114523608	17.075	16.975	0	0	0	12.35	5	13.333333333333336	0	0.1	1	0	0.16607773851590105	6		3	8	8	0		2026-10-02	续训现役
S71	docs/artifacts/e234-out/S71.js	34.4	33.2	1.1	2.3	1.7289816629132821	5.6349127450759475	15.45	2.55	0.3	0	0	24.875	10	15.625	0	6.65	0.9734848484848485	0.2625	0.26174496644295303	19.3		3	8	8	0		2026-10-02	续训现役
S111	docs/artifacts/e234-out/S111.js	36.4	35	1.4	0.1	1.307881395348245	3.6983301070263384	13.975	0	0	0	0	34.825	4	12.048192771084338	9	10.675	1	0	0.32717678100263853	46.4		3	8	8	0		2026-10-02	续训现役
S231	docs/artifacts/e234-out/S231.js	38.4	37.2	1.1	0	1.1430635990797353	3.1363622182282587	14.375	0	0.2	0	0	38.675	11	11.111111111111112	0	0	0	0.00631911532385466	0.4093567251461988	28.1		3	8	8	0		2026-10-02	续训现役
M231	docs/artifacts/e234-out/M231.js	51.5	51	0.5	0.2	1.6441904285388849	5.176817206562367	14.55	0.9	0	0	0	29.675	9	13.131313131313131	8.475	2.125	0.4	0.4375	0.2516778523489933	28.8		3	8	8	0		2026-10-02	续训现役
