id	exam	page	d	hp_old	sec
seed81	54.90	49.50	5.40	0.00	3.5
e35prod807	54.60	55.30	-0.70	0.00	3.8
seed80	44.60	47.00	-2.40	0.00	3.8
E51-t8-713	55.60	48.60	7.00	0.00	3.9
e39ctl911	51.50	53.00	-1.50	0.00	3.8
e35prod814	55.30	53.20	2.10	0.00	4.7
cal-ctl	49.70	47.90	1.80	0.00	4.9
seq20	49.70	47.90	1.80	0.00	5.0
land20	49.70	47.90	1.80	0.00	5.3
E59-seq-902	41.70	43.30	-1.60	0.00	4.8
E59-land-902	51.50	47.60	3.90	0.00	5.4
E59-ctl-902	41.70	43.30	-1.60	0.00	4.8
E59-ctl-901	54.00	47.10	6.90	0.00	4.4
E59-seq-901	54.00	47.10	6.90	0.00	4.3
E59-land-901	54.00	47.10	6.90	0.00	4.4
E59-land-903	45.90	45.70	0.20	0.00	4.4
E59-ctl-903	45.90	45.70	0.20	0.00	4.3
Lspend	41.80	36.90	4.90	0.00	4.0
E59-seq-903	45.90	45.70	0.20	0.00	4.5
Ldemo	55.40	47.30	8.10	0.00	4.6
L71	50.70	50.70	0.00	0.00	3.4
Lctl	38.60	37.10	1.50	0.00	4.5
L151	38.60	39.30	-0.70	0.00	4.1
L111	53.10	57.00	-3.90	0.00	4.5
L191	41.00	41.70	-0.70	0.00	5.2
R431	38.80	40.60	-1.80	0.00	4.0
R351	51.70	43.70	8.00	0.00	4.3
R311	50.50	45.80	4.70	0.00	4.6
R271	48.10	47.20	0.90	0.00	4.4
R231	54.20	54.60	-0.40	0.00	4.0
R391	24.30	26.20	-1.90	0.00	4.0
C2s71	50.70	50.70	0.00	0.00	3.2
C0s71	50.70	50.70	0.00	0.00	4.8
C1s71	50.70	50.70	0.00	0.00	4.9
C0s31	38.60	37.10	1.50	0.00	7.6
C2s31	38.60	37.10	1.50	0.00	7.5
EL0	44.00	44.60	-0.60	0.00	6.9
C1s31	38.60	37.10	1.50	0.00	3.8
B0-111	43.30	46.10	-2.80	0.00	3.6
EL2	44.00	44.60	-0.60	0.00	3.7
B0-31	35.40	36.00	-0.60	0.00	3.6
B0-71	50.30	51.10	-0.80	0.00	4.0
B0L-71	35.40	36.10	-0.70	0.00	3.8
B0L-31	49.20	49.00	0.20	0.00	4.0
V0-31	35.40	36.00	-0.60	0.00	3.6
V2-31	42.80	37.10	5.70	0.00	3.4
V2-71	50.30	51.10	-0.80	0.00	4.1
V1-71	28.30	29.40	-1.10	0.00	4.4
V3-71	28.30	29.40	-1.10	0.00	4.5
V1-31	35.70	40.20	-4.50	0.00	5.0
D05-71	39.70	39.90	-0.20	0.00	3.7
V3-31	35.70	40.20	-4.50	0.00	5.1
D02-71	53.00	53.10	-0.10	0.00	3.8
D005-31	47.70	45.00	2.70	0.00	4.0
D005-71	39.70	39.30	0.40	0.00	4.2
D02-31	53.30	52.40	0.90	0.00	4.9
D05-31	27.10	30.50	-3.40	0.00	4.2
L05-71	53.60	51.60	2.00	0.00	3.6
L05K-71	53.60	51.60	2.00	0.00	3.7
L02-71	45.60	45.80	-0.20	0.00	4.0
L05-31	54.80	49.00	5.80	0.00	3.9
L05K-31	54.80	49.00	5.80	0.00	3.9
L02-31	48.50	44.20	4.30	0.00	4.0
M05C02-111	51.80	48.40	3.40	0.00	4.0
M05-191	53.10	45.70	7.40	0.00	3.9
M05-151	54.60	46.00	8.60	0.00	3.7
M05C02-151	58.00	51.50	6.50	0.00	3.8
M05C02-31	52.90	49.00	3.90	0.00	4.2
M05-231	54.80	48.80	6.00	0.00	4.1
M05C02-71	54.50	45.70	8.80	0.00	4.0
M05-111	58.00	50.40	7.60	0.00	3.8
NC-301	50.40	50.40	0.00	0.00	4.1
NCV-111	51.80	48.40	3.40	0.00	4.4
NCV-31	52.90	49.00	3.90	0.00	4.4
NCV-151	58.00	51.50	6.50	0.00	4.0
NC-231	58.70	50.90	7.80	0.00	3.9
NCV-71	50.70	43.40	7.30	0.00	4.2
NC-341	39.20	39.20	0.00	0.00	3.9
NC-191	45.00	43.10	1.90	0.00	4.2
SM71	50.70	43.40	7.30	0.00	4.2
DM71	50.70	43.40	7.30	0.00	4.2
PL31	52.90	49.00	3.90	0.00	4.5
PL71	45.20	45.70	-0.50	0.00	4.4
G08-31	54.80	49.00	5.80	0.00	5.1
G15-71	55.00	48.50	6.50	0.00	5.4
G15-31	54.80	49.00	5.80	0.00	5.1
G08-71	55.00	48.50	6.50	0.00	5.1
G03-71	48.40	47.70	0.70	0.00	3.9
G03-31	55.00	51.30	3.70	0.00	4.1
H24-71	53.60	51.60	2.00	0.00	4.3
NOL24-31	35.40	36.00	-0.60	0.00	4.3
NOL24-71	50.30	51.10	-0.80	0.00	4.6
H24-31	54.80	49.00	5.80	0.00	4.4
E00-31	47.00	40.80	6.20	0.00	4.3
E00-71	52.70	48.70	4.00	0.00	4.8
E20-31	52.20	47.20	5.00	0.00	4.3
E10-31	52.90	47.70	5.20	0.00	4.9
E10-71	54.50	45.70	8.80	0.00	4.6
E20-71	55.00	50.90	4.10	0.00	4.2
R00-31	54.80	49.00	5.80	0.00	4.5
N5-1	51.60	53.80	-2.20	0.00	3.8
N5-0	52.00	51.30	0.70	0.00	4.4
R00-71	55.00	48.50	6.50	0.00	4.8
B5-05-31	51.60	53.80	-2.20	0.00	3.8
B5-10-31	54.10	53.00	1.10	0.00	4.2
B5-10-71	50.80	44.90	5.90	0.00	4.8
B5-05-71	51.00	46.10	4.90	0.00	5.2
N5L-05	42.60	44.20	-1.60	0.00	5.6
N5L-15	57.20	54.00	3.20	0.00	3.7
N5L-30	51.60	45.70	5.90	0.00	4.7
C5-02-71	55.40	47.30	8.10	0.00	4.6
C5-02-31	55.40	47.30	8.10	0.00	4.7
HF-191	51.00	56.00	-5.00	0.00	4.4
SQ2-15-71	53.40	50.00	3.40	0.00	3.9
SQ2-15-31	42.60	44.20	-1.60	0.00	4.7
blk0t00-s31	54.80	49.00	5.80	0.00	4.4
blk0t40-s71	46.30	47.00	-0.70	0.00	4.6
blk0t00-s71	55.00	48.50	6.50	0.00	4.7
blk1t40-s71	55.50	47.40	8.10	0.00	4.3
blk0t40-s31	47.10	49.40	-2.30	0.00	4.5
blk1t00-s71	37.80	43.50	-5.70	0.00	4.4
blk1t00-s31	55.10	47.10	8.00	0.00	4.5
blk1t40-s31	52.30	48.70	3.60	0.00	4.5
RG0-31	54.80	49.00	5.80	0.00	4.5
RG1-31	52.10	47.00	5.10	0.00	4.6
RG1-71	54.70	46.50	8.20	0.00	4.4
RG0-71	55.00	48.50	6.50	0.00	4.7
D3a	58.00	51.50	6.50	0.00	4.1
D2a	53.60	53.80	-0.20	0.00	4.4
D0a	35.40	36.00	-0.60	0.00	4.2
D4a	56.60	55.80	0.80	0.00	4.6
D8a	19.80	20.70	-0.90	0.00	3.6
D5a	49.20	49.00	0.20	0.00	4.4
D6a	33.10	34.30	-1.20	0.00	4.3
D7a	51.80	46.20	5.60	0.00	4.7
K6	39.70	39.90	-0.20	0.00	4.3
D1a	35.70	40.20	-4.50	0.00	5.7
E3	50.50	53.10	-2.60	0.00	4.2
B1	52.50	53.00	-0.50	0.00	4.5
E1	52.50	53.70	-1.20	0.00	4.7
K4	36.70	33.60	3.10	0.00	4.1
B2	42.40	44.70	-2.30	0.00	4.9
K1	32.60	34.10	-1.50	0.00	3.8
C0b	50.30	51.10	-0.80	0.00	4.6
K2	53.30	52.40	0.90	0.00	5.4
E2	51.50	47.80	3.70	0.00	4.5
R1	55.90	54.70	1.20	0.00	3.9
K5	28.30	29.40	-1.10	0.00	5.1
X1	52.60	47.00	5.60	0.00	4.5
K3	27.10	30.50	-3.40	0.00	4.9
Q191	30.50	32.10	-1.60	0.00	3.8
Q151	36.40	36.50	-0.10	0.00	4.3
P191	39.00	43.90	-4.90	0.00	4.4
P111	36.40	39.90	-3.50	0.00	4.5
Q111	43.30	46.10	-2.80	0.00	4.1
P151	51.00	49.80	1.20	0.00	4.4
T111	32.20	31.80	0.40	0.00	3.8
T71	53.00	53.10	-0.10	0.00	3.9
P231	38.40	36.50	1.90	0.00	4.2
U2	27.80	32.40	-4.60	0.00	3.5
Q231	51.50	48.00	3.50	0.00	5.1
V111	25.90	23.20	2.70	0.00	4.8
U1	20.30	29.70	-9.40	0.00	7.7
V71	25.00	26.20	-1.20	0.00	5.6
V151	33.30	32.50	0.80	0.00	5.6
W71	56.20	46.90	9.30	0.00	5.8
W31	54.90	50.80	4.10	0.00	6.4
V191	51.90	49.80	2.10	0.00	4.8
BIG0	19.00	19.20	-0.20	0.00	4.8
BIG1	19.00	19.20	-0.20	0.00	4.6
BIG1R	19.00	19.20	-0.20	0.00	4.6
M191	30.50	32.10	-1.60	0.00	3.9
S71	34.40	32.50	1.90	0.00	3.9
M151	36.40	36.50	-0.10	0.00	4.2
M111	43.30	46.10	-2.80	0.00	4.0
S111	36.40	39.90	-3.50	0.00	4.3
S191	39.00	43.90	-4.90	0.00	4.1
S231	38.40	36.50	1.90	0.00	4.1
M31	35.40	36.00	-0.60	0.00	4.2
S151	51.00	49.80	1.20	0.00	4.5
M71	50.30	51.10	-0.80	0.00	5.2
M231	51.50	48.00	3.50	0.00	4.5
S31	27.10	30.50	-3.40	0.00	5.1
