productRel	arm	lineage
docs/artifacts/soup-out/e495-l50.js	e495-l50	融合（权重平均）
docs/artifacts/soup-out/e495-l55.js	e495-l55	融合（权重平均）
docs/artifacts/soup-out/e495-l60.js	e495-l60	融合（权重平均）
docs/artifacts/soup-out/e495-l65.js	e495-l65	融合（权重平均）
docs/artifacts/soup-out/e495-l70.js	e495-l70	融合（权重平均）
docs/artifacts/soup-out/e495-l75.js	e495-l75	融合（权重平均）
docs/artifacts/soup-out/e495-l80.js	e495-l80	融合（权重平均）
docs/artifacts/soup-out/e495-l85.js	e495-l85	融合（权重平均）
docs/artifacts/soup-out/e495-l90.js	e495-l90	融合（权重平均）
