id	seed	eps	first	strict	bigt	ms
eco2-35	77000	exam	31.8	29.7	0	3199
eco2-35	77000	page	26.4	25.2	0	2900
eco2-35	88000	exam	31.8	30.2	0	3113
eco2-35	88000	page	26.4	24.7	0	2916
fgtB-32	77000	exam	26.3	25	195	3410
fgtB-32	77000	page	23.6	22	80	2931
fgtB-32	88000	exam	27.1	25.5	194	3592
fgtB-32	88000	page	22.1	21	68	2971
v7cur3-93	77000	exam	52.3	51.8	40	3553
v7cur3-93	77000	page	51.3	51	45	3600
v7cur3-93	88000	exam	54.3	53.9	47	3640
v7cur3-93	88000	page	51.2	50.9	34	3567
v7divK2-81	77000	exam	53	51.5	310	3398
v7divK2-81	77000	page	52.5	52	228	3486
v7divK2-81	88000	exam	50.2	49.6	335	3357
v7divK2-81	88000	page	49.2	48.5	207	3368
v7f5b-96	77000	exam	50.2	49.8	32	2893
v7f5b-96	77000	page	49.8	49.3	19	3016
v7f5b-96	88000	exam	51.8	51	18	2972
v7f5b-96	88000	page	49.1	48.9	20	3140
v7f5div3-93	77000	exam	54.2	53.7	6	2846
v7f5div3-93	77000	page	54.1	53.5	13	2978
v7f5div3-93	88000	exam	56.1	55.8	13	2978
v7f5div3-93	88000	page	52.5	52.4	4	3030
v7force2-35	77000	exam	43.2	41.4	520	3886
v7force2-35	77000	page	42.1	40.9	286	4091
v7force2-35	88000	exam	43.9	42	509	4009
v7force2-35	88000	page	45.1	44.4	314	4020
v7iso1-81	77000	exam	45.5	45.2	158	3066
v7iso1-81	77000	page	45	44.6	104	3040
v7iso1-81	88000	exam	48.3	47.6	198	3048
v7iso1-81	88000	page	45.2	44.6	118	3113
v7press3-81	77000	exam	59.3	59	1	2721
v7press3-81	77000	page	52.6	52.3	29	2866
v7press3-81	88000	exam	55.5	55.2	1	3036
v7press3-81	88000	page	58.2	57.8	40	2872
v7s8-82	77000	exam	57.4	57	0	2580
v7s8-82	77000	page	58	57.4	0	2720
v7s8-82	88000	exam	57.1	56.9	0	2622
v7s8-82	88000	page	55.2	55.1	0	2771
v7t1-93	77000	exam	52	51.5	81	2880
v7t1-93	77000	page	49.9	49.7	55	3215
v7t1-93	88000	exam	53.3	52.9	74	2947
v7t1-93	88000	page	49.3	48.8	57	3072
v13-101	77000	exam	45.1	44	226	3700
v13-101	77000	page	45.9	44.7	129	3678
v13-101	88000	exam	43.9	42.4	228	3899
v13-101	88000	page	47.1	46.3	109	3617
v7bead1-31	77000	exam	57.4	57	3	2583
v7bead1-31	77000	page	56.4	55.9	7	2784
v7bead1-31	88000	exam	57.8	57.6	5	2672
v7bead1-31	88000	page	56.4	56.1	3	2800
v7bead2-31	77000	exam	54.5	54.2	7	2967
v7bead2-31	77000	page	55.3	54.5	8	3015
v7bead2-31	88000	exam	54.3	53.6	6	2901
v7bead2-31	88000	page	53.4	52.9	14	2971
v7beadseed-31	77000	exam	48.2	47.9	22	2787
v7beadseed-31	77000	page	48.1	47.9	18	2912
v7beadseed-31	88000	exam	48.9	48.7	22	2841
v7beadseed-31	88000	page	48.9	48.9	14	2940
v7blk1-31	77000	exam	55.2	55	0	2760
v7blk1-31	77000	page	52.8	52.2	0	2863
v7blk1-31	88000	exam	55.1	55	0	2787
v7blk1-31	88000	page	52.5	52.2	0	2874
v7cmin3-31	77000	exam	46.3	46.1	47	2623
v7cmin3-31	77000	page	44.5	44.5	34	2784
v7cmin3-31	88000	exam	46.6	46.6	43	2712
v7cmin3-31	88000	page	45.1	45	32	2816
v7f3-94	77000	exam	31	30.6	72	2645
v7f3-94	77000	page	33.4	33.1	49	2768
v7f3-94	88000	exam	33.2	32.6	73	2658
v7f3-94	88000	page	34.8	34.5	49	2933
v7l2c-114	77000	exam	52.3	51.6	3	3028
v7l2c-114	77000	page	53.9	53	1	3130
v7l2c-114	88000	exam	53.6	52	2	2990
v7l2c-114	88000	page	49.4	48.5	1	3016
v7new5_005-81	77000	exam	46.2	45.5	0	2631
v7new5_005-81	77000	page	48.1	47.7	0	2790
v7new5_005-81	88000	exam	49	48.7	0	2668
v7new5_005-81	88000	page	46.9	46.6	0	2825
v7new5_01-92	77000	exam	51.2	51	4	2639
v7new5_01-92	77000	page	50.1	50	1	2751
v7new5_01-92	88000	exam	53.6	53.4	3	2626
v7new5_01-92	88000	page	52	51.7	5	2865
v7role1-81	77000	exam	54	53.4	33	3101
v7role1-81	77000	page	50.6	50.5	112	3305
v7role1-81	88000	exam	54.4	53.9	19	3162
v7role1-81	88000	page	50.8	50.5	135	3267
v7t2-31	77000	exam	48.6	48.3	34	2982
v7t2-31	77000	page	45.7	45.5	15	3045
v7t2-31	88000	exam	54.3	53.8	33	3098
v7t2-31	88000	page	48.4	48.4	17	3088
v7ws1-91	77000	exam	57	56.4	44	3040
v7ws1-91	77000	page	54.2	53.6	57	3241
v7ws1-91	88000	exam	57.5	57.1	48	3014
v7ws1-91	88000	page	55.8	55.5	53	3080
v7bead100-82	77000	exam	58.9	58.5	2	2800
v7bead100-82	77000	page	55.9	55.5	3	2850
v7bead100-82	88000	exam	57.4	57.2	2	2745
v7bead100-82	88000	page	54.5	54.1	2	2812
v7bead25-82	77000	exam	54.7	54	93	2935
v7bead25-82	77000	page	51.8	51.1	56	3021
v7bead25-82	88000	exam	51.6	51	85	2915
v7bead25-82	88000	page	53.7	53	60	3127
v7cmin4-82	77000	exam	48.5	47.7	8	3163
v7cmin4-82	77000	page	51.6	51.1	8	3254
v7cmin4-82	88000	exam	46.7	46.5	6	3173
v7cmin4-82	88000	page	52.1	51.2	6	3227
v7cur2-82	77000	exam	45.3	45.2	0	2985
v7cur2-82	77000	page	45.4	44.9	0	2948
v7cur2-82	88000	exam	44.7	44.3	0	2925
v7cur2-82	88000	page	45.8	45.4	0	2977
v7f5div3-81	77000	exam	47	44.7	0	3366
v7f5div3-81	77000	page	50.4	49.3	0	3517
v7f5div3-81	88000	exam	45.1	44	0	3487
v7f5div3-81	88000	page	50.5	49.2	1	3503
v7gf1-91	77000	exam	43.9	42.3	0	2964
v7gf1-91	77000	page	44.5	43.5	0	3093
v7gf1-91	88000	exam	47	45.9	0	3047
v7gf1-91	88000	page	44.8	43.4	0	3084
v7l2c-143	77000	exam	56.4	55.5	0	2928
v7l2c-143	77000	page	56	55.6	6	2917
v7l2c-143	88000	exam	55.1	54.3	0	2814
v7l2c-143	88000	page	57	56.6	4	2868
v7l2o-91	77000	exam	51	49.8	0	2548
v7l2o-91	77000	page	50.4	49.9	0	2706
v7l2o-91	88000	exam	50.3	49.7	0	2611
v7l2o-91	88000	page	49.4	48.7	0	2752
v7m2_noEffects-32	77000	exam	44	42.4	420	3475
v7m2_noEffects-32	77000	page	44.4	43.8	248	3564
v7m2_noEffects-32	88000	exam	41.7	41	408	3412
v7m2_noEffects-32	88000	page	49	48.2	209	3539
v7new2-93	77000	exam	49.7	48.6	0	3040
v7new2-93	77000	page	49.6	48.5	0	3195
v7new2-93	88000	exam	52.4	51	0	3007
v7new2-93	88000	page	49.3	48.5	0	3000
v7salt-31	77000	exam	47.6	47.5	152	2908
v7salt-31	77000	page	44.2	44.1	96	3030
v7salt-31	88000	exam	48.4	48.1	145	2988
v7salt-31	88000	page	45.1	44.8	102	3130
r61fix-91	77000	exam	50.2	49.3	0	2803
r61fix-91	77000	page	51.1	50.3	0	2912
r61fix-91	88000	exam	52	51.1	0	2899
r61fix-91	88000	page	52.7	51.8	0	2985
v7bead1-93	77000	exam	53.1	53	0	2775
v7bead1-93	77000	page	56.2	55.7	0	2946
v7bead1-93	88000	exam	56.2	56.1	2	2809
v7bead1-93	88000	page	50.7	50.2	4	2922
v7bead2-93	77000	exam	53.4	52.7	59	2863
v7bead2-93	77000	page	50.2	50.1	32	2962
v7bead2-93	88000	exam	55.1	55	69	2823
v7bead2-93	88000	page	48.7	48.5	32	2969
v7beadseed-93	77000	exam	57	56.6	24	2791
v7beadseed-93	77000	page	58.7	57.5	17	2957
v7beadseed-93	88000	exam	57.5	57.5	17	2757
v7beadseed-93	88000	page	53.7	53.4	16	2969
v7cmin3-93	77000	exam	48.1	47.7	184	2933
v7cmin3-93	77000	page	49.1	48.9	88	3048
v7cmin3-93	88000	exam	48.6	48.4	178	3137
v7cmin3-93	88000	page	49.4	49.4	99	3139
v7f35b-94	77000	exam	48.3	48.2	2	2789
v7f35b-94	77000	page	47.5	47.1	8	2929
v7f35b-94	88000	exam	50	49.7	3	2906
v7f35b-94	88000	page	48.9	48.7	7	2868
v7fix1-82	77000	exam	43.9	43.3	7	2893
v7fix1-82	77000	page	41.3	40.8	42	2876
v7fix1-82	88000	exam	44	43.5	12	2922
v7fix1-82	88000	page	41	40.4	26	2929
v7l2s-93	77000	exam	48.1	47.6	100	3427
v7l2s-93	77000	page	46	45.3	44	3448
v7l2s-93	88000	exam	49	48.2	72	3544
v7l2s-93	88000	page	45.3	44.7	26	3491
v7new1-31	77000	exam	54.1	53.4	231	2928
v7new1-31	77000	page	53.8	53.2	179	3020
v7new1-31	88000	exam	54	53.1	228	2974
v7new1-31	88000	page	51	50.4	151	3041
v7rand-32	77000	exam	50.5	50.1	93	3089
v7rand-32	77000	page	47	46.8	113	3277
v7rand-32	88000	exam	50.8	50.3	110	3046
v7rand-32	88000	page	49.8	49.3	107	3336
v7role1-91	77000	exam	44.6	44.1	0	2819
v7role1-91	77000	page	44.6	44.2	0	2965
v7role1-91	88000	exam	45.2	44.7	0	2873
v7role1-91	88000	page	43.3	42.6	2	2975
v7s9-82	77000	exam	57.8	57.3	0	2592
v7s9-82	77000	page	60.1	59.3	5	2730
v7s9-82	88000	exam	57.1	56.9	0	2541
v7s9-82	88000	page	57.8	57.5	2	2793
v7sub1-82	77000	exam	50	49.1	0	2770
v7sub1-82	77000	page	48.8	48.5	1	2920
v7sub1-82	88000	exam	53.8	52.7	0	2794
v7sub1-82	88000	page	47	46.6	1	2908
v7t2-93	77000	exam	55.2	54.8	54	2905
v7t2-93	77000	page	53	52.5	49	3073
v7t2-93	88000	exam	54.8	54.1	41	2938
v7t2-93	88000	page	54.4	53.7	50	3140
v7u1-82	77000	exam	46.4	46	33	2838
v7u1-82	77000	page	47	46.9	22	3065
v7u1-82	88000	exam	49.1	49	39	2937
v7u1-82	88000	page	47.2	47	28	3011
v12-91	77000	exam	56.7	56.1	3	2608
v12-91	77000	page	53	52.5	5	2784
v12-91	88000	exam	55	54.7	6	2707
v12-91	88000	page	55.1	54.8	4	2821
v7bead100-31	77000	exam	54.3	53.9	58	2659
v7bead100-31	77000	page	53	52.8	34	2757
v7bead100-31	88000	exam	53.5	53	58	2679
v7bead100-31	88000	page	51.8	51.4	34	2800
v7bead25-31	77000	exam	45.9	45.5	97	2844
v7bead25-31	77000	page	43.1	43	50	2790
v7bead25-31	88000	exam	46.7	46.5	111	2719
v7bead25-31	88000	page	44.7	44.3	53	2845
v7cmin4-31	77000	exam	55.9	55.3	58	2820
v7cmin4-31	77000	page	53	52.5	38	3033
v7cmin4-31	88000	exam	57.2	57	78	2904
v7cmin4-31	88000	page	53.8	53.7	40	3000
v7l2f-141	77000	exam	45.7	44.8	0	2881
v7l2f-141	77000	page	47.1	46.6	33	2947
v7l2f-141	88000	exam	46	45.3	0	2946
v7l2f-141	88000	page	46	44.8	37	3034
v7l2h-93	77000	exam	47.6	47.3	11	2922
v7l2h-93	77000	page	51.5	51.5	12	3139
v7l2h-93	88000	exam	50.2	50	28	2994
v7l2h-93	88000	page	48.6	48.5	24	3155
v7m2_noEffects-31	77000	exam	44	42.4	420	3465
v7m2_noEffects-31	77000	page	44.4	43.8	248	3631
v7m2_noEffects-31	88000	exam	41.7	41	408	3353
v7m2_noEffects-31	88000	page	49	48.2	209	3593
v7new6-94	77000	exam	49.3	49	9	2921
v7new6-94	77000	page	49	48.6	9	3005
v7new6-94	88000	exam	51.9	51.2	6	2962
v7new6-94	88000	page	48	47.6	13	3001
v7ringB1-81	77000	exam	43.2	42.8	1	2909
v7ringB1-81	77000	page	46.5	46.3	4	3158
v7ringB1-81	88000	exam	45.3	45.2	5	2958
v7ringB1-81	88000	page	47.9	47.3	4	3009
v7role1w-91	77000	exam	50.2	49.7	0	2803
v7role1w-91	77000	page	51.1	50.5	0	2878
v7role1w-91	88000	exam	50.2	49.3	0	2764
v7role1w-91	88000	page	45.9	45.4	0	2929
v7s9-93	77000	exam	49.8	49	224	3188
v7s9-93	77000	page	54.2	53.6	107	3385
v7s9-93	88000	exam	50.1	49.5	214	3297
v7s9-93	88000	page	49.4	48.5	89	3257
v7tgt4-62	77000	exam	52.9	51.6	0	3469
v7tgt4-62	77000	page	55.6	55	1	3642
v7tgt4-62	88000	exam	50	48.4	0	3390
v7tgt4-62	88000	page	51.5	51	1	3531
v7u1-93	77000	exam	56.7	55.5	10	2627
v7u1-93	77000	page	56.7	55.8	9	2800
v7u1-93	88000	exam	59.3	59	14	2676
v7u1-93	88000	page	58.1	57.1	14	2855
v7w3r1-82	77000	exam	51.2	49.7	0	2849
v7w3r1-82	77000	page	50.8	50.1	1	2954
v7w3r1-82	88000	exam	51.8	51	0	2876
v7w3r1-82	88000	page	48	47	0	2955
v7wall2-97	77000	exam	42	41	0	2946
v7wall2-97	77000	page	43.3	43.2	0	3397
v7wall2-97	88000	exam	42	41.4	0	2938
v7wall2-97	88000	page	43.9	43.1	0	3127
eco2-34	77000	exam	31.2	30.8	0	3323
eco2-34	77000	page	28.3	27.6	12	2957
eco2-34	88000	exam	32.8	32.4	1	3514
eco2-34	88000	page	27.3	26.8	12	2963
v12-95	77000	exam	43.2	42.9	5	2863
v12-95	77000	page	45.6	45.3	13	2986
v12-95	88000	exam	43.3	43.2	8	2858
v12-95	88000	page	42.8	42.8	18	2971
v14-111	77000	exam	51	49.6	4	3281
v14-111	77000	page	49.9	48.6	0	3459
v14-111	88000	exam	50	48	3	3334
v14-111	88000	page	46.2	45	3	3506
v15-123	77000	exam	53	52.6	95	2967
v15-123	77000	page	52.7	51.6	53	3043
v15-123	88000	exam	53.2	53	98	2965
v15-123	88000	page	48.8	47.8	59	3028
v7bead3-82	77000	exam	41	40.7	57	2770
v7bead3-82	77000	page	44.6	44.4	33	2971
v7bead3-82	88000	exam	45.8	45.5	39	2776
v7bead3-82	88000	page	42.4	42.1	32	2927
v7clear2-81	77000	exam	40.5	39.6	74	3097
v7clear2-81	77000	page	43	42.1	62	3488
v7clear2-81	88000	exam	42	40.5	46	3275
v7clear2-81	88000	page	45.4	45	56	3466
v7cur3-82	77000	exam	50.1	48.7	20	3089
v7cur3-82	77000	page	52.8	52	19	3237
v7cur3-82	88000	exam	50.5	49.4	14	3047
v7cur3-82	88000	page	53.8	53	12	3243
v7f2b-31	77000	exam	56.3	56.1	0	2636
v7f2b-31	77000	page	53.9	53.3	0	2754
v7f2b-31	88000	exam	60	59.1	0	2696
v7f2b-31	88000	page	54.6	53.9	0	2853
v7force-34	77000	exam	48.9	48.4	289	3345
v7force-34	77000	page	45.2	44.8	216	3728
v7force-34	88000	exam	51.7	51.1	312	3464
v7force-34	88000	page	46.6	45.8	224	3628
v7r2-35	77000	exam	43.2	41.4	520	3939
v7r2-35	77000	page	42.1	40.9	286	4123
v7r2-35	88000	exam	43.9	42	509	4128
v7r2-35	88000	page	45.1	44.4	314	4245
v7ringB1-93	77000	exam	42.8	42.6	103	2767
v7ringB1-93	77000	page	40.5	40.5	62	2848
v7ringB1-93	88000	exam	45	44.6	93	2767
v7ringB1-93	88000	page	42.1	41.7	59	3003
v7s8-31	77000	exam	49.7	48.4	10	3187
v7s8-31	77000	page	50.6	49.8	15	3224
v7s8-31	88000	exam	51.1	51	20	3233
v7s8-31	88000	page	51.8	51	20	3373
v7wall1-93	77000	exam	39.7	39.6	0	2888
v7wall1-93	77000	page	40.1	39.8	0	2963
v7wall1-93	88000	exam	39.9	39.7	0	2936
v7wall1-93	88000	page	43.2	43	0	3004
v7ws1-81	77000	exam	59.3	59	1	2743
v7ws1-81	77000	page	52.6	52.3	29	2824
v7ws1-81	88000	exam	55.5	55.2	1	2774
v7ws1-81	88000	page	58.2	57.8	40	2877
v7b-45	77000	exam	45	43.8	244	3946
v7b-45	77000	page	40.6	39.9	153	3806
v7b-45	88000	exam	44.6	42.8	276	3993
v7b-45	88000	page	43.2	42.5	151	3892
v7bead100-93	77000	exam	49.7	49.3	0	2522
v7bead100-93	77000	page	48.6	48.4	0	2661
v7bead100-93	88000	exam	46.5	46.5	0	2552
v7bead100-93	88000	page	45.8	45.7	1	2611
v7f2t-92	77000	exam	53	52.2	4	3063
v7f2t-92	77000	page	50.4	49.7	1	3092
v7f2t-92	88000	exam	52.4	51.4	4	3040
v7f2t-92	88000	page	49.6	48.7	1	3187
v7l2c-101	77000	exam	47	46.8	3	2883
v7l2c-101	77000	page	46.6	46.2	5	3047
v7l2c-101	88000	exam	47.7	47.2	3	3261
v7l2c-101	88000	page	47.5	47.6	2	2982
v7m2_noTarget-36	77000	exam	44	42.4	420	3439
v7m2_noTarget-36	77000	page	44.4	43.8	248	3602
v7m2_noTarget-36	88000	exam	41.7	41	408	3474
v7m2_noTarget-36	88000	page	49	48.2	209	3697
SHIPPED-Ldemo	77000	exam	55.4	54.8	205	3417
SHIPPED-Ldemo	77000	page	47.3	46.7	112	3411
SHIPPED-Ldemo	88000	exam	51.9	51.4	228	3306
SHIPPED-Ldemo	88000	page	50.9	50.9	115	3529
v7bead15-31	77000	exam	51.8	51.3	66	3037
v7bead15-31	77000	page	48	47.7	35	3388
v7bead15-31	88000	exam	53.5	53.1	67	3223
v7bead15-31	88000	page	48.3	47.9	38	3327
v7bead3-31	77000	exam	51.9	51.4	148	3044
v7bead3-31	77000	page	47.6	47.4	40	3015
v7bead3-31	88000	exam	51	50.5	120	3063
v7bead3-31	88000	page	50.4	50.2	76	3299
v7cur3-31	77000	exam	52.6	51.9	220	3448
v7cur3-31	77000	page	54	53	141	3563
v7cur3-31	88000	exam	53.4	52.7	272	3571
v7cur3-31	88000	page	49.3	49.2	116	3571
v7gf1-93	77000	exam	49.6	47.9	0	3138
v7gf1-93	77000	page	45.5	45.3	3	3057
v7gf1-93	88000	exam	47	45.4	0	3140
v7gf1-93	88000	page	49.2	47.9	3	3095
v7l2c-82	77000	exam	54	53.5	56	2924
v7l2c-82	77000	page	57.6	56.6	54	3222
v7l2c-82	88000	exam	55.8	55.2	35	2949
v7l2c-82	88000	page	53	52.6	33	3023
v7l2o-93	77000	exam	42.5	41.8	0	2678
v7l2o-93	77000	page	46.4	45.2	0	2759
v7l2o-93	88000	exam	41.2	40.5	0	2757
v7l2o-93	88000	page	48.1	48	0	2842
v7new5_01-81	77000	exam	53.2	52.1	497	3620
v7new5_01-81	77000	page	47.9	47	453	3669
v7new5_01-81	88000	exam	51.2	50.6	538	3693
v7new5_01-81	88000	page	46	44.9	393	3504
v7protoE-82	77000	exam	45.3	44.4	2	2845
v7protoE-82	77000	page	50	49.3	2	3000
v7protoE-82	88000	exam	47.7	46.3	2	2931
v7protoE-82	88000	page	45.8	45.2	1	3015
v7tgt4-66	77000	exam	46.1	45	491	4193
v7tgt4-66	77000	page	47.1	46.3	356	4383
v7tgt4-66	88000	exam	46.6	44.9	514	4559
v7tgt4-66	88000	page	46.2	45	363	4572
v7w3c-82	77000	exam	48.1	46.9	382	3837
v7w3c-82	77000	page	50	49	198	3952
v7w3c-82	88000	exam	50.5	48.7	372	3976
v7w3c-82	88000	page	49.5	48.1	194	3940
fgtB-34	77000	exam	35.8	34.5	46	3904
fgtB-34	77000	page	29.3	27.9	20	3207
fgtB-34	88000	exam	36.2	34.7	38	3843
fgtB-34	88000	page	28.9	28	29	3353
incumbent-forpromote	77000	exam	55.9	55.3	58	2865
incumbent-forpromote	77000	page	53	52.5	38	2964
incumbent-forpromote	88000	exam	57.2	57	78	2885
incumbent-forpromote	88000	page	53.8	53.7	40	2967
rwd0-36	77000	exam	23	22.1	3	3671
rwd0-36	77000	page	22.8	22	4	2986
rwd0-36	88000	exam	23.3	22.8	4	3664
rwd0-36	88000	page	21.1	20	4	3022
v14-114	77000	exam	51.3	50.4	222	4024
v14-114	77000	page	52.7	52.2	188	3856
v14-114	88000	exam	53.9	52.6	245	4059
v14-114	88000	page	49.7	49.4	192	4002
v7aim3-93	77000	exam	36.2	35.6	176	2803
v7aim3-93	77000	page	35.3	35.3	105	2931
v7aim3-93	88000	exam	34.9	34.3	181	2943
v7aim3-93	88000	page	35.5	35.5	124	2974
v7bead1-82	77000	exam	46.4	46	33	2890
v7bead1-82	77000	page	47	46.9	22	3043
v7bead1-82	88000	exam	49.1	49	39	2916
v7bead1-82	88000	page	47.2	47	28	3002
v7bead2-82	77000	exam	57.6	57.2	29	2775
v7bead2-82	77000	page	53.2	53.1	27	2954
v7bead2-82	88000	exam	57.9	57.6	25	2852
v7bead2-82	88000	page	54.2	54.2	33	2982
v7beadseed-82	77000	exam	61.7	60.7	172	3028
v7beadseed-82	77000	page	57.9	57.6	72	3032
v7beadseed-82	88000	exam	62.4	61.7	173	3089
v7beadseed-82	88000	page	59.5	58.7	57	3034
v7divK2b-82	77000	exam	48.1	46.9	382	3936
v7divK2b-82	77000	page	50	49	198	3944
v7divK2b-82	88000	exam	50.5	48.7	372	4039
v7divK2b-82	88000	page	49.5	48.1	194	3981
v7l2s-91	77000	exam	54.2	53.9	0	2802
v7l2s-91	77000	page	53.2	52.6	0	3005
v7l2s-91	88000	exam	52	51.4	0	2851
v7l2s-91	88000	page	50.8	50.1	0	2932
v7n1-93	77000	exam	43.9	43.7	86	2836
v7n1-93	77000	page	49.2	49.1	46	2971
v7n1-93	88000	exam	46.1	46	102	2888
v7n1-93	88000	page	48.4	48.3	51	3046
v7new3-93	77000	exam	49.7	48.6	0	2995
v7new3-93	77000	page	49.6	48.5	0	3207
v7new3-93	88000	exam	52.4	51	0	2989
v7new3-93	88000	page	49.3	48.5	0	3027
v7new5_01-93	77000	exam	46.5	45.2	0	3143
v7new5_01-93	77000	page	47	45.8	0	3383
v7new5_01-93	88000	exam	48.3	46.5	0	3351
v7new5_01-93	88000	page	45	44.2	0	3290
v7press3-91	77000	exam	57	56.4	44	3035
v7press3-91	77000	page	54.2	53.6	57	3224
v7press3-91	88000	exam	57.5	57.1	48	3031
v7press3-91	88000	page	55.8	55.5	53	3197
v7stock1-92	77000	exam	54.1	53.2	0	2734
v7stock1-92	77000	page	52.6	52.1	0	2833
v7stock1-92	88000	exam	56.3	55	0	2780
v7stock1-92	88000	page	53.9	53.5	0	2808
v7sub1-81	77000	exam	42.2	41.2	0	2813
v7sub1-81	77000	page	44.8	44.2	0	2894
v7sub1-81	88000	exam	43.3	42.4	0	2940
v7sub1-81	88000	page	42.7	42.4	0	3004
v7t2-82	77000	exam	48.8	47.9	179	3310
v7t2-82	77000	page	49.8	49.2	113	3331
v7t2-82	88000	exam	49.1	48.5	171	3421
v7t2-82	88000	page	46	45.2	104	3506
v7tgt2-52	77000	exam	45	44.7	7	2501
v7tgt2-52	77000	page	42.2	42	9	2667
v7tgt2-52	88000	exam	42.2	42	6	2526
v7tgt2-52	88000	page	41.6	41.5	11	2727
v7new5_005-31	77000	exam	44.9	44.5	0	2756
v7new5_005-31	77000	page	45.3	45	0	2924
v7new5_005-31	88000	exam	46.4	45.5	0	2839
v7new5_005-31	88000	page	41	41	0	2963
v7new6-96	77000	exam	46.9	46.4	1630	4203
v7new6-96	77000	page	44.8	44.3	896	4405
v7new6-96	88000	exam	51.5	50.8	1821	4321
v7new6-96	88000	page	45.6	45.5	909	4476
v7wall-33	77000	exam	42.2	41.6	2	2762
v7wall-33	77000	page	41.3	41	6	3014
v7wall-33	88000	exam	44.2	43.7	4	2802
v7wall-33	88000	page	43.7	42.9	5	2948
v7press-36	77000	exam	40	37.9	142	2905
v7press-36	77000	page	40	37.8	96	3046
v7press-36	88000	exam	41	38.8	80	2821
v7press-36	88000	page	41.3	38.4	107	3044
eco-34	77000	exam	41.2	39.4	14	4023
eco-34	77000	page	31.8	31	2	3278
eco-34	88000	exam	40.2	38.5	22	4077
eco-34	88000	page	33.2	32.5	2	3199
v7seat24-31	77000	exam	38.2	37.7	120	3629
v7seat24-31	77000	page	39.8	39.1	103	3696
v7seat24-31	88000	exam	41.3	40.8	130	3698
v7seat24-31	88000	page	40.6	40.1	104	3719
v7wall-31	77000	exam	53.5	53.4	138	3335
v7wall-31	77000	page	50.9	50.6	67	3424
v7wall-31	88000	exam	53.1	53	136	3294
v7wall-31	88000	page	45.4	45.2	58	3507
long-33	77000	exam	27.1	26.3	0	3949
long-33	77000	page	22	21.2	24	3185
long-33	88000	exam	29.2	28.2	0	4313
long-33	88000	page	24.5	23.9	22	3340
