id	exam	page	de	nseed	examG
SHIPPED-Ldemo	51.55	49.60	1.95	2	120
eco-34	40.30	32.35	7.95	2	120
eco2-34	30.40	28.00	2.40	2	120
eco2-35	30.05	26.05	4.00	2	120
fgtB-32	26.80	24.50	2.30	2	120
fgtB-34	35.75	28.45	7.30	2	120
incumbent-forpromote	55.60	52.95	2.65	2	120
long-33	27.85	24.55	3.30	2	120
r61fix-91	52.25	51.55	0.70	2	120
rwd0-36	21.45	20.85	0.60	2	120
v12-91	56.50	54.05	2.45	2	120
v12-95	42.60	44.80	-2.20	2	120
v13-101	46.10	47.45	-1.35	2	120
v14-111	50.00	46.40	3.60	2	120
v14-114	51.90	50.60	1.30	2	120
v15-123	52.25	50.35	1.90	2	120
v7aim3-93	35.05	35.75	-0.70	2	120
v7b-45	44.80	42.15	2.65	2	120
v7bead1-31	59.35	56.60	2.75	2	120
v7bead1-82	45.60	46.65	-1.05	2	120
v7bead1-93	53.10	53.30	-0.20	2	120
v7bead100-31	53.05	54.00	-0.95	2	120
v7bead100-82	56.70	56.70	0.00	2	120
v7bead100-93	46.75	46.00	0.75	2	120
v7bead15-31	50.65	49.45	1.20	2	120
v7bead2-31	54.85	53.35	1.50	2	120
v7bead2-82	57.75	52.85	4.90	2	120
v7bead2-93	53.80	50.45	3.35	2	120
v7bead25-31	44.75	45.05	-0.30	2	120
v7bead25-82	53.80	55.70	-1.90	2	120
v7bead3-31	51.10	48.25	2.85	2	120
v7bead3-82	43.05	42.60	0.45	2	120
v7beadseed-31	48.65	47.30	1.35	2	120
v7beadseed-82	62.15	58.60	3.55	2	120
v7beadseed-93	57.55	55.00	2.55	2	120
v7blk1-31	54.80	52.85	1.95	2	120
v7clear2-81	42.70	42.20	0.50	2	120
v7cmin3-31	46.35	44.05	2.30	2	120
v7cmin3-93	46.90	49.50	-2.60	2	120
v7cmin4-31	55.60	52.95	2.65	2	120
v7cmin4-82	48.30	50.05	-1.75	2	120
v7cur2-82	43.90	46.90	-3.00	2	120
v7cur3-31	52.35	52.75	-0.40	2	120
v7cur3-82	50.65	52.15	-1.50	2	120
v7cur3-93	52.50	50.65	1.85	2	120
v7divK2-81	50.60	48.60	2.00	2	120
v7divK2b-82	50.85	49.20	1.65	2	120
v7f2b-31	57.45	55.10	2.35	2	120
v7f2t-92	53.10	49.40	3.70	2	120
v7f3-94	32.15	34.00	-1.85	2	120
v7f35b-94	49.60	48.10	1.50	2	120
v7f5b-96	50.65	48.70	1.95	2	120
v7f5div3-81	46.15	48.50	-2.35	2	120
v7f5div3-93	55.25	53.75	1.50	2	120
v7fix1-82	42.75	42.85	-0.10	2	120
v7force-34	48.60	47.40	1.20	2	120
v7force2-35	45.00	43.30	1.70	2	120
v7gf1-91	45.15	46.15	-1.00	2	120
v7gf1-93	47.95	47.35	0.60	2	120
v7iso1-81	45.00	45.10	-0.10	2	120
v7l2c-101	46.80	46.80	0.00	2	120
v7l2c-114	54.30	52.70	1.60	2	120
v7l2c-143	55.60	55.90	-0.30	2	120
v7l2c-82	55.35	56.40	-1.05	2	120
v7l2f-141	48.10	46.80	1.30	2	120
v7l2h-93	48.05	49.65	-1.60	2	120
v7l2o-91	51.20	51.55	-0.35	2	120
v7l2o-93	45.35	44.90	0.45	2	120
v7l2s-91	52.85	52.15	0.70	2	120
v7l2s-93	50.15	46.80	3.35	2	120
v7m2_noEffects-31	41.80	44.40	-2.60	2	120
v7m2_noEffects-32	41.80	44.40	-2.60	2	120
v7m2_noTarget-36	41.80	44.40	-2.60	2	120
v7n1-93	44.75	47.10	-2.35	2	120
v7new1-31	54.65	51.95	2.70	2	120
v7new2-93	50.45	49.65	0.80	2	120
v7new3-93	50.45	49.65	0.80	2	120
v7new5_005-31	45.50	44.95	0.55	2	120
v7new5_005-81	48.20	47.70	0.50	2	120
v7new5_01-81	52.00	49.10	2.90	2	120
v7new5_01-92	52.90	52.15	0.75	2	120
v7new5_01-93	46.60	45.60	1.00	2	120
v7new6-94	49.20	47.55	1.65	2	120
v7new6-96	48.20	45.05	3.15	2	120
v7press-36	40.05	39.50	0.55	2	120
v7press3-81	57.00	57.10	-0.10	2	120
v7press3-91	55.90	55.05	0.85	2	120
v7protoE-82	48.35	49.05	-0.70	2	120
v7r2-35	45.00	43.30	1.70	2	120
v7rand-32	50.60	48.90	1.70	2	120
v7ringB1-81	43.95	45.90	-1.95	2	120
v7ringB1-93	45.55	43.20	2.35	2	120
v7role1-81	53.65	51.95	1.70	2	120
v7role1-91	45.25	44.05	1.20	2	120
v7role1w-91	49.85	49.40	0.45	2	120
v7s8-31	51.65	51.55	0.10	2	120
v7s8-82	57.75	56.95	0.80	2	120
v7s9-82	58.40	58.70	-0.30	2	120
v7s9-93	52.05	52.25	-0.20	2	120
v7salt-31	47.15	46.80	0.35	2	120
v7seat24-31	39.80	40.60	-0.80	2	120
v7stock1-92	54.45	54.55	-0.10	2	120
v7sub1-81	44.85	43.60	1.25	2	120
v7sub1-82	50.35	50.50	-0.15	2	120
v7t1-93	50.85	49.90	0.95	2	120
v7t2-31	49.70	46.70	3.00	2	120
v7t2-82	48.80	48.15	0.65	2	120
v7t2-93	54.65	52.25	2.40	2	120
v7tgt2-52	43.45	42.00	1.45	2	120
v7tgt4-62	50.80	52.15	-1.35	2	120
v7tgt4-66	47.00	44.95	2.05	2	120
v7u1-82	45.60	46.65	-1.05	2	120
v7u1-93	57.85	57.55	0.30	2	120
v7w3c-82	50.85	49.20	1.65	2	120
v7w3r1-82	51.35	52.05	-0.70	2	120
v7wall-31	51.65	48.75	2.90	2	120
v7wall-33	42.20	42.00	0.20	2	120
v7wall1-93	39.50	40.70	-1.20	2	120
v7wall2-97	43.65	42.00	1.65	2	120
v7ws1-81	57.00	57.10	-0.10	2	120
v7ws1-91	55.90	55.05	0.85	2	120
