id	exam	page	d	hp_old	sec	examG
fgtA-35	27.20	24.80	2.40	27.20	16.5	120
eco-35	28.90	26.60	2.30	30.80	16.8	120
eco-31	29.10	25.10	4.00	29.10	17.1	120
eco2-35	29.50	25.90	3.60	31.80	17.4	120
fstA-32	19.80	17.70	2.10	17.80	17.4	120
fgtB-32	26.80	24.80	2.00	26.30	17.5	120
def-34	34.40	28.30	6.10	35.30	17.5	120
fgtB-35	36.70	27.20	9.50	31.70	17.9	120
def-31	30.60	26.40	4.20	28.80	17.9	120
eco2-32	30.80	26.10	4.70	29.50	18.4	120
fgtA-32	32.70	27.30	5.40	30.50	19.1	120
eco-34-v7	50.50	50.90	-0.40	51.30	21.8	120
mix-34	10.30	10.70	-0.40	10.30	16.4	120
mix-31	30.20	25.50	4.70	29.00	17.5	120
fstA-35	28.50	26.40	2.10	31.70	18.2	120
r61fix-91	53.20	51.30	1.90	50.20	17.9	120
rwd0-34	20.80	20.50	0.30	21.50	16.5	120
rwd0-31	34.60	28.90	5.70	35.20	17.1	120
sty-35	9.50	10.30	-0.80	9.20	16.4	120
r61fix-31	56.40	56.70	-0.30	57.00	20.1	120
seedtest2-31	35.90	37.60	-1.70	35.30	19.5	120
sty-32	27.00	27.60	-0.60	26.70	20.5	120
v11-61	49.60	46.30	3.30	46.70	21.7	120
v11-64	50.10	47.10	3.00	47.70	21.6	120
v11-74	53.40	53.10	0.30	53.10	17.7	120
v12-93	32.50	31.00	1.50	29.30	17.2	120
v12-31	43.10	43.20	-0.10	45.20	18.2	120
v12-86	48.00	49.30	-1.30	47.80	18.6	120
v11-71	45.30	45.50	-0.20	45.10	20.5	120
v12-83	37.20	36.70	0.50	37.00	20.7	120
v13-106	55.50	52.00	3.50	54.60	19.7	120
v12-96	53.10	52.40	0.70	52.60	21.4	120
v14-112	40.40	38.30	2.10	41.40	19.2	120
v15-121	50.70	49.80	0.90	47.80	19.4	120
v14-115	47.40	45.70	1.70	47.00	19.5	120
v13-103	48.00	48.30	-0.30	45.00	23.5	120
v15-124	51.00	51.90	-0.90	49.60	16.9	120
v16-133	25.90	26.00	-0.10	28.10	15.8	120
v16-136	57.50	55.70	1.80	57.70	15.9	120
v15-31	56.10	54.40	1.70	54.00	17.5	120
v7a-34	29.60	31.50	-1.90	29.90	15.3	120
v17-142	42.70	44.30	-1.60	41.00	19.6	120
v7a-31	34.60	35.00	-0.40	33.20	17.2	120
v17-145	55.40	54.60	0.80	53.90	20.4	120
v7aim1-31	51.10	53.80	-2.70	49.50	18.4	120
v7aim1f-31	41.00	44.00	-3.00	39.70	17.8	120
v7aim1-91	37.90	37.10	0.80	36.50	18.4	120
v7aim2-31	43.10	43.00	0.10	43.80	19.8	120
v7anneal-34	30.30	34.30	-4.00	31.40	15.8	120
v7b-31	34.60	35.00	-0.40	33.20	16.9	120
v7b-39	44.10	46.50	-2.40	43.20	16.7	120
v7aim3-31	45.00	44.00	1.00	46.60	21.5	120
v7b-48	40.20	39.20	1.00	41.00	18.8	120
v7bead1-93	53.30	53.60	-0.30	53.10	17.8	120
v7bead100-93	46.50	46.50	0.00	49.70	16.2	120
v7b-42	48.80	49.50	-0.70	45.10	21.9	120
v7bead15-93	55.30	55.90	-0.60	55.90	17.2	120
v7bead2-93	53.90	49.90	4.00	53.40	18.1	120
v7b-45	45.50	41.60	3.90	45.00	22.7	120
v7bead25-93	64.90	61.50	3.40	64.60	16.3	120
v7beadseed-93	57.00	55.40	1.60	57.00	17.4	120
v7bead3-93	42.80	44.20	-1.40	42.90	19.4	120
v7big1-82	55.30	53.60	1.70	55.60	20.4	120
v7big1-93	46.70	47.70	-1.00	45.40	19.4	120
v7blk1-82	58.30	58.20	0.10	56.30	16.3	120
v7c-39	44.10	46.50	-2.40	43.20	17.0	120
v7blk1-93	56.90	54.50	2.40	54.60	19.2	120
v7c-33	50.80	49.90	0.90	50.50	23.2	120
v7c-36	51.90	51.90	0.00	51.10	22.1	120
v7catE1-82	51.50	47.90	3.60	50.90	21.4	120
v7catE5-82	43.80	43.60	0.20	41.80	21.9	120
v7c-42	48.80	49.50	-0.70	45.10	23.5	120
v7cmin3-93	46.50	48.90	-2.40	48.10	21.3	120
v7clear2-82	47.80	45.50	2.30	48.60	22.3	120
v7cmin4-93	38.90	41.40	-2.50	41.00	18.6	120
v7ctrlE-82	56.10	56.40	-0.30	57.90	17.7	120
v7cur-93	33.90	32.50	1.40	33.70	19.0	120
v7cur2-93	57.80	54.40	3.40	59.00	17.0	120
v7curri1-82	59.30	57.10	2.20	60.30	17.1	120
v7curri1-93	44.00	43.40	0.60	42.10	18.4	120
v7cur3-93	53.20	51.30	1.90	52.30	20.5	120
v7curri2-82	51.90	49.90	2.00	51.80	17.7	120
v7curri2-93	47.80	47.00	0.80	46.10	18.3	120
v7d-33	50.80	49.90	0.90	50.50	21.1	120
v7divK-31	52.10	50.40	1.70	51.30	17.3	120
v7densE-31	49.70	49.60	0.10	49.40	18.4	120
v7d-36	51.90	51.90	0.00	51.10	21.7	120
v7divK2-81	50.90	49.00	1.90	53.00	19.5	120
v7f-35	47.00	42.60	4.40	46.20	16.0	120
v7expo-32	50.20	49.70	0.50	50.30	18.4	120
v7f2b-81	45.50	45.40	0.10	47.00	18.1	120
v7f3-93	42.50	40.90	1.60	41.30	19.4	120
v7f2t-92	52.60	49.10	3.50	53.00	20.3	120
v7f35b-94	49.70	48.20	1.50	48.30	19.0	120
v7f2t-81	47.70	49.70	-2.00	46.00	21.4	120
v7f35b-97	56.20	55.50	0.70	53.80	20.7	120
v7f35t-91	52.60	51.80	0.80	51.50	18.2	120
v7f35t-31	55.10	54.50	0.60	55.90	19.7	120
v7f5b-96	51.00	48.10	2.90	50.20	18.2	120
v7f5b-31	45.20	43.50	1.70	45.00	20.1	120
v7f5div3-82	50.80	50.30	0.50	47.80	19.1	120
v7f5b-99	48.30	49.40	-1.10	49.60	19.7	120
v7f5div3-93	56.40	54.20	2.20	54.20	17.6	120
v7fix1-82	42.80	42.60	0.20	43.90	18.9	120
v7f5t-82	53.00	53.60	-0.60	52.70	20.7	120
v7f5t-93	49.10	49.40	-0.30	47.50	21.5	120
v7fix-32	39.20	40.50	-1.30	36.40	22.1	120
v7gf1-92	42.30	44.10	-1.80	42.40	18.0	120
v7gf1-81	47.10	47.10	0.00	47.30	20.0	120
v7iso1-81	45.60	45.60	0.00	45.50	17.7	120
v7l2c-101	46.50	46.80	-0.30	47.00	17.2	120
v7iso1-92	47.00	44.60	2.40	45.70	18.4	120
v7force2-35	44.60	43.50	1.10	43.20	21.3	120
v7fix1-93	41.50	35.90	5.60	42.60	24.6	120
v7l2c-111	43.50	47.90	-4.40	42.90	18.3	120
v7l2c-147	49.70	48.30	1.40	48.40	15.6	120
v7l2c-144	51.90	52.20	-0.30	51.00	16.9	120
v7l2c-141	50.10	50.90	-0.80	50.50	21.0	120
v7l2c-150	40.20	41.80	-1.60	40.10	20.8	120
v7l2f-143	43.10	40.70	2.40	45.60	18.3	120
v7l2c-93	58.70	57.60	1.10	56.60	19.3	120
v7l2f-149	51.30	49.50	1.80	49.70	18.8	120
v7l2f-146	55.20	52.80	2.40	51.00	18.9	120
v7l2f-106	40.50	40.50	0.00	40.00	20.5	120
v7l2c-31	51.50	50.50	1.00	50.20	21.7	120
v7l2f-82	49.60	45.40	4.20	47.40	17.6	120
v7l2f-152	51.40	53.90	-2.50	51.10	18.7	120
v7l2h-91	50.40	51.90	-1.50	51.70	18.1	120
v7l2o-92	47.00	45.40	1.60	42.50	19.6	120
v7l2s-115	42.30	43.30	-1.00	42.10	21.1	120
v7l2s-93	50.30	46.00	4.30	48.10	21.2	120
v7m2_noBead-33	26.00	27.30	-1.30	26.20	17.6	120
v7l7-33	35.90	37.60	-1.70	35.30	20.6	120
v7m2_noBead-36	26.00	27.30	-1.30	26.20	17.2	120
v7l7-36	35.90	37.60	-1.70	35.30	20.3	120
v7l7-43	35.90	37.60	-1.70	35.30	20.4	120
v7l7-46	35.90	37.60	-1.70	35.30	20.5	120
v7m2_noEffects-33	39.70	39.70	0.00	42.00	17.9	120
v7m2_noEffects-36	39.70	39.70	0.00	42.00	17.9	120
v7m2_noTarget-33	26.00	27.30	-1.30	26.20	18.2	120
v7m2_noTarget-36	41.10	44.90	-3.80	44.00	24.1	120
v7n1-31	56.20	54.60	1.60	55.10	21.9	120
v7new1-31	55.30	51.50	3.80	54.10	23.4	120
v7new1-91	52.90	52.70	0.20	52.50	23.6	120
v7new3-31	47.90	48.00	-0.10	46.50	23.3	120
v7new2-91	46.20	46.20	0.00	46.20	23.6	120
v7new2-31	37.40	37.80	-0.40	40.00	24.5	120
v7new3-91	46.20	46.20	0.00	46.20	23.9	120
v7new5_005-31	45.60	44.50	1.10	44.90	22.0	120
v7new4-31	47.50	46.50	1.00	49.00	25.3	120
v7new4-91	47.40	42.00	5.40	44.90	25.7	120
v7new5_005-91	47.80	46.10	1.70	48.10	25.6	120
v7new5_01-31	51.20	48.80	2.40	53.40	23.0	120
v7new5_01-91	38.20	42.40	-4.20	36.20	22.6	120
v7new6-31	45.60	44.50	1.10	44.90	21.7	120
v7phase-33	61.20	57.60	3.60	59.60	20.6	120
v7new6-99	60.50	54.70	5.80	59.80	21.9	120
v7noteach1-82	40.60	44.10	-3.50	39.90	22.7	120
v7phase-36	35.90	37.60	-1.70	35.30	22.6	120
v7press1-92	47.30	49.40	-2.10	47.30	20.4	120
v7new6-96	47.80	45.00	2.80	46.90	26.2	120
v7press1-81	46.30	45.60	0.70	44.30	22.6	120
v7noteach1-93	43.30	39.50	3.80	43.20	26.2	120
v7press2-81	51.30	49.50	1.80	48.70	20.6	120
v7press2-92	55.10	53.00	2.10	53.80	18.5	120
v7press3-81	57.40	57.40	0.00	59.30	17.4	120
v7press3-92	53.50	51.50	2.00	53.20	18.7	120
v7protoE-81	50.60	47.30	3.30	52.10	19.1	120
v7r3-45	60.00	56.50	3.50	58.60	18.7	120
v7rand-32	50.70	48.30	2.40	50.50	20.1	120
v7ringA1-31	56.30	53.60	2.70	54.70	20.6	120
v7rand-35	47.70	45.20	2.50	46.50	24.0	120
v7ringA1-91	51.50	49.80	1.70	53.80	21.0	120
v7rb1-82	49.90	47.70	2.20	51.00	23.4	120
v7ringB1-31	48.20	48.60	-0.40	47.20	21.5	120
v7rb2-82	50.00	50.00	0.00	50.30	25.6	120
v7ringT-31	44.00	47.30	-3.30	43.50	21.2	120
v7ringB1-91	58.30	55.00	3.30	54.30	21.8	120
v7ringT-91	42.70	48.40	-5.70	43.50	19.0	120
v7ringT2-91	42.70	48.40	-5.70	43.50	18.4	120
v7ringT2-31	44.00	47.30	-3.30	43.50	19.1	120
v7ringT3-31	56.10	53.10	3.00	54.50	17.1	120
v7role1-31	50.40	50.90	-0.50	52.20	17.7	120
v7ringT3-91	49.90	49.50	0.40	48.60	18.1	120
v7role1-91	45.40	43.80	1.60	44.60	17.4	120
v7role12-31	50.40	50.90	-0.50	52.20	18.0	120
v7role12-96	50.50	49.20	1.30	49.90	17.9	120
v7role5-82	46.70	50.30	-3.60	46.20	20.1	120
v7role5-93	45.40	45.00	0.40	45.90	17.5	120
v7role1w-82	44.40	43.30	1.10	45.00	22.1	120
v7role1w-93	44.10	45.30	-1.20	41.40	22.0	120
v7roleC-82	56.10	56.40	-0.30	57.90	17.0	120
v7roleC-93	55.30	52.40	2.90	55.10	18.8	120
v7roleC2-95	54.50	51.60	2.90	52.70	18.5	120
v7s5-82	55.90	54.60	1.30	56.50	19.6	120
v7s7-82	61.00	56.50	4.50	58.40	19.5	120
v7s8-82	56.90	55.80	1.10	57.40	17.6	120
v7s6-82	45.00	46.40	-1.40	44.30	20.3	120
v7s4-82	57.10	55.50	1.60	60.00	20.6	120
v7s9-82	58.50	57.90	0.60	57.80	23.0	120
v7salt-32	61.20	57.60	3.60	59.60	23.9	120
v7salt-35	61.20	57.60	3.60	59.60	23.4	120
v7seat2-45	47.60	49.30	-1.70	47.40	26.7	120
v7seat2-49	26.20	25.80	0.40	26.10	28.9	120
v7seat24-81	44.40	50.80	-6.40	42.90	27.7	120
v7seat24b-91	48.80	48.10	0.70	50.00	29.8	120
v7stock1-93	43.20	44.30	-1.10	42.10	24.9	120
v7stock2-82	62.50	59.50	3.00	61.10	25.2	120
v7smoke-31	42.20	45.10	-2.90	42.30	26.6	120
v7stock1-82	37.70	36.40	1.30	37.90	26.0	120
v7stock2-93	57.50	59.20	-1.70	56.00	25.9	120
v7sub1-82	50.20	50.50	-0.30	50.00	22.1	120
v7t1-93	50.60	50.80	-0.20	52.00	21.3	120
v7sub1-93	59.10	55.10	4.00	57.90	22.5	120
v7t2-93	55.30	51.30	4.00	55.20	19.7	120
v7tgt-44	47.10	46.20	0.90	45.90	22.8	120
v7tgt4-64	60.40	57.10	3.30	60.00	20.0	120
v7teach-35	26.90	33.90	-7.00	26.30	24.6	120
v7tgt5-62	63.20	59.70	3.50	63.00	22.1	120
v7tgt3-31	48.10	44.80	3.30	44.30	23.4	120
v7u1-82	45.10	46.20	-1.10	46.40	22.7	120
v7w3c-81	53.20	53.20	0.00	51.60	23.2	120
v7w3c-92	55.60	57.80	-2.20	53.20	25.7	120
v7w3r1-92	55.50	54.00	1.50	57.90	22.7	120
v7w3r1-81	57.60	55.40	2.20	57.20	26.8	120
v7wall-33	42.50	42.50	0.00	42.20	23.7	120
v7wall1-31	42.40	45.70	-3.30	43.00	23.8	120
v7ws1-82	62.50	59.10	3.40	61.30	16.4	120
v7wall2-99	45.40	44.80	0.60	46.70	17.3	120
v7ws2-82	62.80	59.70	3.10	62.40	16.7	120
v7wall1-91	53.10	53.30	-0.20	51.00	19.2	120
v7ws1-93	44.50	43.40	1.10	45.10	18.4	120
v7wall2-31	42.40	45.70	-3.30	43.00	20.0	120
v7wall2-96	57.80	53.80	4.00	55.00	20.5	120
v9-42	52.60	53.00	-0.40	50.50	18.2	120
v7ws2-93	50.20	45.50	4.70	51.00	23.2	120
v9-32	44.60	43.90	0.70	44.60	22.5	120
v9-35	35.90	37.60	-1.70	35.30	21.0	120
v9-45	53.80	53.40	0.40	52.90	22.7	120
eco-32	26.70	24.50	2.20	24.70	19.5	120
SHIPPED-Ldemo	51.30	48.90	2.40	55.40	24.1	120
def-35	23.60	18.10	5.50	21.30	24.1	120
eco-36	31.10	28.90	2.20	33.20	23.1	120
def-32	34.40	27.90	6.50	32.40	24.4	120
eco2-33	29.70	25.50	4.20	28.60	22.6	120
eco-34-v7c	40.00	32.70	7.30	41.20	27.7	120
fgtB-33	27.40	28.90	-1.50	29.00	20.6	120
fgtA-33	30.60	27.30	3.30	30.10	23.1	120
fgtA-36	23.80	20.10	3.70	23.90	23.4	120
eco2-36	31.30	27.20	4.10	30.50	26.0	120
fgtB-36	30.50	29.20	1.30	33.70	21.0	120
fstA-36	28.80	27.10	1.70	31.60	19.4	120
fstA-33	21.30	18.70	2.60	18.20	24.1	120
r61fix-92	46.50	46.80	-0.30	47.50	21.9	120
mix-35	28.40	24.50	3.90	28.90	23.9	120
r61fix-81	54.10	56.20	-2.10	55.10	25.8	120
mix-32	28.90	24.70	4.20	28.40	26.0	120
rwd0-32	26.30	24.20	2.10	25.30	26.7	120
sty-36	16.00	15.30	0.70	16.40	22.6	120
rwd0-35	31.60	28.70	2.90	32.40	26.2	120
sty-33	26.80	24.60	2.20	26.40	23.8	120
seedtest2-41	39.20	40.50	-1.30	36.40	27.9	120
v11-62	53.60	53.20	0.40	54.00	26.3	120
v11-65	46.00	44.70	1.30	49.10	25.2	120
v11-72	46.90	46.50	0.40	47.30	21.2	120
v12-91	57.10	53.60	3.50	56.70	21.8	120
v12-81	49.00	47.50	1.50	50.30	26.1	120
v11-75	52.00	51.00	1.00	51.40	28.7	120
v12-84	54.40	52.90	1.50	52.60	26.4	120
v14-113	31.00	29.00	2.00	31.10	22.1	120
v13-104	47.90	46.30	1.60	47.20	24.3	120
v13-31	46.10	45.20	0.90	45.20	26.5	120
v12-94	50.00	48.80	1.20	47.90	28.2	120
v13-101	46.10	47.60	-1.50	45.10	28.2	120
v14-116	56.90	55.30	1.60	56.10	26.6	120
v15-125	58.90	57.20	1.70	57.10	25.7	120
v15-122	60.70	55.50	5.20	57.40	27.4	120
v16-131	20.20	22.60	-2.40	18.70	22.0	120
v16-31	56.10	54.40	1.70	54.00	23.8	120
v16-134	51.30	47.20	4.10	52.50	26.6	120
v17-146	55.80	56.70	-0.90	55.70	25.0	120
v17-143	57.70	54.50	3.20	57.40	30.4	120
v7a-35	47.00	42.60	4.40	46.20	23.1	120
v7a-32	32.20	35.10	-2.90	30.70	25.8	120
v7aim1-92	56.70	54.90	1.80	53.30	23.6	120
v7aim1-81	48.20	45.50	2.70	48.10	32.3	120
v7aim1f-82	39.80	39.60	0.20	39.90	31.4	120
v7aim3-82	36.40	35.70	0.70	36.30	29.1	120
v7attr-31	53.40	52.00	1.40	53.00	27.8	120
v7aim2-82	37.20	31.40	5.80	37.90	30.8	120
v7b-37	36.50	35.00	1.50	36.50	23.2	120
v7b-40	31.50	33.40	-1.90	33.60	22.2	120
v7b-43	37.90	36.70	1.20	40.70	22.9	120
v7b-46	33.50	33.00	0.50	33.70	23.5	120
v7bead1-31	59.60	55.90	3.70	57.40	23.5	120
v7bead100-31	53.90	53.80	0.10	54.30	24.5	120
v7bead15-31	51.30	49.50	1.80	51.80	27.2	120
v7bead2-31	55.00	53.00	2.00	54.50	25.0	120
v7bead25-31	44.80	44.40	0.40	45.90	21.2	120
v7beadseed-31	48.10	48.40	-0.30	48.20	22.2	120
v7bead3-31	50.40	47.80	2.60	51.90	23.5	120
v7blk1-31	55.20	52.50	2.70	55.20	21.6	120
v7big1-31	52.80	52.50	0.30	51.40	23.3	120
v7c-34	29.60	31.50	-1.90	29.90	19.5	120
v7big1-91	47.90	48.80	-0.90	47.10	27.2	120
v7c-31	34.60	35.00	-0.40	33.20	20.7	120
v7c-37	36.50	35.00	1.50	36.50	19.6	120
v7c-40	31.50	33.40	-1.90	33.60	17.6	120
v7blk1-91	49.00	45.20	3.80	48.30	25.6	120
v7catE1-31	39.90	45.00	-5.10	41.20	19.0	120
v7cmin3-31	46.50	44.10	2.40	46.30	16.5	120
v7cmin4-31	56.00	52.70	3.30	55.90	18.0	120
v7catE5-31	45.70	48.00	-2.30	45.40	20.1	120
v7clear2-31	38.80	38.70	0.10	38.40	21.2	120
v7ctrlE-31	44.00	47.30	-3.30	43.50	19.7	120
v7cur-31	38.90	42.20	-3.30	35.20	18.9	120
v7cur2-31	41.30	41.20	0.10	41.60	19.9	120
v7curri1-91	45.00	43.80	1.20	44.70	18.8	120
v7curri1-31	49.20	47.40	1.80	46.80	21.1	120
v7cur3-31	53.60	52.80	0.80	52.60	21.4	120
v7curri2-31	52.00	48.90	3.10	50.50	18.5	120
v7curri2-91	55.50	54.00	1.50	54.40	17.2	120
v7d-34	29.60	31.50	-1.90	29.90	15.7	120
v7d-31	34.60	35.00	-0.40	33.20	17.5	120
v7densE-81	34.30	35.30	-1.00	35.30	16.4	120
v7d-41	52.00	48.60	3.40	51.90	19.8	120
v7divK-81	52.20	54.90	-2.70	51.90	19.8	120
v7divK2-82	40.30	39.40	0.90	41.90	18.3	120
v7f2-31	53.20	51.30	1.90	51.70	16.9	120
v7f2b-82	51.50	49.60	1.90	53.00	17.2	120
v7f2t-82	52.80	53.30	-0.50	53.20	19.2	120
v7expo-33	46.90	46.40	0.50	46.40	22.3	120
v7f2t-93	48.10	49.10	-1.00	48.60	19.5	120
v7f3-94	31.60	34.00	-2.40	31.00	16.3	120
v7f35b-95	43.40	43.30	0.10	43.60	18.0	120
v7f35b-98	59.70	57.60	2.10	59.40	18.1	120
v7f35t-81	48.30	48.70	-0.40	46.00	20.6	120
v7f5b-94	57.50	54.80	2.70	57.30	17.6	120
v7f35t-92	51.90	55.30	-3.40	52.00	19.3	120
v7f5div3-31	41.30	40.90	0.40	39.60	17.8	120
v7f5b-97	34.80	36.40	-1.60	35.40	18.8	120
v7f5div3-91	53.00	53.20	-0.20	56.60	21.2	120
v7f5t-31	45.20	43.50	1.70	45.00	20.7	120
v7f5t-91	52.30	47.60	4.70	50.70	19.8	120
v7f80-35	41.90	41.50	0.40	41.10	22.8	120
v7fix1-31	56.60	54.00	2.60	53.70	22.6	120
v7force-32	29.60	33.00	-3.40	28.50	20.0	120
v7fix1-91	37.50	40.80	-3.30	37.80	24.8	120
v7g-35	34.80	36.60	-1.80	35.60	22.3	120
v7gf1-82	42.00	41.60	0.40	42.20	24.5	120
v7gf1-93	47.90	47.60	0.30	49.60	26.0	120
v7iso1-82	60.10	55.80	4.30	57.80	26.1	120
v7iso1-93	45.50	47.00	-1.50	47.50	29.1	120
v7l2c-102	47.90	46.50	1.40	47.00	25.7	120
v7l2c-114	54.00	53.40	0.60	52.30	27.0	120
v7l2c-142	43.20	45.00	-1.80	43.80	28.2	120
v7l2c-148	57.80	53.50	4.30	55.70	24.9	120
v7l2c-145	56.40	56.30	0.10	54.70	25.6	120
v7l2c-151	49.00	50.20	-1.20	49.80	25.3	120
v7l2f-101	30.10	32.90	-2.80	30.40	23.1	120
v7l2c-82	55.40	56.80	-1.40	54.00	26.6	120
v7l2f-141	48.00	47.10	0.90	45.70	25.5	120
v7l2f-147	31.00	33.30	-2.30	33.00	23.2	120
v7l2f-144	32.90	34.00	-1.10	32.20	25.3	120
v7l2f-31	31.60	33.50	-1.90	32.10	24.1	120
v7l2f-150	43.10	41.70	1.40	44.10	27.8	120
v7l2h-106	45.10	44.50	0.60	47.40	26.7	120
v7l2o-93	45.00	44.50	0.50	42.50	22.8	120
v7l2h-93	48.90	50.00	-1.10	47.60	26.1	120
v7l7-31	35.90	37.60	-1.70	35.30	26.2	120
v7l2s-82	54.40	54.00	0.40	57.10	26.6	120
v7l7-34	35.90	37.60	-1.70	35.30	25.7	120
v7l7-41	35.90	37.60	-1.70	35.30	25.7	120
v7m2_noBead-34	26.00	27.30	-1.30	26.20	21.8	120
v7l7-44	35.90	37.60	-1.70	35.30	24.9	120
v7m2_noBead-31	43.70	45.50	-1.80	42.10	24.0	120
v7m2_noEffects-34	39.70	39.70	0.00	42.00	19.9	120
v7m2_noEffects-31	41.10	44.90	-3.80	44.00	23.8	120
v7m2_noTarget-31	26.00	27.30	-1.30	26.20	18.7	120
v7m2_noTarget-34	26.00	27.30	-1.30	26.20	18.5	120
v7m_noBead-31	43.70	45.50	-1.80	42.10	21.1	120
v7new1-81	56.90	55.20	1.70	55.30	19.0	120
v7new1-92	59.40	58.30	1.10	57.50	16.7	120
v7n1-82	52.90	53.70	-0.80	51.70	19.4	120
v7new2-92	44.50	41.90	2.60	44.70	20.5	120
v7new2-81	51.30	48.80	2.50	50.60	22.4	120
v7new4-81	60.80	59.30	1.50	60.10	16.8	120
v7new3-92	44.50	41.90	2.60	44.70	20.3	120
v7new3-81	51.30	48.80	2.50	50.60	22.0	120
v7new5_005-81	48.40	48.10	0.30	46.20	16.9	120
v7new4-92	46.90	48.10	-1.20	44.70	20.3	120
v7new5_01-92	53.70	52.70	1.00	51.20	16.7	120
v7new5_005-92	46.70	45.00	1.70	49.80	22.1	120
v7new6-94	50.10	47.10	3.00	49.30	18.1	120
v7new6-97	48.30	47.70	0.60	47.10	18.3	120
v7new5_01-81	53.00	49.20	3.80	53.20	20.9	120
v7phase-31	61.20	57.60	3.60	59.60	17.0	120
v7phase-34	61.20	57.60	3.60	59.60	17.3	120
v7noteach1-91	52.20	52.80	-0.60	51.40	18.4	120
v7press-36	40.20	39.70	0.50	40.00	17.3	120
v7noteach1-31	54.60	52.30	2.30	51.40	21.7	120
v7press1-93	49.70	48.10	1.60	50.40	17.3	120
v7press1-82	42.90	45.10	-2.20	42.90	19.4	120
v7press2-82	53.20	53.10	0.10	52.00	18.1	120
v7press3-82	62.50	59.10	3.40	61.30	16.1	120
v7press3-93	44.50	43.40	1.10	45.10	18.0	120
v7press2-93	40.00	41.90	-1.90	39.90	19.3	120
v7protoE-82	48.70	48.90	-0.20	45.30	17.9	120
v7r3-46	43.00	40.50	2.50	40.60	18.8	120
v7rand-36	47.70	45.20	2.50	46.50	21.9	120
v7ringA1-92	42.10	45.80	-3.70	41.00	17.4	120
v7rand-33	47.70	45.20	2.50	46.50	22.1	120
v7ringA1-81	45.10	48.00	-2.90	41.80	17.8	120
v7rb2-92	48.80	47.80	1.00	50.80	20.4	120
v7rb1-92	42.50	39.10	3.40	41.00	23.4	120
v7ringB1-92	43.00	47.00	-4.00	40.80	17.1	120
v7ringB1-81	44.40	45.70	-1.30	43.20	18.1	120
v7ringT-81	28.40	26.50	1.90	28.20	17.6	120
v7ringT2-81	28.40	26.50	1.90	28.20	17.1	120
v7ringT-92	62.30	60.40	1.90	59.30	18.2	120
v7ringT2-92	62.30	60.40	1.90	59.30	18.1	120
v7role1-92	52.70	52.40	0.30	51.10	17.8	120
v7ringT3-81	49.70	48.70	1.00	49.20	18.4	120
v7role12-94	50.50	47.40	3.10	47.40	18.5	120
v7role1-81	53.90	50.20	3.70	54.00	20.0	120
v7role1w-31	57.00	57.40	-0.40	56.00	18.3	120
v7role5-31	46.00	46.80	-0.80	45.60	18.4	120
v7role1w-91	50.40	49.90	0.50	50.20	19.1	120
v7ringT3-92	53.10	54.30	-1.20	51.20	22.5	120
v7role5-91	50.80	49.90	0.90	50.50	19.3	120
v7roleC-91	42.70	48.40	-5.70	43.50	22.5	120
v7roleC-31	44.00	47.30	-3.30	43.50	23.4	120
v7roleC2-31	44.00	47.30	-3.30	43.50	25.6	120
v7s4-93	44.40	43.50	0.90	43.90	24.1	120
v7s6-93	45.40	45.20	0.20	42.70	22.9	120
v7salt-33	61.20	57.60	3.60	59.60	23.2	120
v7s7-93	45.50	45.90	-0.40	43.70	25.1	120
v7s8-93	44.80	43.70	1.10	43.70	25.0	120
v7s5-93	53.60	52.80	0.80	53.10	26.5	120
v7salt-36	61.20	57.60	3.60	59.60	23.5	120
v7roleC2-96	44.40	44.30	0.10	43.80	30.1	120
v7s9-93	52.30	51.90	0.40	49.80	26.8	120
v7seat2-46	46.20	42.20	4.00	45.50	27.4	120
v7seat2-51	51.90	51.50	0.40	49.40	28.2	120
v7seat24-82	53.80	52.20	1.60	55.00	26.2	120
v7stock1-31	60.70	58.20	2.50	59.30	24.3	120
v7sub1-91	48.60	45.70	2.90	47.90	24.2	120
v7sub1-31	49.40	47.30	2.10	48.10	25.0	120
v7stock2-91	52.60	51.80	0.80	51.50	25.2	120
v7t1-31	60.90	54.00	6.90	60.30	25.3	120
v7stock2-31	55.10	54.50	0.60	55.90	27.4	120
v7stock1-91	46.50	47.30	-0.80	44.30	27.5	120
v7t2-31	49.30	46.30	3.00	48.60	26.5	120
v7seat24b-92	47.30	50.00	-2.70	43.80	33.8	120
v7teach-32	23.60	23.90	-0.30	22.30	26.7	120
v7teach2-31	52.90	48.60	4.30	53.50	28.4	120
v7tgt2-31	48.10	44.80	3.30	44.30	24.7	120
v7u1-93	58.30	57.00	1.30	56.70	21.8	120
v7tgt4-62	50.60	51.80	-1.20	52.90	26.0	120
v7tgt5-64	47.90	47.10	0.80	47.10	23.8	120
v7w3r1-82	52.00	51.70	0.30	51.20	22.6	120
v7w3r1-93	51.00	50.90	0.10	50.80	24.4	120
v7w3c-93	44.80	43.80	1.00	45.00	27.0	120
v7tgt4-66	47.70	45.10	2.60	46.10	30.4	120
v7w3c-82	51.70	49.80	1.90	48.10	28.3	120
v7wall-34	41.40	43.40	-2.00	40.20	25.0	120
v7wall1-81	50.60	53.90	-3.30	51.90	24.5	120
v7wall1-92	51.40	52.00	-0.60	50.70	23.6	120
v7wall2-94	54.20	56.50	-2.30	53.90	23.1	120
v7ws1-31	53.60	54.40	-0.80	56.30	21.0	120
v7wall2-97	43.80	42.00	1.80	42.00	22.5	120
v7ws1-91	56.10	54.60	1.50	57.00	21.7	120
v7ws2-31	57.40	54.60	2.80	56.60	21.7	120
v7ws2-91	61.10	59.60	1.50	61.20	19.3	120
v8fix-35	35.90	37.60	-1.70	35.30	20.0	120
v9-43	38.10	38.80	-0.70	38.40	18.5	120
v9-36	40.00	40.50	-0.50	38.40	19.5	120
v9-33	49.30	45.80	3.50	50.70	22.9	120
def-33	34.00	26.80	7.20	35.30	17.5	120
v9-46	48.20	48.80	-0.60	47.00	20.5	120
eco2-31	19.00	17.60	1.40	19.80	14.4	120
def-36	34.00	30.20	3.80	36.00	17.5	120
eco-33	25.60	22.60	3.00	26.20	18.2	120
fgtA-31	31.10	24.70	6.40	30.40	15.0	120
eco-34	40.00	32.70	7.30	41.20	18.3	120
eco2-34	30.30	28.00	2.30	31.20	17.2	120
fgtA-34	37.30	32.40	4.90	36.10	17.4	120
fgtB-31	30.80	26.70	4.10	31.00	16.9	120
fgtB-34	35.30	28.00	7.30	35.80	18.1	120
fstA-31	24.40	22.60	1.80	23.30	16.4	120
fstA-34	29.20	25.50	3.70	29.00	16.1	120
incumbent-forpromote	56.00	52.70	3.30	55.90	17.2	120
mix-36	29.60	24.50	5.10	29.00	14.6	120
mix-33	31.40	27.60	3.80	28.70	17.3	120
r61fix-93	46.00	48.10	-2.10	43.30	17.4	120
r61fix-82	46.00	46.70	-0.70	46.50	18.1	120
rwd0-36	20.90	20.70	0.20	23.00	16.5	120
rwd0-33	37.20	30.40	6.80	37.60	18.8	120
sty-34	37.50	30.50	7.00	39.80	16.4	120
sty-31	24.40	24.10	0.30	27.10	16.9	120
v11-31	43.10	43.20	-0.10	45.20	16.5	120
v11-73	57.60	56.80	0.80	55.40	16.5	120
v11-66	41.70	41.00	0.70	41.00	17.8	120
v11-63	41.70	39.50	2.20	40.70	21.8	120
v12-82	55.00	54.00	1.00	54.40	16.6	120
v11-76	55.60	53.30	2.30	53.00	20.2	120
v12-92	58.10	54.20	3.90	58.40	16.8	120
v12-85	42.10	41.30	0.80	42.50	17.3	120
v12-95	42.80	44.80	-2.00	43.20	16.6	120
v13-102	53.40	52.50	0.90	53.60	18.6	120
v14-31	56.10	54.40	1.70	54.00	17.0	120
v14-111	50.80	46.20	4.60	51.00	19.2	120
v13-105	56.00	51.10	4.90	54.00	19.8	120
v15-123	52.10	49.90	2.20	53.00	17.9	120
v15-126	32.10	37.10	-5.00	31.70	15.6	120
v14-114	51.90	50.50	1.40	51.30	22.0	120
v16-135	34.20	33.00	1.20	35.70	17.3	120
v17-141	31.90	33.90	-2.00	30.40	19.2	120
v17-144	52.70	53.70	-1.00	55.90	20.9	120
v17-31	45.40	45.90	-0.50	41.70	20.8	120
v16-132	51.70	50.40	1.30	50.40	25.6	120
v7aim1f-93	33.90	36.10	-2.20	35.50	20.2	120
v7aim1-93	59.60	57.30	2.30	60.30	22.4	120
v7a-33	50.80	49.90	0.90	50.50	26.7	120
v7a-36	51.90	51.90	0.00	51.10	26.2	120
v7aim3-93	34.60	35.60	-1.00	36.20	23.8	120
v7aim1-82	42.00	37.70	4.30	39.80	27.2	120
v7b-38	32.00	35.30	-3.30	30.70	22.3	120
v7aim2-93	39.80	39.80	0.00	41.10	30.2	120
v7attr-33	49.30	48.50	0.80	49.80	25.5	120
v7b-44	36.00	35.40	0.60	36.20	24.8	120
v7b-47	42.10	44.40	-2.30	44.00	23.4	120
v7b-41	52.00	48.60	3.40	51.90	27.6	120
v7bead100-82	56.60	56.10	0.50	58.90	22.9	120
v7bead1-82	45.10	46.20	-1.10	46.40	24.5	120
v7bead15-82	45.70	45.60	0.10	46.20	24.7	120
v7bead2-82	57.70	53.20	4.50	57.60	24.1	120
v7bead3-82	43.10	42.40	0.70	41.00	24.3	120
v7bead25-82	53.30	54.50	-1.20	54.70	25.1	120
v7beadseed-82	62.10	58.50	3.60	61.70	25.8	120
v7big1-81	50.60	50.30	0.30	51.90	28.5	120
v7blk1-92	50.20	50.40	-0.20	49.80	26.0	120
v7c-32	32.20	35.10	-2.90	30.70	25.1	120
v7blk1-81	57.30	53.90	3.40	55.60	28.2	120
v7big1-92	35.50	29.50	6.00	34.30	34.8	120
v7c-38	32.00	35.30	-3.30	30.70	21.9	120
v7c-35	47.00	42.60	4.40	46.20	22.4	120
v7catE1-81	55.40	53.50	1.90	57.20	24.5	120
v7catE5-81	47.80	50.80	-3.00	48.20	23.9	120
v7c-41	52.00	48.60	3.40	51.90	26.3	120
v7clear2-81	43.20	41.50	1.70	40.50	24.8	120
v7cmin3-82	56.10	55.10	1.00	55.00	21.7	120
v7cmin4-82	47.90	49.60	-1.70	48.50	22.2	120
v7ctrlE-81	28.40	26.50	1.90	28.20	20.2	120
v7cur-82	24.80	25.90	-1.10	23.90	20.2	120
v7cur2-82	43.80	46.40	-2.60	45.30	20.9	120
v7curri1-92	56.00	54.90	1.10	54.40	20.0	120
v7cur3-82	50.90	52.50	-1.60	50.10	22.4	120
v7curri1-81	45.50	46.90	-1.40	46.00	23.6	120
v7curri2-81	51.10	50.60	0.50	47.40	19.5	120
v7d-35	47.00	42.60	4.40	46.20	19.0	120
v7d-32	32.20	35.10	-2.90	30.70	21.2	120
v7curri2-92	62.40	59.40	3.00	61.40	22.5	120
v7divK-82	49.70	47.90	1.80	49.30	17.1	120
v7densE-82	27.70	27.40	0.30	27.50	18.4	120
v7d-42	48.80	49.50	-0.70	45.10	22.4	120
v7expo-34	23.60	24.70	-1.10	23.50	16.9	120
v7f2b-31	57.50	54.60	2.90	56.30	16.8	120
v7f2t-31	47.70	50.50	-2.80	50.30	18.3	120
v7divK2b-82	51.70	49.80	1.90	48.10	21.8	120
v7f2t-91	46.20	44.90	1.30	45.30	17.8	120
v7f3-91	54.00	53.70	0.30	53.80	17.1	120
v7f35b-96	49.70	47.60	2.10	49.30	18.0	120
v7f35b-31	55.10	54.50	0.60	55.90	19.0	120
v7f35b-99	45.20	43.50	1.70	44.70	21.1	120
v7f35t-82	62.50	59.50	3.00	61.10	17.9	120
v7f5b-95	47.00	46.40	0.60	47.90	18.5	120
v7f35t-93	57.50	59.20	-1.70	56.00	19.4	120
v7f5b-98	54.00	54.20	-0.20	55.00	17.8	120
v7f5div3-81	46.40	48.10	-1.70	47.00	19.9	120
v7f5t-81	51.20	49.90	1.30	53.00	18.5	120
v7f5t-92	60.90	56.80	4.10	60.60	18.8	120
v7f5div3-92	43.30	44.10	-0.80	45.20	19.4	120
v7fix-31	39.20	40.50	-1.30	36.40	19.7	120
v7fix1-92	35.60	36.40	-0.80	35.00	21.9	120
v7fix1-81	57.20	53.00	4.20	55.00	22.2	120
v7force-34	48.20	46.60	1.60	48.90	20.6	120
v7iso1-91	44.80	45.80	-1.00	43.50	17.2	120
v7gf1-91	44.80	47.00	-2.20	43.90	18.3	120
v7gf1-31	40.90	37.80	3.10	41.70	20.4	120
v7iso1-31	42.80	43.50	-0.70	43.50	18.5	120
v7l2a-81	56.00	54.60	1.40	54.40	16.8	120
v7l2c-143	57.00	54.90	2.10	56.40	17.1	120
v7l2c-103	48.80	48.80	0.00	45.40	19.4	120
v7l2c-124	44.40	40.90	3.50	43.40	18.4	120
v7l2c-146	36.20	40.00	-3.80	34.50	18.5	120
v7l2c-149	51.00	48.70	2.30	50.60	19.5	120
v7l2c-152	45.70	45.20	0.50	44.90	20.2	120
v7l2f-142	35.30	34.80	0.50	36.00	18.4	120
v7l2c-91	50.40	51.90	-1.50	51.70	19.3	120
v7l2f-145	52.30	50.50	1.80	51.00	19.0	120
v7l2f-148	31.50	31.50	0.00	29.10	19.6	120
v7l2f-102	59.70	58.40	1.30	58.60	21.2	120
v7l2f-151	28.00	27.20	0.80	29.90	19.2	120
v7l2f-81	35.50	35.10	0.40	34.10	17.5	120
v7l2o-91	51.10	51.70	-0.60	51.00	17.0	120
v7l2h-81	51.70	49.70	2.00	50.20	19.3	120
v7l2s-111	45.30	44.40	0.90	45.30	18.1	120
v7l2s-91	53.90	52.00	1.90	54.20	17.7	120
v7l7-32	35.90	37.60	-1.70	35.30	20.0	120
v7m2_noBead-32	26.00	27.30	-1.30	26.20	18.2	120
v7l7-35	35.90	37.60	-1.70	35.30	20.9	120
v7m2_noBead-35	26.00	27.30	-1.30	26.20	17.7	120
v7l7-42	35.90	37.60	-1.70	35.30	20.8	120
v7l7-45	35.90	37.60	-1.70	35.30	20.9	120
v7m2_noTarget-32	26.00	27.30	-1.30	26.20	18.7	120
v7m2_noEffects-35	39.70	39.70	0.00	42.00	19.0	120
v7m2_noEffects-32	41.10	44.90	-3.80	44.00	21.8	120
v7m_noBead-32	26.00	27.30	-1.30	26.20	17.5	120
v7m2_noTarget-35	43.20	41.60	1.60	41.40	20.2	120
v7n1-93	44.00	47.30	-3.30	43.90	17.5	120
v7new2-82	41.60	40.60	1.00	44.00	18.2	120
v7new1-82	54.80	51.50	3.30	55.90	19.8	120
v7new3-82	41.60	40.60	1.00	44.00	18.3	120
v7new1-93	45.50	51.30	-5.80	44.90	19.2	120
v7new2-93	50.30	50.40	-0.10	49.70	19.2	120
v7new3-93	50.30	50.40	-0.10	49.70	19.5	120
v7new4-82	53.50	53.60	-0.10	51.80	18.5	120
v7new4-93	47.50	46.40	1.10	43.60	21.0	120
v7new5_005-82	50.20	51.20	-1.00	50.60	20.8	120
v7new5_005-93	56.70	53.00	3.70	56.90	19.6	120
v7new5_01-82	38.30	43.00	-4.70	37.00	19.0	120
v7new5_01-93	47.00	45.10	1.90	46.50	20.0	120
v7phase-32	61.20	57.60	3.60	59.60	17.5	120
v7noteach1-81	56.00	55.40	0.60	55.80	18.6	120
v7noteach1-92	36.40	39.30	-2.90	35.50	18.1	120
v7new6-95	49.10	48.20	0.90	49.20	19.3	120
v7press1-31	49.80	50.80	-1.00	47.20	17.5	120
v7phase-35	35.90	37.60	-1.70	35.30	19.9	120
v7new6-98	50.50	50.60	-0.10	50.30	23.6	120
v7press2-31	42.40	43.30	-0.90	40.80	19.5	120
v7press2-91	49.80	49.90	-0.10	45.70	17.7	120
v7press1-91	50.60	50.70	-0.10	48.80	20.3	120
v7press3-31	53.60	54.40	-0.80	56.30	17.4	120
v7r3-52	55.40	55.10	0.30	54.40	17.9	120
v7press3-91	56.10	54.60	1.50	57.00	20.0	120
v7protoE-31	56.30	56.60	-0.30	57.60	23.2	120
v7ring-34	32.80	34.10	-1.30	36.60	19.2	120
v7rb1-31	48.90	47.90	1.00	47.30	22.4	120
v7rb2-31	48.30	45.00	3.30	49.90	23.9	120
v7rand-34	47.70	45.20	2.50	46.50	26.5	120
v7r2-35	44.60	43.50	1.10	43.20	27.1	120
v7ringA1-82	42.20	45.40	-3.20	42.90	23.2	120
v7ringA1-93	34.60	40.50	-5.90	35.00	22.6	120
v7ringB1-82	48.50	49.20	-0.70	47.40	23.1	120
v7ringB1-93	45.30	42.60	2.70	42.80	22.0	120
v7ringT-82	56.10	56.40	-0.30	57.90	21.5	120
v7ringT2-82	56.10	56.40	-0.30	57.90	21.9	120
v7ringT-93	55.30	52.40	2.90	55.10	26.6	120
v7role1-82	60.50	59.50	1.00	61.50	22.2	120
v7ringT2-93	55.30	52.40	2.90	55.10	25.4	120
v7ringT3-82	52.50	53.00	-0.50	52.10	26.5	120
v7ringT3-93	50.00	50.50	-0.50	52.20	25.7	120
v7role1-93	42.00	42.40	-0.40	39.10	26.0	120
v7role5-81	28.90	30.40	-1.50	30.10	24.9	120
v7role12-95	57.90	57.50	0.40	56.20	28.1	120
v7role1w-81	54.50	54.80	-0.30	52.60	28.5	120
v7role1w-92	52.50	52.10	0.40	50.10	28.3	120
v7roleC-81	28.40	26.50	1.90	28.20	24.2	120
v7role5-92	52.40	53.10	-0.70	50.80	28.4	120
v7roleC-92	62.30	60.40	1.90	59.30	24.9	120
v7s5-31	51.40	49.80	1.60	51.30	21.6	120
v7roleC2-94	47.50	51.80	-4.30	44.70	23.7	120
v7s4-31	55.60	52.70	2.90	54.60	24.7	120
v7s7-31	53.10	54.20	-1.10	49.70	21.4	120
v7s6-31	58.00	58.50	-0.50	58.50	22.7	120
v7salt-34	61.20	57.60	3.60	59.60	20.1	120
v7s9-31	54.60	52.00	2.60	53.80	20.8	120
v7s8-31	51.60	51.50	0.10	49.70	22.6	120
v7salt-31	47.30	46.80	0.50	47.60	21.8	120
v7seat-34	53.70	52.20	1.50	51.60	22.9	120
v7seat2-48	52.80	51.90	0.90	56.20	27.9	120
v7stock1-92	54.90	53.80	1.10	54.10	24.7	120
v7seat24-31	40.40	40.70	-0.30	38.20	29.3	120
v7seat24b-31	40.40	40.70	-0.30	38.20	31.2	120
v7seat24b-93	47.70	48.40	-0.70	43.80	30.7	120
v7stock1-81	54.70	57.60	-2.90	53.30	28.5	120
v7sub1-81	45.20	43.30	1.90	42.20	26.4	120
v7stock2-81	48.30	48.70	-0.40	46.00	29.7	120
v7stock2-92	51.90	55.30	-3.40	52.00	28.3	120
v7sub1-92	65.30	61.10	4.20	64.20	28.0	120
v7t1-82	61.10	56.20	4.90	60.60	27.8	120
v7t2-82	49.00	47.70	1.30	48.80	27.2	120
v7tgt2-52	43.70	41.80	1.90	45.00	21.6	120
v7teach-33	42.50	42.50	0.00	42.20	24.7	120
v7teach2-32	41.10	40.10	1.00	41.30	27.5	120
v7u1-31	52.90	48.20	4.70	52.50	23.3	120
v7tgt5-31	49.90	47.30	2.60	47.80	27.1	120
v7w3c-31	54.50	52.00	2.50	56.70	26.8	120
v7w3c-91	51.90	52.20	-0.30	49.00	26.8	120
v7tgt4-63	58.00	56.70	1.30	59.00	28.9	120
v7w3r1-31	51.10	51.60	-0.50	51.10	27.1	120
v7w3r1-91	55.80	51.60	4.20	55.00	26.1	120
v7wall-31	52.90	48.60	4.30	53.50	28.7	120
v7wall1-93	39.00	41.00	-2.00	39.70	23.5	120
v7wall-35	26.90	33.90	-7.00	26.30	25.9	120
v7wall1-82	46.50	47.00	-0.50	47.30	25.2	120
v7ws1-81	57.40	57.40	0.00	59.30	21.7	120
v7wall2-98	49.80	48.10	1.70	49.40	25.0	120
v7wall2-95	49.50	46.20	3.30	48.90	25.3	120
v7ws2-92	48.80	47.30	1.50	48.90	21.5	120
v7ws1-92	53.50	51.50	2.00	53.20	22.4	120
v9-31	43.10	43.20	-0.10	45.20	20.8	120
v9-34	56.30	55.80	0.50	55.70	21.0	120
v7ws2-81	47.10	47.10	0.00	47.30	23.7	120
v9-41	45.80	46.20	-0.40	48.20	22.2	120
E51-t8-713	52.70	48.20	4.50	55.60	18.9	120
long-33	26.90	23.80	3.10	27.10	18.7	120
e35prod807	56.40	55.30	1.10	54.60	18.2	120
v9-44	52.70	52.80	-0.10	49.60	21.7	120
L71	51.60	50.40	1.20	50.70	15.7	120
cal-ctl	46.90	46.90	0.00	49.70	19.3	120
E59-ctl-901	52.40	49.80	2.60	54.00	18.8	120
E59-land-902	51.10	46.90	4.20	51.50	19.2	120
E59-land-903	42.70	45.80	-3.10	45.90	19.2	120
L191	39.20	42.00	-2.80	41.00	18.3	120
Ldemo	51.30	48.90	2.40	55.40	19.8	120
R311	49.00	45.70	3.30	50.50	19.3	120
C1s71	51.60	50.40	1.20	50.70	15.6	120
R391	23.90	24.90	-1.00	24.30	18.6	120
B0-111	46.50	46.50	0.00	43.30	18.4	120
B0L-31	50.10	49.00	1.10	49.20	19.6	120
C1s31	34.80	37.60	-2.80	38.60	21.2	120
V2-31	41.60	40.70	0.90	42.80	18.4	120
D05-71	41.50	40.20	1.30	39.70	19.0	120
D005-71	40.10	37.90	2.20	39.70	18.4	120
L05-71	53.50	49.70	3.80	53.60	18.4	120
L05-31	52.30	49.70	2.60	54.80	19.3	120
V3-71	27.60	28.30	-0.70	28.30	21.9	120
M05C02-111	51.10	48.90	2.20	51.80	20.7	120
M05C02-151	54.80	51.50	3.30	58.00	19.4	120
M05C02-71	52.10	48.90	3.20	54.50	21.8	120
NC-301	50.40	51.90	-1.50	50.40	21.7	120
NC-231	56.40	52.90	3.50	58.70	20.6	120
NC-341	39.50	41.10	-1.60	39.20	21.3	120
G03-71	50.10	47.80	2.30	48.40	20.9	120
PL31	50.90	49.40	1.50	52.90	24.7	120
NOL24-31	36.40	36.50	-0.10	35.40	22.8	120
G15-71	52.90	50.50	2.40	55.00	25.4	120
E00-31	45.90	44.00	1.90	47.00	23.9	120
E10-31	49.70	48.60	1.10	52.90	26.1	120
N5-1	52.70	51.80	0.90	51.60	21.0	120
R00-31	52.30	49.70	2.60	54.80	24.8	120
N5L-15	58.00	53.20	4.80	57.20	20.8	120
B5-10-31	55.40	53.40	2.00	54.10	22.2	120
C5-02-31	51.30	48.90	2.40	55.40	25.4	120
SQ2-15-31	44.70	45.10	-0.40	42.60	25.7	120
blk0t00-s71	52.90	50.50	2.40	55.00	25.7	120
blk1t00-s71	39.00	42.60	-3.60	37.80	24.1	120
RG0-31	52.30	49.70	2.60	54.80	24.4	120
D8a	20.00	20.70	-0.70	19.80	20.0	120
D0a	36.40	36.50	-0.10	35.40	23.4	120
RG0-71	52.90	50.50	2.40	55.00	25.7	120
E1	54.30	53.90	0.40	52.50	26.1	120
D1a	35.40	39.00	-3.60	35.70	30.9	120
B2	43.60	45.50	-1.90	42.40	25.8	120
U2	27.40	30.90	-3.50	27.80	19.5	120
T111	30.30	31.90	-1.60	32.20	20.6	120
Q191	30.80	30.20	0.60	30.50	21.9	120
K2	54.40	51.40	3.00	53.30	28.1	120
V111	25.80	23.30	2.50	25.90	20.6	120
P111	36.40	39.30	-2.90	36.40	24.0	120
K5	27.60	28.30	-0.70	28.30	28.0	120
W31	52.90	51.80	1.10	54.90	24.2	120
BIG0	20.70	20.20	0.50	19.00	25.6	120
M191	30.80	30.20	0.60	30.50	22.2	120
M111	46.50	46.50	0.00	43.30	22.7	120
M31	36.40	36.50	-0.10	35.40	23.7	120
E59-seq-902	41.00	42.10	-1.10	41.70	22.4	120
seed80	46.00	47.50	-1.50	44.60	24.1	120
M71	50.50	50.00	0.50	50.30	25.3	120
e35prod814	55.30	52.70	2.60	55.30	24.5	120
seq20	46.90	46.90	0.00	49.70	24.6	120
E59-seq-901	52.40	49.80	2.60	54.00	23.9	120
Lspend	38.50	37.00	1.50	41.80	22.3	120
E59-ctl-903	42.70	45.80	-3.10	45.90	25.1	120
L151	36.90	40.30	-3.40	38.60	24.2	120
R351	48.20	46.20	2.00	51.70	24.3	120
C2s71	51.60	50.40	1.20	50.70	20.4	120
R271	45.30	46.40	-1.10	48.10	25.1	120
EL0	46.40	46.80	-0.40	44.00	23.8	120
B0L-71	36.20	38.00	-1.80	35.40	23.7	120
B0-31	36.40	36.50	-0.10	35.40	24.4	120
D02-71	52.90	50.70	2.20	53.00	21.4	120
C2s31	34.80	37.60	-2.80	38.60	26.6	120
V2-71	50.50	50.00	0.50	50.30	25.5	120
L05K-71	53.50	49.70	3.80	53.60	23.8	120
D02-31	54.40	51.40	3.00	53.30	29.7	120
V1-31	35.40	39.00	-3.60	35.70	31.8	120
L05K-31	52.30	49.70	2.60	54.80	26.0	120
M05-191	51.30	48.30	3.00	53.10	25.9	120
M05C02-31	50.90	49.40	1.50	52.90	25.9	120
M05-111	55.50	50.40	5.10	58.00	24.0	120
SM71	50.20	47.30	2.90	50.70	25.3	120
NCV-71	50.20	47.30	2.90	50.70	25.4	120
NCV-31	50.90	49.40	1.50	52.90	26.2	120
G15-31	52.30	49.70	2.60	54.80	25.3	120
PL71	45.70	44.60	1.10	45.20	25.9	120
G03-31	53.50	52.70	0.80	55.00	23.0	120
NOL24-71	50.50	50.00	0.50	50.30	26.1	120
E00-71	52.50	51.80	0.70	52.70	28.1	120
E10-71	52.10	48.90	3.20	54.50	25.9	120
B5-05-31	52.70	51.80	0.90	51.60	22.5	120
R00-71	52.90	50.50	2.40	55.00	29.2	120
B5-05-71	47.90	48.20	-0.30	51.00	28.4	120
HF-191	50.90	53.30	-2.40	51.00	27.8	120
blk1t40-s71	52.00	49.30	2.70	55.50	27.5	120
blk0t00-s31	52.30	49.70	2.60	54.80	28.7	120
N5L-30	50.80	47.80	3.00	51.60	29.6	120
blk1t00-s31	52.30	48.40	3.90	55.10	28.1	120
RG1-31	51.00	48.30	2.70	52.10	28.2	120
D3a	55.80	51.10	4.70	58.00	25.6	120
D4a	54.00	54.30	-0.30	56.60	27.9	120
K6	41.50	40.20	1.30	39.70	27.5	120
D6a	34.80	34.00	0.80	33.10	27.7	120
B1	54.90	52.60	2.30	52.50	28.1	120
T71	52.90	50.70	2.20	53.00	24.6	120
C0b	50.50	50.00	0.50	50.30	28.7	120
E2	50.80	49.40	1.40	51.50	27.2	120
Q111	46.50	46.50	0.00	43.30	24.9	120
Q151	34.50	35.10	-0.60	36.40	26.0	120
K3	27.30	31.20	-3.90	27.10	28.5	120
Q231	48.10	47.00	1.10	51.50	23.9	120
V71	25.70	24.70	1.00	25.00	20.5	120
W71	56.10	49.10	7.00	56.20	21.1	120
S71	34.00	35.20	-1.20	34.40	21.5	120
BIG1	20.70	20.20	0.50	19.00	25.4	120
S111	36.40	39.30	-2.90	36.40	23.2	120
S231	36.60	37.10	-0.50	38.40	21.8	120
e39ctl911	55.00	52.40	2.60	51.50	20.4	120
seed81	54.60	53.50	1.10	54.90	21.4	120
M231	48.10	47.00	1.10	51.50	22.7	120
land20	46.90	46.90	0.00	49.70	23.4	120
E59-ctl-902	41.00	42.10	-1.10	41.70	21.0	120
E59-land-901	52.40	49.80	2.60	54.00	22.8	120
E59-seq-903	42.70	45.80	-3.10	45.90	23.5	120
Lctl	34.80	37.60	-2.80	38.60	24.9	120
L111	55.70	57.70	-2.00	53.10	24.6	120
R431	38.60	38.20	0.40	38.80	21.7	120
C0s71	51.60	50.40	1.20	50.70	18.4	120
R231	53.40	54.30	-0.90	54.20	21.9	120
EL2	46.40	46.80	-0.40	44.00	22.2	120
B0-71	50.50	50.00	0.50	50.30	23.5	120
C0s31	34.80	37.60	-2.80	38.60	24.6	120
V0-31	36.40	36.50	-0.10	35.40	22.3	120
D005-31	46.00	44.80	1.20	47.70	22.1	120
V1-71	27.60	28.30	-0.70	28.30	26.9	120
V3-31	35.40	39.00	-3.60	35.70	28.5	120
D05-31	27.30	31.20	-3.90	27.10	25.3	120
L02-71	45.50	47.40	-1.90	45.60	23.4	120
L02-31	49.00	46.20	2.80	48.50	23.3	120
M05-151	52.60	48.70	3.90	54.60	21.9	120
M05-231	52.00	49.70	2.30	54.80	22.2	120
NCV-151	54.80	51.50	3.30	58.00	19.9	120
NCV-111	51.10	48.90	2.20	51.80	21.6	120
NC-191	44.80	43.70	1.10	45.00	20.8	120
DM71	50.20	47.30	2.90	50.70	20.6	120
G08-31	52.30	49.70	2.60	54.80	19.3	120
G08-71	52.90	50.50	2.40	55.00	20.2	120
H24-71	53.50	49.70	3.80	53.60	18.3	120
E20-31	52.20	49.20	3.00	52.20	18.6	120
E20-71	54.00	50.40	3.60	55.00	18.1	120
H24-31	52.30	49.70	2.60	54.80	19.3	120
N5-0	53.90	52.30	1.60	52.00	19.0	120
B5-10-71	48.40	46.10	2.30	50.80	19.4	120
SQ2-15-71	52.90	49.80	3.10	53.40	17.7	120
N5L-05	44.70	45.10	-0.40	42.60	20.5	120
C5-02-71	51.30	48.90	2.40	55.40	20.6	120
blk0t40-s71	44.50	45.30	-0.80	46.30	19.5	120
blk0t40-s31	48.30	46.70	1.60	47.10	19.5	120
blk1t40-s31	50.20	48.30	1.90	52.30	19.8	120
RG1-71	50.60	47.80	2.80	54.70	19.3	120
D2a	52.70	54.40	-1.70	53.60	19.5	120
E3	50.90	54.30	-3.40	50.50	18.8	120
D5a	50.10	49.00	1.10	49.20	19.4	120
D7a	48.80	46.70	2.10	51.80	20.2	120
K4	35.00	34.50	0.50	36.70	18.1	120
K1	34.20	33.00	1.20	32.60	17.3	120
R1	56.40	52.10	4.30	55.90	16.9	120
P191	39.90	42.80	-2.90	39.00	18.2	120
X1	50.50	49.00	1.50	52.60	19.7	120
P151	50.50	50.50	0.00	51.00	18.5	120
P231	36.60	37.10	-0.50	38.40	17.9	120
V151	34.70	32.10	2.60	33.30	16.4	120
U1	20.50	28.30	-7.80	20.30	21.2	120
S191	39.90	42.80	-2.90	39.00	18.3	120
V191	50.80	51.60	-0.80	51.90	20.1	120
M151	34.50	35.10	-0.60	36.40	18.8	120
BIG1R	20.70	20.20	0.50	19.00	20.7	120
S151	50.50	50.50	0.00	51.00	18.7	120
S31	27.30	31.20	-3.90	27.10	21.0	120
SLOT-6ed47e18	10.20	10.50	-0.30	11.10	18.4	120
SLOT-bb5c0e8e	10.20	10.40	-0.20	11.10	18.6	120
SLOT-4afeed5f	20.00	19.70	0.30	21.50	16.3	120
SLOT-033c7601	19.90	19.60	0.30	20.90	16.6	120
SLOT-cc573172	17.50	17.70	-0.20	16.60	17.0	120
SLOT-f970452c	15.60	14.80	0.80	16.20	16.3	120
SLOT-9ada5161	18.40	18.40	0.00	20.00	17.6	120
SLOT-03749abc	23.10	22.20	0.90	24.30	21.3	120
SLOT-5d6fd40e	22.80	20.20	2.60	22.70	17.0	120
SLOT-255f008a	31.40	27.90	3.50	32.60	19.4	120
SLOT-cd32f240	23.00	20.50	2.50	23.70	16.4	120
SLOT-f5735e56	18.20	17.60	0.60	18.80	16.1	120
SLOT-037b2f71	25.30	22.00	3.30	23.10	20.6	120
SLOT-18eafc3f	29.00	24.10	4.90	31.80	17.6	120
SLOT-9e83020d	31.40	24.90	6.50	32.40	17.5	120
SLOT-e379c62c	30.80	25.40	5.40	30.60	20.0	120
SOUP-KE-l60	53.10	50.00	3.10	49.40	20.2	120
SOUP-s9-82XD4a	58.20	56.90	1.30	58.20	16.8	120
SOUP-Y-l65	52.90	50.60	2.30	51.30	20.2	120
SOUP-Y-KE6k2	54.00	51.30	2.70	51.00	20.5	120
SOUP-stock1XK2-l35	55.90	54.50	1.40	57.90	19.2	120
snipePool-s11	41.60	43.00	-1.40	43.30	16.4	120
snipeNoPool-s11	37.80	36.80	1.00	36.20	19.6	120
P-s30	57.50	55.30	2.20	56.20	19.4	120
SOUP-sub1-92XD4a	45.00	46.00	-1.00	43.90	21.6	120
SP-s30	48.40	47.00	1.40	48.40	21.3	120
Q-s33	53.90	51.00	2.90	56.60	22.1	120
Q-s51	47.20	48.40	-1.20	48.50	20.7	120
R-s107	20.90	19.20	1.70	21.30	16.1	120
R-s129	55.10	53.10	2.00	55.20	16.4	120
B-s64	52.50	51.70	0.80	51.50	21.6	120
BK-s63	38.80	38.20	0.60	38.50	21.8	120
H-s103	56.70	53.80	2.90	59.40	22.2	120
H-s85	51.20	52.30	-1.10	50.20	21.5	120
V-s310	24.00	23.80	0.20	22.50	16.0	120
S-s113	56.50	53.20	3.30	55.50	23.3	120
S-s110	50.30	49.30	1.00	50.10	23.3	120
T-s124	51.90	49.60	2.30	50.30	24.5	120
U-s216	48.50	47.00	1.50	51.10	21.9	120
V-s328	48.80	48.90	-0.10	49.10	18.7	120
P-s25	39.30	37.50	1.80	38.90	16.2	120
plainAnchor-s12	55.70	53.10	2.60	57.80	19.3	120
snipePool-s12	60.50	59.10	1.40	59.50	19.7	120
SP-s25	64.20	62.10	2.10	64.20	18.1	120
P-s22	56.30	55.00	1.30	54.80	21.6	120
P-s28	50.80	49.00	1.80	48.20	21.6	120
G-s72	52.40	51.20	1.20	53.00	19.5	120
BK-s64	52.50	51.70	0.80	51.50	21.5	120
K-s63	32.00	30.30	1.70	28.50	20.6	120
G-s78	47.00	48.80	-1.80	47.90	18.8	120
G-s75	56.00	52.40	3.60	54.50	23.3	120
H-s95	28.00	31.20	-3.20	28.70	20.6	120
S-s114	21.90	23.10	-1.20	19.40	16.4	120
R-s123	58.10	55.00	3.10	58.30	18.5	120
R-s120	44.50	45.30	-0.80	42.90	20.1	120
T8-s110	37.70	35.80	1.90	35.50	17.6	120
S-s120	57.60	54.80	2.80	57.20	20.6	120
T8-s113	58.20	55.00	3.20	56.90	20.5	120
U-s202	60.40	57.80	2.60	61.10	19.4	120
V-s302	59.50	57.80	1.70	58.40	21.2	120
U-s205	57.90	56.10	1.80	58.30	22.6	120
V-s347	47.80	48.60	-0.80	48.90	21.6	120
SP-s32	28.70	30.10	-1.40	28.00	16.3	120
snipeNoPool-s13	41.80	42.80	-1.00	44.40	18.2	120
V-s350	56.80	57.60	-0.80	53.20	20.7	120
SP-s29	62.20	59.10	3.10	61.70	18.3	120
Q-s38	28.70	31.40	-2.70	28.80	15.6	120
plainAnchor-s13	51.80	49.30	2.50	50.20	22.9	120
Q-s47	56.70	53.60	3.10	56.30	21.4	120
B-s63	38.80	38.20	0.60	38.50	21.4	120
K-s64	52.50	51.70	0.80	51.50	21.9	120
T-s127	57.70	54.00	3.70	58.40	16.1	120
T-s136	25.10	27.50	-2.40	25.60	17.1	120
G-s82	31.90	31.10	0.80	31.00	20.6	120
G-s76	56.00	51.30	4.70	55.00	22.3	120
T-s114	56.00	53.10	2.90	57.10	20.8	120
H-s84	55.90	54.00	1.90	57.90	23.5	120
T-s111	55.80	52.80	3.00	53.00	22.6	120
T8-s114	56.00	53.10	2.90	57.10	19.5	120
T8-s120	53.00	52.80	0.20	51.90	19.3	120
U-s203	49.50	50.00	-0.50	53.10	14.2	120
U-s209	48.60	47.40	1.20	47.20	15.1	120
V-s312	47.00	44.50	2.50	46.10	13.0	120
U-s212	33.80	36.10	-2.30	32.20	18.7	120
V-s306	56.80	54.80	2.00	57.40	18.3	120
