id	ok	nFail	fails	G	G2	wallDmg	fieldA	fieldBClears	seatVerdict	seatSpread	zeroAtkRate	recOk	recFails	oppsN	tag
snipeNoPool-s11	0	2	反弹墙伤害 0.00 ≤ 0.5/局；场B 清场 0.00 < 0.3/局	6.52	6.04	0	0.287	0	ok	17.2	0			0	n=20/aggr100/seat100
snipePool-s11	0	4	G 1.27 < 3；G(long) 1.27 < 3；反弹墙伤害 0.00 ≤ 0.5/局；场B 清场 0.00 < 0.3/局	1.27	1.27	0	0.487	0	ok	19.2	0			0	n=20/aggr100/seat100
P-s30	0	1	G(long) 2.86 < 3	3.25	2.86	4.8	0.438	1.65	ok	14	0			0	n=20/aggr100/seat100
SP-s30	1	0		5.06	4.17	8	0.263	2.36	ok	14.1	0			0	n=20/aggr100/seat100
Q-s33	1	0		3.54	3.57	2	0.246	1.47	ok	10.8	0			0	n=20/aggr100/seat100
Q-s51	0	1	场B 清场 0.00 < 0.3/局	4.34	3.34	1	0.376	0	ok	12.8	0			0	n=20/aggr100/seat100
B-s64	1	0		5.21	6.42	1	0.256	0.97	ok	5.6	0			0	n=20/aggr100/seat100
BK-s63	0	2	G(long) 2.90 < 3；场A 还手 16.8% < 20%	3.3	2.9	2.35	0.168	3.07	ok	11	0			0	n=20/aggr100/seat100
H-s103	0	1	场B 清场 0.00 < 0.3/局	4.17	4.49	6.7	0.262	0	ok	11.8	0			0	n=20/aggr100/seat100
H-s85	1	0		8.73	6.23	5.2	0.243	1.36	ok	2	0			0	n=20/aggr100/seat100
R-s107	0	3	G 1.04 < 3；G(long) 1.02 < 3；反弹墙伤害 0.00 ≤ 0.5/局	1.04	1.02	0	0.484	4	ok	7.4	0			0	n=20/aggr100/seat100
R-s129	0	2	G 1.37 < 3；G(long) 1.51 < 3	1.37	1.51	17.95	0.479	4	ok	8.9	0			0	n=20/aggr100/seat100
S-s110	1	0		7.63	8.9	4.6	0.213	1.57	ok	20.4	0			0	n=20/aggr100/seat100
S-s113	0	1	场A 还手 19.8% < 20%	8.08	9.2	10.55	0.198	1.58	ok	14.6	0			0	n=20/aggr100/seat100
T-s124	0	1	场A 还手 18.8% < 20%	7.06	8.34	7.1	0.188	1.16	ok	13.1	0			0	n=20/aggr100/seat100
U-s216	1	0		3.68	5.3	4.6	0.245	0.97	ok	17.2	0			0	n=20/aggr100/seat100
V-s310	0	4	G 1.37 < 3；G(long) 1.22 < 3；反弹墙伤害 0.00 ≤ 0.5/局；场B 清场 0.00 < 0.3/局	1.37	1.22	0	0.47	0	ok	10.5	0			0	n=20/aggr100/seat100
V-s328	0	3	G 1.94 < 3；G(long) 2.37 < 3；场B 清场 0.00 < 0.3/局	1.94	2.37	19.7	0.349	0	ok	8.9	0			0	n=20/aggr100/seat100
plainAnchor-s12	0	1	场B 清场 0.00 < 0.3/局	5.91	4.73	14.8	0.325	0	ok	12.6	0			0	n=20/aggr100/seat100
snipePool-s12	0	3	G 2.79 < 3；G(long) 2.66 < 3；反弹墙伤害 0.00 ≤ 0.5/局	2.79	2.66	0	0.297	4	ok	6.7	0			0	n=20/aggr100/seat100
P-s22	0	2	G 2.89 < 3；G(long) 2.62 < 3	2.89	2.62	17.85	0.316	1.49	ok	7.6	0			0	n=20/aggr100/seat100
P-s25	0	3	G 2.35 < 3；G(long) 2.24 < 3；场B 清场 0.00 < 0.3/局	2.35	2.24	1	0.35	0	ok	10	0			0	n=20/aggr100/seat100
P-s28	0	1	场A 还手 16.7% < 20%	4.95	4.51	11.4	0.167	2.58	ok	14.9	0			0	n=20/aggr100/seat100
SP-s25	0	1	G(long) 2.93 < 3	3.44	2.93	17.15	0.33	4	ok	15.1	0			0	n=20/aggr100/seat100
BK-s64	1	0		5.21	6.42	1	0.256	0.97	ok	5.6	0			0	n=20/aggr100/seat100
K-s63	0	3	G 2.54 < 3；G(long) 2.72 < 3；场A 还手 14.5% < 20%	2.54	2.72	3.6	0.145	1	ok	12	0			0	n=20/aggr100/seat100
G-s72	0	1	场B 清场 0.12 < 0.3/局	5.9	5.5	15.15	0.333	0.12	ok	15.6	0			0	n=20/aggr100/seat100
G-s75	1	0		8.04	8.61	5.2	0.207	2.11	ok	13.7	0			0	n=20/aggr100/seat100
G-s78	1	0		6.21	5.03	17.9	0.408	0.75	ok	9.9	0			0	n=20/aggr100/seat100
H-s95	0	1	场A 还手 14.4% < 20%	4.53	4.68	6	0.144	1.19	ok	11.2	0			0	n=20/aggr100/seat100
R-s120	0	1	G(long) 2.34 < 3	3.28	2.34	6.6	0.348	2.67	ok	18.9	0			0	n=20/aggr100/seat100
R-s123	1	0		5.51	3.84	1	0.35	4	ok	9.4	0			0	n=20/aggr100/seat100
S-s114	0	1	场B 清场 0.00 < 0.3/局	3.59	4.12	4.9	0.437	0	unjudgeable	24	0.05			0	n=20/aggr100/seat100
S-s120	1	0		5.06	4.84	1	0.248	2.34	ok	9.5	0			0	n=20/aggr100/seat100
T8-s110	0	1	G(long) 2.90 < 3	3.96	2.9	1	0.395	1	ok	20.7	0			0	n=20/aggr100/seat100
T8-s113	0	2	座位偏座（极差≥21.0pt(该 n 的零分布 p99)）：9%/17%/23%/19%/31%；G(long) 2.86 < 3	3.06	2.86	12.4	0.28	3.83	biased	21.9	0			0	n=20/aggr100/seat100
U-s202	0	1	G(long) 2.95 < 3	4.67	2.95	18.3	0.36	1.3	ok	20.2	0			0	n=20/aggr100/seat100
U-s205	0	1	场B 清场 0.00 < 0.3/局	5.9	5.3	19	0.259	0	ok	7.1	0			0	n=20/aggr100/seat100
V-s302	1	0		3.82	3.27	16.55	0.339	2.08	ok	8.3	0			0	n=20/aggr100/seat100
V-s347	1	0		5.13	4.88	1	0.319	0.94	ok	5.4	0			0	n=20/aggr100/seat100
V-s350	0	1	场B 清场 0.00 < 0.3/局	5.77	6.28	11.1	0.212	0	ok	7.5	0			0	n=20/aggr100/seat100
plainAnchor-s13	1	0		4.01	4.01	3.05	0.269	1.05	ok	4.1	0			0	n=20/aggr100/seat100
snipeNoPool-s13	0	1	场B 清场 0.00 < 0.3/局	5.57	4.66	0.85	0.305	0	ok	15.9	0			0	n=20/aggr100/seat100
SP-s29	0	2	G 1.63 < 3；G(long) 2.40 < 3	1.63	2.4	12.9	0.333	4	ok	17.9	0			0	n=20/aggr100/seat100
SP-s32	0	1	反弹墙伤害 0.00 ≤ 0.5/局	3.38	3.67	0	0.354	3.22	ok	3.1	0			0	n=20/aggr100/seat100
Q-s38	0	2	反弹墙伤害 0.00 ≤ 0.5/局；场B 清场 0.00 < 0.3/局	5.3	4.89	0	0.299	0	ok	9.5	0			0	n=20/aggr100/seat100
Q-s47	1	0		6.78	6.93	4	0.255	1.07	ok	17.7	0			0	n=20/aggr100/seat100
B-s63	0	2	G(long) 2.90 < 3；场A 还手 16.8% < 20%	3.3	2.9	2.35	0.168	3.07	ok	11	0			0	n=20/aggr100/seat100
K-s64	1	0		5.21	6.42	1	0.256	0.97	ok	5.6	0			0	n=20/aggr100/seat100
G-s76	0	1	场A 还手 19.6% < 20%	7.99	7.21	8	0.196	0.91	ok	13.5	0			0	n=20/aggr100/seat100
G-s82	0	2	场A 还手 12.3% < 20%；场B 清场 0.22 < 0.3/局	6.57	8.34	1.45	0.123	0.22	ok	19.3	0			0	n=20/aggr100/seat100
H-s84	1	0		7.79	5.36	4	0.241	2.65	ok	13.1	0			0	n=20/aggr100/seat100
T-s111	1	0		7.63	8.02	5.6	0.254	2.08	ok	14.6	0			0	n=20/aggr100/seat100
T-s114	1	0		7.83	5.83	5.6	0.285	1.44	ok	7.3	0			0	n=20/aggr100/seat100
T-s127	0	2	G 1.88 < 3；G(long) 1.48 < 3	1.88	1.48	17.35	0.402	3.24	ok	9.4	0			0	n=20/aggr100/seat100
T-s136	0	2	G(long) 2.80 < 3；反弹墙伤害 0.00 ≤ 0.5/局	3.45	2.8	0	0.449	4	ok	8.4	0			0	n=20/aggr100/seat100
T8-s114	1	0		7.83	5.83	5.6	0.285	1.44	ok	7.3	0			0	n=20/aggr100/seat100
T8-s120	1	0		6.71	6.98	4	0.287	2.71	ok	9.5	0			0	n=20/aggr100/seat100
U-s203	0	3	G 2.70 < 3；G(long) 2.35 < 3；场B 清场 0.14 < 0.3/局	2.7	2.35	9.05	0.282	0.14	ok	13.8	0			0	n=20/aggr100/seat100
U-s209	1	0		6.13	3.1	3.9	0.214	3.85	ok	10.9	0			0	n=20/aggr100/seat100
U-s212	0	1	场A 还手 19.4% < 20%	6.14	5.84	4	0.194	2.68	ok	15.3	0			0	n=20/aggr100/seat100
V-s306	0	1	G(long) 2.04 < 3	5.41	2.04	4	0.302	2.28	ok	13.8	0			0	n=20/aggr100/seat100
V-s312	0	2	G 1.92 < 3；G(long) 1.71 < 3	1.92	1.71	0.85	0.466	4	ok	12.2	0			0	n=20/aggr100/seat100
