dims	method	Spearman	recall@k	r2_mean_raw	excess_r2_mean	excess_cols_gt0.1	excess_r2_H	excess_r2_S
2	rand	-0.0256	1.96	0.0475		0		
2	pca	0.6582	11.70	0.1208	0.0733	5	0.1227	0.1281
2	pls	0.2968	7.51	-0.0160	-0.0635	0	0.0422	-0.0360
2	smacof	0.6981	11.37	0.1241	0.0766	5	0.1014	0.1814
2	force	0.7008	16.33	0.1698	0.1223	5	0.1067	0.3062
3	rand	0.0090	1.95	0.0810		0		
3	pca	0.7537	16.95	0.2254	0.1444	10	0.1528	0.1788
3	pls	0.2968	7.51	-0.0159	-0.0969	0	0.0516	-0.0739
3	smacof	0.7767	17.18	0.2213	0.1403	10	0.1560	0.1858
3	force	0.7683	29.15	0.3381	0.2571	10	0.2255	0.4177
