id	ok	H	rank	holoPerGame	holoOther	giftShare	overCap
def-31	0	28.8	585	0	0		0
def-34	0	35.3	624	0	0		0
eco-31	0	29.1	640	5.45	5.45	1.000	0
eco-34-v7	0	51.3	190	0	0		0
eco-35	0	30.8	683	0	0		0
eco2-32	0	29.5	637	0.05	0.05	1.000	0
eco2-35	1	31.8	575	0	0		0
fgtA-32	0	30.5	604	0	0		0
fgtA-35	0	27.2	696	0	0		0
fgtB-32	1	26.3	657	0	0		0
fgtB-35	0	31.7	639	0	0		0
fstA-32	0	17.8	670	2.35	2.35	1.000	0
fstA-35	0	31.7	630	4.6	4.6	1.000	0
mix-31	0	29	651	79.85	79.85	1.000	1
mix-34	0	10.3	715	78.2	78.2	1.000	1
r61fix-31	0	57	99	0	0		0
r61fix-91	1	50.2	236	0	0		0
rwd0-31	0	35.2	673	0	0		0
rwd0-34	0	21.5	697	0	0		0
seedtest2-31	0	35.3	518	0	0		0
sty-32	0	26.7	694	0	0		0
sty-35	0	9.2	716	45.15	45.15	1.000	1
v11-61	0	46.7	403	0	0		0
v11-64	0	47.7	193	0.3	0.3	1.000	0
v11-71	0	45.1	603	0	0		0
v11-74	0	53.1	472	0.35	0.35	1.000	0
v12-31	0	45.2	460	0	0		0
v12-83	0	37	452	0.05	0.05	1.000	0
v12-86	0	47.8	444	0	0		0
v12-93	0	29.3	704	0.1	0.1	1.000	0
v12-96	0	52.6	219	0	0		0
v13-103	0	45	609	0	0		0
v13-106	0	54.6	399	0	0		0
v14-112	0	41.4	370	0.3	0.3	1.000	0
v14-115	0	47	438	0	0		0
v15-121	0	47.8	392	0	0		0
v15-124	0	49.6	536	0.05	0.05	1.000	0
v15-31	0	54	202	0	0		0
v16-133	0	28.1	707	0	0		0
v16-136	0	57.7	162	0	0		0
v17-142	0	41	647	0	0		0
v17-145	0	53.9	256	0	0		0
v7a-31	0	33.2	595	18.25	18.25	1.000	1
v7a-34	0	29.9	620	0	0		0
v7aim1-31	0	49.5	390	0	0		0
v7aim1-91	0	36.5	482	0.25	0.25	1.000	0
v7aim1f-31	0	39.7	577	0	0		0
v7aim2-31	0	43.8	428	0	0		0
v7aim3-31	0	46.6	288	0	0		0
v7anneal-34	0	31.4	614	0	0		0
v7b-31	0	33.2	596	18.25	18.25	1.000	1
v7b-39	0	43.2	566	0	0		0
v7b-42	0	45.1	606	0	0		0
v7b-45	1	45	344	0	0		0
v7b-48	0	41	450	3.1	3.1	1.000	0
v7bead1-93	1	53.1	44	0.3	0.3	1.000	0
v7bead100-93	1	49.7	147	0	0		0
v7bead15-93	0	55.9	48	13.1	13.1	1.000	1
v7bead2-93	1	53.4	72	0.4	0.4	1.000	0
v7bead25-93	0	64.6	10	0	0		0
v7bead3-93	0	42.9	250	10.75	10.75	1.000	1
v7beadseed-93	1	57	21	0.8	0.8	1.000	0
v7big1-82	0	55.6	195	0	0		0
v7big1-93	0	45.4	208	2.25	2.25	1.000	0
v7blk1-82	0	56.3	86	0	0		0
v7blk1-93	0	54.6	448	0	0		0
v7c-33	0	50.5	174	0	0		0
v7c-36	0	51.1	404	0	0		0
v7c-39	0	43.2	567	0	0		0
v7c-42	0	45.1	607	0	0		0
v7catE1-82	0	50.9	412	0.1	0.1	1.000	0
v7catE5-82	0	41.8	563	0.15	0.15	1.000	0
v7clear2-82	0	48.6	101	5.5	5.5	1.000	0
v7cmin3-93	1	48.1	160	0.9	0.9	1.000	0
v7cmin4-93	0	41	343	0.1	0.1	1.000	0
v7ctrlE-82	0	57.9	103	0	0		0
v7cur-93	0	33.7	618	0	0		0
v7cur2-93	0	59	68	0.05	0.05	1.000	0
v7cur3-93	1	52.3	119	0	0		0
v7curri1-82	0	60.3	92	0	0		0
v7curri1-93	0	42.1	235	0.4	0.4	1.000	0
v7curri2-82	0	51.8	146	0	0		0
v7curri2-93	0	46.1	447	0.15	0.15	1.000	0
v7d-33	0	50.5	175	0	0		0
v7d-36	0	51.1	405	0	0		0
v7densE-31	0	49.4	401	0	0		0
v7divK-31	0	51.3	231	0.05	0.05	1.000	0
v7divK2-81	1	53	76	0	0		0
v7expo-32	0	50.3	339	0	0		0
v7f-35	0	46.2	381	0	0		0
v7f2b-81	0	47	418	0	0		0
v7f2t-81	0	46	511	0	0		0
v7f2t-92	1	53	78	0	0		0
v7f3-93	0	41.3	508	0.15	0.15	1.000	0
v7f35b-94	1	48.3	166	0	0		0
v7f35b-97	0	53.8	113	0.5	0.5	1.000	0
v7f35t-31	0	55.9	123	0	0		0
v7f35t-91	0	51.5	426	0	0		0
v7f5b-31	0	45	163	0	0		0
v7f5b-96	1	50.2	180	0	0		0
v7f5b-99	0	49.6	545	0	0		0
v7f5div3-82	0	47.8	305	0	0		0
v7f5div3-93	1	54.2	82	1	1	1.000	0
v7f5t-82	0	52.7	253	0	0		0
v7f5t-93	0	47.5	290	0.1	0.1	1.000	0
v7fix-32	0	36.4	582	0.1	0.1	1.000	0
v7fix1-82	1	43.9	389	0	0		0
v7fix1-93	0	42.6	546	0	0		0
v7force2-35	1	43.2	397	0	0		0
v7gf1-81	0	47.3	377	0.05	0.05	1.000	0
v7gf1-92	0	42.4	318	0.6	0.6	1.000	0
v7iso1-81	1	45.5	338	0	0		0
v7iso1-92	0	45.7	205	0.15	0.15	1.000	0
v7l2c-101	1	47	349	0.15	0.15	1.000	0
v7l2c-111	0	42.9	368	0	0		0
v7l2c-141	0	50.5	515	0	0		0
v7l2c-144	0	51	243	0	0		0
v7l2c-147	0	48.4	446	0	0		0
v7l2c-150	0	40.1	517	0	0		0
v7l2c-31	0	50.2	466	0.15	0.15	1.000	0
v7l2c-93	0	56.6	43	0	0		0
v7l2f-106	0	40	465	0	0		0
v7l2f-143	0	45.6	454	0.05	0.05	1.000	0
v7l2f-146	0	51	402	0	0		0
v7l2f-149	0	49.7	324	0	0		0
v7l2f-152	0	51.1	329	0	0		0
v7l2f-82	0	47.4	337	0	0		0
v7l2h-91	0	51.7	131	0.1	0.1	1.000	0
v7l2o-92	0	42.5	278	0	0		0
v7l2s-115	0	42.1	619	0	0		0
v7l2s-93	1	48.1	270	0.1	0.1	1.000	0
v7l7-33	0	35.3	519	0	0		0
v7l7-36	0	35.3	520	0	0		0
v7l7-43	0	35.3	521	0	0		0
v7l7-46	0	35.3	522	0	0		0
v7m2_noBead-33	0	26.2	658	0	0		0
v7m2_noBead-36	0	26.2	659	0	0		0
v7m2_noEffects-33	0	42	467	6.5	6.5	1.000	1
v7m2_noEffects-36	0	42	468	6.5	6.5	1.000	1
v7m2_noTarget-33	0	26.2	660	0	0		0
v7m2_noTarget-36	1	44	309	0.05	0.05	1.000	0
v7n1-31	0	55.1	75	0	0		0
v7new1-31	1	54.1	90	0	0		0
v7new1-91	0	52.5	268	0	0		0
v7new2-31	0	40	499	0.05	0.05	1.000	0
v7new2-91	0	46.2	387	0.45	0.45	1.000	0
v7new3-31	0	46.5	287	0	0		0
v7new3-91	0	46.2	388	0.45	0.45	1.000	0
v7new4-31	0	49	304	0	0		0
v7new4-91	0	44.9	94	0.15	0.15	1.000	0
v7new5_005-31	0	44.9	169	2.8	2.8	1.000	0
v7new5_005-91	0	48.1	296	0.1	0.1	1.000	0
v7new5_01-31	0	53.4	298	0.35	0.35	1.000	0
v7new5_01-91	0	36.2	590	0	0		0
v7new6-31	0	44.9	170	2.8	2.8	1.000	0
v7new6-96	0	46.9	192	0.05	0.05	1.000	0
v7new6-99	0	59.8	291	0	0		0
v7noteach1-82	0	39.9	504	0	0		0
v7noteach1-93	0	43.2	487	0	0		0
v7phase-33	0	59.6	56	0	0		0
v7phase-36	0	35.3	523	0	0		0
v7press1-81	0	44.3	254	0	0		0
v7press1-92	0	47.3	373	0	0		0
v7press2-81	0	48.7	230	0	0		0
v7press2-92	0	53.8	151	0	0		0
v7press3-81	1	59.3	39	1.65	1.65	1.000	0
v7press3-92	0	53.2	273	0	0		0
v7protoE-81	0	52.1	187	0	0		0
v7r3-45	0	58.6	14	0	0		0
v7rand-32	1	50.5	127	1.65	1.65	1.000	0
v7rand-35	0	46.5	352	0.2	0.2	1.000	0
v7rb1-82	0	51	325	0	0		0
v7rb2-82	0	50.3	275	0.05	0.05	1.000	0
v7ringA1-31	0	54.7	302	0	0		0
v7ringA1-91	0	53.8	252	0	0		0
v7ringB1-31	0	47.2	513	0	0		0
v7ringB1-91	0	54.3	249	0	0		0
v7ringT-31	0	43.5	625	0	0		0
v7ringT-91	0	43.5	554	0	0		0
v7ringT2-31	0	43.5	626	0	0		0
v7ringT2-91	0	43.5	555	0	0		0
v7ringT3-31	0	54.5	69	0	0		0
v7ringT3-91	0	48.6	553	0	0		0
v7role1-31	0	52.2	282	0	0		0
v7role1-91	1	44.6	335	0	0		0
v7role12-31	0	52.2	283	0	0		0
v7role12-96	0	49.9	509	0	0		0
v7role1w-82	0	45	436	0	0		0
v7role1w-93	0	41.4	638	0	0		0
v7role5-82	0	46.2	442	0	0		0
v7role5-93	0	45.9	443	0	0		0
v7roleC-82	0	57.9	104	0	0		0
v7roleC-93	0	55.1	213	0	0		0
v7roleC2-95	0	52.7	314	0.2	0.2	1.000	0
v7s4-82	0	60	74	0	0		0
v7s5-82	0	56.5	25	0	0		0
v7s6-82	0	44.3	420	0	0		0
v7s7-82	0	58.4	97	0	0		0
v7s8-82	1	57.4	55	0	0		0
v7s9-82	1	57.8	7	3.4	3.4	1.000	0
v7salt-32	0	59.6	57	0	0		0
v7salt-35	0	59.6	58	0	0		0
v7seat2-45	0	47.4	422	0	0		0
v7seat2-49	0	26.1	695	0	0		0
v7seat24-81	0	42.9	633	0	0		0
v7seat24b-91	0	50	317	0	0		0
v7smoke-31	0	42.3	488	7.55	7.55	1.000	1
v7stock1-82	0	37.9	578	48.6	48.6	1.000	1
v7stock1-93	0	42.1	280	0	0		0
v7stock2-82	0	61.1	45	0	0		0
v7stock2-93	0	56	200	0	0		0
v7sub1-82	1	50	172	0.15	0.15	1.000	0
v7sub1-93	0	57.9	266	0	0		0
v7t1-93	1	52	49	1.1	1.1	1.000	0
v7t2-93	1	55.2	13	1.7	1.7	1.000	0
v7teach-35	0	26.3	611	0	0		0
v7tgt-44	0	45.9	152	0.6	0.6	1.000	0
v7tgt3-31	0	44.3	570	0	0		0
v7tgt4-64	0	60	54	0	0		0
v7tgt5-62	0	63	8	0.8	0.8	1.000	0
v7u1-82	1	46.4	137	0.1	0.1	1.000	0
v7w3c-81	0	51.6	340	0	0		0
v7w3c-92	0	53.2	313	0	0		0
v7w3r1-81	0	57.2	154	0	0		0
v7w3r1-92	0	57.9	91	0	0		0
v7wall-33	0	42.2	276	8.7	8.7	1.000	1
v7wall1-31	0	43	551	0	0		0
v7wall1-91	0	51	435	0	0		0
v7wall2-31	0	43	552	0	0		0
v7wall2-96	0	55	441	0	0		0
v7wall2-99	0	46.7	548	0	0		0
v7ws1-82	0	61.3	18	0.05	0.05	1.000	0
v7ws1-93	0	45.1	407	0	0		0
v7ws2-82	0	62.4	50	0.15	0.15	1.000	0
v7ws2-93	0	51	41	0.15	0.15	1.000	0
v9-32	0	44.6	135	17.35	17.35	1.000	1
v9-35	0	35.3	524	0	0		0
v9-42	0	50.5	537	0	0		0
v9-45	0	52.9	434	0	0		0
SHIPPED-Ldemo	1	55.4	15	0	0		0
def-32	0	32.4	599	0	0		0
def-35	0	21.3	648	0	0		0
eco-32	0	24.7	672	2	2	1.000	0
eco-34-v7c	0	41.2	432	0	0		0
eco-36	0	33.2	589	0.65	0.65	1.000	0
eco2-33	0	28.6	701	0	0		0
eco2-36	0	30.5	588	0.35	0.35	1.000	0
fgtA-33	0	30.1	615	0	0		0
fgtA-36	0	23.9	671	0	0		0
fgtB-33	0	29	698	0	0		0
fgtB-36	0	33.7	674	0	0		0
fstA-33	0	18.2	646	0.3	0.3	1.000	0
fstA-36	0	31.6	653	0	0		0
mix-32	0	28.4	602	41.6	41.6	1.000	1
mix-35	0	28.9	642	0.15	0.15	1.000	0
r61fix-81	0	55.1	284	0	0		0
r61fix-92	0	47.5	181	0	0		0
rwd0-32	0	25.3	676	0	0		0
rwd0-35	0	32.4	632	0	0		0
seedtest2-41	0	36.4	583	0.1	0.1	1.000	0
sty-33	0	26.4	650	0.45	0.45	1.000	0
sty-36	0	16.4	717	111.45	111.45	1.000	1
v11-62	0	54	218	0	0		0
v11-65	0	49.1	281	0	0		0
v11-72	0	47.3	416	0	0		0
v11-75	0	51.4	297	0	0		0
v12-81	0	50.3	516	0	0		0
v12-84	0	52.6	394	0	0		0
v12-91	1	56.7	29	0	0		0
v12-94	0	47.9	478	0	0		0
v13-101	1	45.1	319	0	0		0
v13-104	0	47.2	539	0	0		0
v13-31	0	45.2	464	0	0		0
v14-113	0	31.1	699	0	0		0
v14-116	0	56.1	409	0	0		0
v15-122	0	57.4	363	0	0		0
v15-125	0	57.1	223	0	0		0
v16-131	0	18.7	713	0	0		0
v16-134	0	52.5	417	0	0		0
v16-31	0	54	203	0	0		0
v17-143	0	57.4	331	0	0		0
v17-146	0	55.7	410	0	0		0
v7a-32	0	30.7	684	0	0		0
v7a-35	0	46.2	382	0	0		0
v7aim1-81	0	48.1	116	0	0		0
v7aim1-92	0	53.3	232	0.05	0.05	1.000	0
v7aim1f-82	0	39.9	347	0.1	0.1	1.000	0
v7aim2-82	0	37.9	541	0	0		0
v7aim3-82	0	36.3	564	0.05	0.05	1.000	0
v7attr-31	0	53	167	4.75	4.75	1.000	0
v7b-37	0	36.5	542	0	0		0
v7b-40	0	33.6	616	0	0		0
v7b-43	0	40.7	479	0	0		0
v7b-46	0	33.7	594	0	0		0
v7bead1-31	1	57.4	80	4.3	4.3	1.000	0
v7bead100-31	1	54.3	53	0.4	0.4	1.000	0
v7bead15-31	1	51.8	47	2.25	2.25	1.000	0
v7bead2-31	1	54.5	30	0.55	0.55	1.000	0
v7bead25-31	1	45.9	118	3	3	1.000	0
v7bead3-31	1	51.9	28	1.2	1.2	1.000	0
v7beadseed-31	1	48.2	159	0	0		0
v7big1-31	0	51.4	259	0	0		0
v7big1-91	0	47.1	168	0.2	0.2	1.000	0
v7blk1-31	1	55.2	144	0	0		0
v7blk1-91	0	48.3	128	0.05	0.05	1.000	0
v7c-31	0	33.2	597	18.25	18.25	1.000	1
v7c-34	0	29.9	621	0	0		0
v7c-37	0	36.5	543	0	0		0
v7c-40	0	33.6	617	0	0		0
v7catE1-31	0	41.2	565	0	0		0
v7catE5-31	0	45.4	327	0.05	0.05	1.000	0
v7clear2-31	0	38.4	475	0.05	0.05	1.000	0
v7cmin3-31	1	46.3	217	3.3	3.3	1.000	0
v7cmin4-31	1	55.9	33	0	0		0
v7ctrlE-31	0	43.5	627	0	0		0
v7cur-31	0	35.2	550	3.35	3.35	1.000	0
v7cur2-31	0	41.6	308	0.3	0.3	1.000	0
v7cur3-31	1	52.6	102	0.05	0.05	1.000	0
v7curri1-31	0	46.8	419	0	0		0
v7curri1-91	0	44.7	257	1.05	1.05	1.000	0
v7curri2-31	0	50.5	307	0	0		0
v7curri2-91	0	54.4	161	0	0		0
v7d-31	0	33.2	598	18.25	18.25	1.000	1
v7d-34	0	29.9	622	0	0		0
v7d-41	0	51.9	492	0	0		0
v7densE-81	0	35.3	700	0	0		0
v7divK-81	0	51.9	182	0	0		0
v7divK2-82	0	41.9	341	0.5	0.5	1.000	0
v7expo-33	0	46.4	295	9.8	9.8	1.000	1
v7f2-31	0	51.7	67	0.05	0.05	1.000	0
v7f2b-82	0	53	206	0	0		0
v7f2t-82	0	53.2	95	0	0		0
v7f2t-93	0	48.6	391	0	0		0
v7f3-94	1	31	601	0	0		0
v7f35b-95	0	43.6	476	0	0		0
v7f35b-98	0	59.4	110	0	0		0
v7f35t-81	0	46	423	0	0		0
v7f35t-92	0	52	285	0	0		0
v7f5b-94	0	57.3	196	0	0		0
v7f5b-97	0	35.4	654	0	0		0
v7f5div3-31	0	39.6	358	14.2	14.2	1.000	1
v7f5div3-91	0	56.6	20	0	0		0
v7f5t-31	0	45	164	0	0		0
v7f5t-91	0	50.7	289	0	0		0
v7f80-35	0	41.1	440	0	0		0
v7fix1-31	0	53.7	121	3.4	3.4	1.000	0
v7fix1-91	0	37.8	568	0	0		0
v7force-32	0	28.5	623	0.05	0.05	1.000	0
v7g-35	0	35.6	540	0.2	0.2	1.000	0
v7gf1-82	0	42.2	326	0	0		0
v7gf1-93	1	49.6	216	0	0		0
v7iso1-82	0	57.8	322	0	0		0
v7iso1-93	0	47.5	372	0	0		0
v7l2c-102	0	47	430	0	0		0
v7l2c-114	1	52.3	188	0	0		0
v7l2c-142	0	43.8	483	0	0		0
v7l2c-145	0	54.7	312	0	0		0
v7l2c-148	0	55.7	117	0	0		0
v7l2c-151	0	49.8	238	0.15	0.15	1.000	0
v7l2c-82	1	54	100	0	0		0
v7l2f-101	0	30.4	634	0	0		0
v7l2f-141	1	45.7	139	0.1	0.1	1.000	0
v7l2f-144	0	32.2	592	0	0		0
v7l2f-147	0	33	655	0	0		0
v7l2f-150	0	44.1	429	3.3	3.3	1.000	0
v7l2f-31	0	32.1	692	0	0		0
v7l2h-106	0	47.4	198	2.75	2.75	1.000	0
v7l2h-93	1	47.6	221	0.9	0.9	1.000	0
v7l2o-93	1	42.5	359	0	0		0
v7l2s-82	0	57.1	114	0	0		0
v7l7-31	0	35.3	525	0	0		0
v7l7-34	0	35.3	526	0	0		0
v7l7-41	0	35.3	527	0	0		0
v7l7-44	0	35.3	528	0	0		0
v7m2_noBead-31	0	42.1	501	0	0		0
v7m2_noBead-34	0	26.2	661	0	0		0
v7m2_noEffects-31	1	44	310	0.05	0.05	1.000	0
v7m2_noEffects-34	0	42	469	6.5	6.5	1.000	1
v7m2_noTarget-31	0	26.2	662	0	0		0
v7m2_noTarget-34	0	26.2	663	0	0		0
v7m_noBead-31	0	42.1	502	0	0		0
v7n1-82	0	51.7	177	0.05	0.05	1.000	0
v7new1-81	0	55.3	186	0	0		0
v7new1-92	0	57.5	96	0	0		0
v7new2-81	0	50.6	263	0	0		0
v7new2-92	0	44.7	480	0	0		0
v7new3-81	0	50.6	264	0	0		0
v7new3-92	0	44.7	481	0	0		0
v7new4-81	0	60.1	150	0	0		0
v7new4-92	0	44.7	605	0	0		0
v7new5_005-81	1	46.2	348	0	0		0
v7new5_005-92	0	49.8	156	0	0		0
v7new5_01-81	1	53.2	134	0	0		0
v7new5_01-92	1	51.2	158	0	0		0
v7new6-94	1	49.3	133	0	0		0
v7new6-97	0	47.1	369	0	0		0
v7noteach1-31	0	51.4	316	0	0		0
v7noteach1-91	0	51.4	330	0	0		0
v7phase-31	0	59.6	59	0	0		0
v7phase-34	0	59.6	60	0	0		0
v7press-36	0	40	366	0	0		0
v7press1-82	0	42.9	143	0	0		0
v7press1-93	0	50.4	380	0.15	0.15	1.000	0
v7press2-82	0	52	149	0.3	0.3	1.000	0
v7press2-93	0	39.9	557	0	0		0
v7press3-82	0	61.3	19	0.05	0.05	1.000	0
v7press3-93	0	45.1	408	0	0		0
v7protoE-82	1	45.3	357	0	0		0
v7r3-46	0	40.6	365	0.25	0.25	1.000	0
v7rand-33	0	46.5	353	0.2	0.2	1.000	0
v7rand-36	0	46.5	354	0.2	0.2	1.000	0
v7rb1-92	0	41	336	0.25	0.25	1.000	0
v7rb2-92	0	50.8	52	0.35	0.35	1.000	0
v7ringA1-81	0	41.8	549	0	0		0
v7ringA1-92	0	41	573	0	0		0
v7ringB1-81	1	43.2	376	1.25	1.25	1.000	0
v7ringB1-92	0	40.8	641	0	0		0
v7ringT-81	0	28.2	688	0	0		0
v7ringT-92	0	59.3	245	0	0		0
v7ringT2-81	0	28.2	689	0	0		0
v7ringT2-92	0	59.3	246	0	0		0
v7ringT3-81	0	49.2	320	0	0		0
v7ringT3-92	0	51.2	510	0	0		0
v7role1-81	1	54	51	0	0		0
v7role1-92	0	51.1	396	0	0		0
v7role12-94	0	47.4	111	1.1	1.1	1.000	0
v7role1w-31	0	56	211	0	0		0
v7role1w-91	1	50.2	222	0.5	0.5	1.000	0
v7role5-31	0	45.6	459	0	0		0
v7role5-91	0	50.5	258	0	0		0
v7roleC-31	0	43.5	628	0	0		0
v7roleC-91	0	43.5	556	0	0		0
v7roleC2-31	0	43.5	629	0	0		0
v7roleC2-96	0	43.8	507	0	0		0
v7s4-93	0	43.9	437	0	0		0
v7s5-93	0	53.1	38	4.5	4.5	1.000	0
v7s6-93	0	42.7	457	0.1	0.1	1.000	0
v7s7-93	0	43.7	497	0.05	0.05	1.000	0
v7s8-93	0	43.7	178	7.6	7.6	1.000	1
v7s9-93	1	49.8	93	0.15	0.15	1.000	0
v7salt-33	0	59.6	61	0	0		0
v7salt-36	0	59.6	62	0	0		0
v7seat2-46	0	45.5	413	3.8	3.8	1.000	0
v7seat2-51	0	49.4	199	1.05	1.05	1.000	0
v7seat24-82	0	55	26	0.1	0.1	1.000	0
v7seat24b-92	0	43.8	129	0.05	0.05	1.000	0
v7stock1-31	0	59.3	79	0	0		0
v7stock1-91	0	44.3	560	0	0		0
v7stock2-31	0	55.9	124	0	0		0
v7stock2-91	0	51.5	427	0	0		0
v7sub1-31	0	48.1	328	0	0		0
v7sub1-91	0	47.9	360	0	0		0
v7t1-31	0	60.3	27	0	0		0
v7t2-31	1	48.6	89	0.6	0.6	1.000	0
v7teach-32	0	22.3	703	81.4	81.4	1.000	1
v7teach2-31	0	53.5	70	1.25	1.25	1.000	0
v7tgt2-31	0	44.3	571	0	0		0
v7tgt4-62	1	52.9	81	0	0		0
v7tgt4-66	1	46.1	342	0.05	0.05	1.000	0
v7tgt5-64	0	47.1	241	0	0		0
v7u1-93	1	56.7	12	0.35	0.35	1.000	0
v7w3c-82	1	48.1	224	0	0		0
v7w3c-93	0	45	395	0	0		0
v7w3r1-82	1	51.2	153	0.55	0.55	1.000	0
v7w3r1-93	0	50.8	303	0	0		0
v7wall-34	0	40.2	364	25.2	25.2	1.000	1
v7wall1-81	0	51.9	495	0	0		0
v7wall1-92	0	50.7	269	0	0		0
v7wall2-94	0	53.9	240	0	0		0
v7wall2-97	1	42	189	0.15	0.15	1.000	0
v7ws1-31	0	56.3	16	9.95	9.95	1.000	1
v7ws1-91	1	57	5	0.4	0.4	1.000	0
v7ws2-31	0	56.6	9	0	0		0
v7ws2-91	0	61.2	244	0	0		0
v8fix-35	0	35.3	529	0	0		0
v9-33	0	50.7	374	0	0		0
v9-36	0	38.4	600	0	0		0
v9-43	0	38.4	574	0	0		0
v9-46	0	47	490	0	0		0
def-33	0	35.3	636	0	0		0
def-36	0	36	669	0	0		0
eco-33	0	26.2	682	0	0		0
eco-34	0	41.2	433	0	0		0
eco2-31	0	19.8	718	0	0		0
eco2-34	1	31.2	569	2.25	2.25	1.000	0
fgtA-31	0	30.4	702	0	0		0
fgtA-34	0	36.1	559	0	0		0
fgtB-31	0	31	498	0	0		0
fgtB-34	1	35.8	491	0	0		0
fstA-31	0	23.3	681	0	0		0
fstA-34	0	29	680	0	0		0
incumbent-forpromote	1	55.9	34	0	0		0
mix-33	0	28.7	710	0.65	0.65	1.000	0
mix-36	0	29	687	0	0		0
r61fix-82	0	46.5	458	0	0		0
r61fix-93	0	43.3	587	0	0		0
rwd0-33	0	37.6	652	0	0		0
rwd0-36	1	23	679	0	0		0
sty-31	0	27.1	656	0	0		0
sty-34	0	39.8	561	0.1	0.1	1.000	0
v11-31	0	45.2	461	0	0		0
v11-63	0	40.7	586	0	0		0
v11-66	0	41	535	0	0		0
v11-73	0	55.4	248	0	0		0
v11-76	0	53	385	0.05	0.05	1.000	0
v12-82	0	54.4	367	0	0		0
v12-85	0	42.5	496	0	0		0
v12-92	0	58.4	209	0	0		0
v12-95	1	43.2	411	0.3	0.3	1.000	0
v13-102	0	53.6	237	0	0		0
v13-105	0	54	183	0	0		0
v14-111	1	51	122	0	0		0
v14-114	1	51.3	212	0	0		0
v14-31	0	54	204	0	0		0
v15-123	1	53	157	0	0		0
v15-126	0	31.7	675	0	0		0
v16-132	0	50.4	300	0	0		0
v16-135	0	35.7	649	6.85	6.85	1.000	1
v17-141	0	30.4	668	0	0		0
v17-144	0	55.9	239	0	0		0
v17-31	0	41.7	514	1.2	1.2	1.000	0
v7a-33	0	50.5	176	0	0		0
v7a-36	0	51.1	406	0	0		0
v7aim1-82	0	39.8	505	0	0		0
v7aim1-93	0	60.3	2	0	0		0
v7aim1f-93	0	35.5	591	0.15	0.15	1.000	0
v7aim2-93	0	41.1	580	0	0		0
v7aim3-93	1	36.2	544	0	0		0
v7attr-33	0	49.8	332	0	0		0
v7b-38	0	30.7	705	0	0		0
v7b-41	0	51.9	493	0	0		0
v7b-44	0	36.2	645	0	0		0
v7b-47	0	44	562	0	0		0
v7bead1-82	1	46.4	138	0.1	0.1	1.000	0
v7bead100-82	1	58.9	23	0.3	0.3	1.000	0
v7bead15-82	0	46.2	207	0.2	0.2	1.000	0
v7bead2-82	1	57.6	11	4	4	1.000	0
v7bead25-82	1	54.7	24	0.55	0.55	1.000	0
v7bead3-82	1	41	279	0.6	0.6	1.000	0
v7beadseed-82	1	61.7	1	17.3	17.3	1.000	1
v7big1-81	0	51.9	88	0	0		0
v7big1-92	0	34.3	456	0.05	0.05	1.000	0
v7blk1-81	0	55.6	262	0	0		0
v7blk1-92	0	49.8	126	0.2	0.2	1.000	0
v7c-32	0	30.7	685	0	0		0
v7c-35	0	46.2	383	0	0		0
v7c-38	0	30.7	706	0	0		0
v7c-41	0	51.9	494	0	0		0
v7catE1-81	0	57.2	260	0	0		0
v7catE5-81	0	48.2	351	0	0		0
v7clear2-81	1	40.5	425	1.35	1.35	1.000	0
v7cmin3-82	0	55	107	0	0		0
v7cmin4-82	1	48.5	171	0	0		0
v7ctrlE-81	0	28.2	690	0	0		0
v7cur-82	0	23.9	631	0.3	0.3	1.000	0
v7cur2-82	1	45.3	315	0	0		0
v7cur3-82	1	50.1	184	0	0		0
v7curri1-81	0	46	463	0	0		0
v7curri1-92	0	54.4	400	0	0		0
v7curri2-81	0	47.4	477	0	0		0
v7curri2-92	0	61.4	87	0	0		0
v7d-32	0	30.7	686	0	0		0
v7d-35	0	46.2	384	0	0		0
v7d-42	0	45.1	608	0	0		0
v7densE-82	0	27.5	711	0	0		0
v7divK-82	0	49.3	155	0.1	0.1	1.000	0
v7divK2b-82	1	48.1	225	0	0		0
v7expo-34	0	23.5	714	115	115	1.000	1
v7f2b-31	1	56.3	31	0	0		0
v7f2t-31	0	50.3	112	12.3	12.3	1.000	1
v7f2t-91	0	45.3	142	0.2	0.2	1.000	0
v7f3-91	0	53.8	267	0	0		0
v7f35b-31	0	55.9	125	0	0		0
v7f35b-96	0	49.3	136	0	0		0
v7f35b-99	0	44.7	321	0.4	0.4	1.000	0
v7f35t-82	0	61.1	46	0	0		0
v7f35t-93	0	56	201	0	0		0
v7f5b-95	0	47.9	299	0	0		0
v7f5b-98	0	55	98	0	0		0
v7f5div3-81	1	47	294	0	0		0
v7f5div3-92	0	45.2	445	0.3	0.3	1.000	0
v7f5t-81	0	53	233	0	0		0
v7f5t-92	0	60.6	108	0	0		0
v7fix-31	0	36.4	584	0.1	0.1	1.000	0
v7fix1-81	0	55	36	2.4	2.4	1.000	0
v7fix1-92	0	35	558	0	0		0
v7force-34	1	48.9	185	0	0		0
v7gf1-31	0	41.7	489	0	0		0
v7gf1-91	1	43.9	173	0.05	0.05	1.000	0
v7iso1-31	0	43.5	503	0	0		0
v7iso1-91	0	43.5	593	0	0		0
v7l2a-81	0	54.4	32	0	0		0
v7l2c-103	0	45.4	242	0	0		0
v7l2c-124	0	43.4	500	0	0		0
v7l2c-143	1	56.4	37	0.05	0.05	1.000	0
v7l2c-146	0	34.5	643	0	0		0
v7l2c-149	0	50.6	350	0	0		0
v7l2c-152	0	44.9	474	0	0		0
v7l2c-91	0	51.7	132	0.1	0.1	1.000	0
v7l2f-102	0	58.6	85	0	0		0
v7l2f-142	0	36	581	0	0		0
v7l2f-145	0	51	141	1.35	1.35	1.000	0
v7l2f-148	0	29.1	708	0	0		0
v7l2f-151	0	29.9	610	1.75	1.75	1.000	0
v7l2f-81	0	34.1	572	0.25	0.25	1.000	0
v7l2h-81	0	50.2	179	0	0		0
v7l2o-91	1	51	191	0.15	0.15	1.000	0
v7l2s-111	0	45.3	334	2.4	2.4	1.000	0
v7l2s-91	1	54.2	42	0	0		0
v7l7-32	0	35.3	530	0	0		0
v7l7-35	0	35.3	531	0	0		0
v7l7-42	0	35.3	532	0	0		0
v7l7-45	0	35.3	533	0	0		0
v7m2_noBead-32	0	26.2	664	0	0		0
v7m2_noBead-35	0	26.2	665	0	0		0
v7m2_noEffects-32	1	44	311	0.05	0.05	1.000	0
v7m2_noEffects-35	0	42	470	6.5	6.5	1.000	1
v7m2_noTarget-32	0	26.2	666	0	0		0
v7m2_noTarget-35	0	41.4	293	0	0		0
v7m_noBead-32	0	26.2	667	0	0		0
v7n1-93	1	43.9	306	0.85	0.85	1.000	0
v7new1-82	0	55.9	210	0	0		0
v7new1-93	0	44.9	471	0	0		0
v7new2-82	0	44	485	0	0		0
v7new2-93	1	49.7	83	2	2	1.000	0
v7new3-82	0	44	486	0	0		0
v7new3-93	1	49.7	84	2	2	1.000	0
v7new4-82	0	51.8	375	0	0		0
v7new4-93	0	43.6	613	0	0		0
v7new5_005-82	0	50.6	323	0	0		0
v7new5_005-93	0	56.9	130	0	0		0
v7new5_01-82	0	37	635	0.1	0.1	1.000	0
v7new5_01-93	1	46.5	271	0	0		0
v7new6-95	0	49.2	393	0.3	0.3	1.000	0
v7new6-98	0	50.3	227	0	0		0
v7noteach1-81	0	55.8	77	0.95	0.95	1.000	0
v7noteach1-92	0	35.5	538	0	0		0
v7phase-32	0	59.6	63	0	0		0
v7phase-35	0	35.3	534	0	0		0
v7press1-31	0	47.2	484	0	0		0
v7press1-91	0	48.8	431	0	0		0
v7press2-31	0	40.8	415	2	2	1.000	0
v7press2-91	0	45.7	512	0	0		0
v7press3-31	0	56.3	17	9.95	9.95	1.000	1
v7press3-91	1	57	6	0.4	0.4	1.000	0
v7protoE-31	0	57.6	346	0	0		0
v7r2-35	1	43.2	398	0	0		0
v7r3-52	0	54.4	194	0	0		0
v7rand-34	0	46.5	355	0.2	0.2	1.000	0
v7rb1-31	0	47.3	506	0	0		0
v7rb2-31	0	49.9	228	0	0		0
v7ring-34	0	36.6	576	0	0		0
v7ringA1-82	0	42.9	579	0.1	0.1	1.000	0
v7ringA1-93	0	35	693	0	0		0
v7ringB1-82	0	47.4	292	0.55	0.55	1.000	0
v7ringB1-93	1	42.8	333	0	0		0
v7ringT-82	0	57.9	105	0	0		0
v7ringT-93	0	55.1	214	0	0		0
v7ringT2-82	0	57.9	106	0	0		0
v7ringT2-93	0	55.1	215	0	0		0
v7ringT3-82	0	52.1	371	0	0		0
v7ringT3-93	0	52.2	265	0	0		0
v7role1-82	0	61.5	115	0	0		0
v7role1-93	0	39.1	644	0	0		0
v7role12-95	0	56.2	386	0	0		0
v7role1w-81	0	52.6	220	0	0		0
v7role1w-92	0	50.1	261	1.3	1.3	1.000	0
v7role5-81	0	30.1	709	0	0		0
v7role5-92	0	50.8	451	0	0		0
v7roleC-81	0	28.2	691	0	0		0
v7roleC-92	0	59.3	247	0	0		0
v7roleC2-94	0	44.7	234	0.25	0.25	1.000	0
v7s4-31	0	54.6	35	0	0		0
v7s5-31	0	51.3	255	0.1	0.1	1.000	0
v7s6-31	0	58.5	66	0	0		0
v7s7-31	0	49.7	345	0	0		0
v7s8-31	1	49.7	120	0	0		0
v7s9-31	0	53.8	165	0	0		0
v7salt-31	1	47.6	229	5.55	5.55	1.000	0
v7salt-34	0	59.6	64	0	0		0
v7seat-34	0	51.6	109	0.15	0.15	1.000	0
v7seat2-48	0	56.2	145	0.05	0.05	1.000	0
v7seat24-31	0	38.2	677	0	0		0
v7seat24b-31	0	38.2	678	0	0		0
v7seat24b-93	0	43.8	356	0	0		0
v7stock1-81	0	53.3	362	0	0		0
v7stock1-92	1	54.1	140	0.1	0.1	1.000	0
v7stock2-81	0	46	424	0	0		0
v7stock2-92	0	52	286	0	0		0
v7sub1-81	1	42.2	455	2.45	2.45	1.000	0
v7sub1-92	0	64.2	22	0	0		0
v7t1-82	0	60.6	3	3.95	3.95	1.000	0
v7t2-82	1	48.8	65	0.85	0.85	1.000	0
v7teach-33	0	42.2	277	8.7	8.7	1.000	1
v7teach2-32	0	41.3	251	0.5	0.5	1.000	0
v7tgt2-52	1	45	272	6.15	6.15	1.000	1
v7tgt4-63	0	59	4	0	0		0
v7tgt5-31	0	47.8	301	0	0		0
v7u1-31	0	52.5	197	0.1	0.1	1.000	0
v7w3c-31	0	56.7	226	0	0		0
v7w3c-91	0	49	73	0.3	0.3	1.000	0
v7w3r1-31	0	51.1	379	0	0		0
v7w3r1-91	0	55	148	0	0		0
v7wall-31	0	53.5	71	1.25	1.25	1.000	0
v7wall-35	0	26.3	612	0	0		0
v7wall1-82	0	47.3	547	0	0		0
v7wall1-93	1	39.7	473	0.25	0.25	1.000	0
v7wall2-95	0	48.9	361	0	0		0
v7wall2-98	0	49.4	453	0.05	0.05	1.000	0
v7ws1-81	1	59.3	40	1.65	1.65	1.000	0
v7ws1-92	0	53.2	274	0	0		0
v7ws2-81	0	47.3	378	0.05	0.05	1.000	0
v7ws2-92	0	48.9	421	0	0		0
v9-31	0	45.2	462	0	0		0
v9-34	0	55.7	414	0	0		0
v9-41	0	48.2	439	0	0		0
v9-44	0	49.6	449	0	0		0
long-33	0	27.1	712	0	0		0
