id	F-rank	mode	holoOtherPerGame	holoPerGame	protoPerGame	dmgPerGame	rounds	zeroRate	effSkills	games
v7beadseed-82	1	off	15.975	15.975	0.700	14.43	33.20	0.000	7.374	40
v7beadseed-82	1	proto	0.000	0.000	20.825	14.47	36.77	0.000	6.806	40
v7beadseed-82	1	drop	0.000	0.000	0.200	14.45	35.10	0.000	6.133	40
SHIPPED-Ldemo	22	off	0.000	0.000	0.000	15.10	24.30	0.000	6.808	40
SHIPPED-Ldemo	22	proto	0.000	0.000	0.000	15.10	24.30	0.000	6.808	40
SHIPPED-Ldemo	22	drop	0.000	0.000	0.000	15.10	24.30	0.000	6.808	40
v7s9-82	7	off	3.825	3.825	0.000	14.20	20.73	0.000	6.928	40
v7s9-82	7	proto	0.000	0.000	7.150	14.18	21.82	0.000	6.574	40
v7s9-82	7	drop	0.000	0.000	0.000	14.15	18.75	0.000	5.887	40
D4a	8	off	0.075	0.075	0.025	14.68	27.23	0.000	7.709	40
D4a	8	proto	0.000	0.000	0.150	14.70	27.93	0.000	7.700	40
D4a	8	drop	0.000	0.000	0.025	14.70	27.55	0.000	7.693	40
