arm	seed	band	trainFit	packHash	dupInArm	selected	bandRel	gens	n	games	pop	recipeEnv
k8s301	301	1	1.0730062097107478	99f24b57af9e	0	0	docs/artifacts/k8bands/k8s301/k8s301-band1.bak	250	5	12	12	EPIRUS_ARM=k8s301 EPIRUS_BAND_DIR=docs/artifacts/k8bands/k8s301 EPIRUS_SEED=301 EPIRUS_T3P_OUT=docs/artifacts/k8bands/k8s301/k8s301-out.js
k8s301	301	2	1.055067955296725	6e8ec4c96564	0	0	docs/artifacts/k8bands/k8s301/k8s301-band2.bak	250	5	12	12	EPIRUS_ARM=k8s301 EPIRUS_BAND_DIR=docs/artifacts/k8bands/k8s301 EPIRUS_SEED=301 EPIRUS_T3P_OUT=docs/artifacts/k8bands/k8s301/k8s301-out.js
k8s301	301	3	0.9744855206582314	c13f129e0e2b	0	0	docs/artifacts/k8bands/k8s301/k8s301-band3.bak	250	5	12	12	EPIRUS_ARM=k8s301 EPIRUS_BAND_DIR=docs/artifacts/k8bands/k8s301 EPIRUS_SEED=301 EPIRUS_T3P_OUT=docs/artifacts/k8bands/k8s301/k8s301-out.js
k8s301	301	4	0.9479866901511369	0c313aa86dab	0	1	docs/artifacts/k8bands/k8s301/k8s301-band4.bak	250	5	12	12	EPIRUS_ARM=k8s301 EPIRUS_BAND_DIR=docs/artifacts/k8bands/k8s301 EPIRUS_SEED=301 EPIRUS_T3P_OUT=docs/artifacts/k8bands/k8s301/k8s301-out.js
k8s301	301	5	0.9472180687202403	84d4b4e7d637	0	0	docs/artifacts/k8bands/k8s301/k8s301-band5.bak	250	5	12	12	EPIRUS_ARM=k8s301 EPIRUS_BAND_DIR=docs/artifacts/k8bands/k8s301 EPIRUS_SEED=301 EPIRUS_T3P_OUT=docs/artifacts/k8bands/k8s301/k8s301-out.js
k8s301	301	6	0.9458217126769395	87b405b02453	0	0	docs/artifacts/k8bands/k8s301/k8s301-band6.bak	250	5	12	12	EPIRUS_ARM=k8s301 EPIRUS_BAND_DIR=docs/artifacts/k8bands/k8s301 EPIRUS_SEED=301 EPIRUS_T3P_OUT=docs/artifacts/k8bands/k8s301/k8s301-out.js
k8s302	302	1	1.0600428237681867	811b2926927a	0	0	docs/artifacts/k8bands/k8s302/k8s302-band1.bak	250	5	12	12	EPIRUS_ARM=k8s302 EPIRUS_BAND_DIR=docs/artifacts/k8bands/k8s302 EPIRUS_SEED=302 EPIRUS_T3P_OUT=docs/artifacts/k8bands/k8s302/k8s302-out.js
k8s302	302	2	1.0448857224773538	4ac1d98242ea	0	1	docs/artifacts/k8bands/k8s302/k8s302-band2.bak	250	5	12	12	EPIRUS_ARM=k8s302 EPIRUS_BAND_DIR=docs/artifacts/k8bands/k8s302 EPIRUS_SEED=302 EPIRUS_T3P_OUT=docs/artifacts/k8bands/k8s302/k8s302-out.js
k8s302	302	3	1.026530130372965	7a8530cc5816	0	0	docs/artifacts/k8bands/k8s302/k8s302-band3.bak	250	5	12	12	EPIRUS_ARM=k8s302 EPIRUS_BAND_DIR=docs/artifacts/k8bands/k8s302 EPIRUS_SEED=302 EPIRUS_T3P_OUT=docs/artifacts/k8bands/k8s302/k8s302-out.js
k8s302	302	4	1.0257098317899165	676b204efa0d	0	0	docs/artifacts/k8bands/k8s302/k8s302-band4.bak	250	5	12	12	EPIRUS_ARM=k8s302 EPIRUS_BAND_DIR=docs/artifacts/k8bands/k8s302 EPIRUS_SEED=302 EPIRUS_T3P_OUT=docs/artifacts/k8bands/k8s302/k8s302-out.js
k8s302	302	5	1.0239810512354222	5509c010048d	0	0	docs/artifacts/k8bands/k8s302/k8s302-band5.bak	250	5	12	12	EPIRUS_ARM=k8s302 EPIRUS_BAND_DIR=docs/artifacts/k8bands/k8s302 EPIRUS_SEED=302 EPIRUS_T3P_OUT=docs/artifacts/k8bands/k8s302/k8s302-out.js
k8s302	302	6	1.0172505504247744	d65d8985ed0a	0	0	docs/artifacts/k8bands/k8s302/k8s302-band6.bak	250	5	12	12	EPIRUS_ARM=k8s302 EPIRUS_BAND_DIR=docs/artifacts/k8bands/k8s302 EPIRUS_SEED=302 EPIRUS_T3P_OUT=docs/artifacts/k8bands/k8s302/k8s302-out.js
k8s303	303	1	1.0761327521153305	152fde963585	0	0	docs/artifacts/k8bands/k8s303/k8s303-band1.bak	250	5	12	12	EPIRUS_ARM=k8s303 EPIRUS_BAND_DIR=docs/artifacts/k8bands/k8s303 EPIRUS_SEED=303 EPIRUS_T3P_OUT=docs/artifacts/k8bands/k8s303/k8s303-out.js
k8s303	303	2	1.068409038676774	1b4dec8f5ce6	0	0	docs/artifacts/k8bands/k8s303/k8s303-band2.bak	250	5	12	12	EPIRUS_ARM=k8s303 EPIRUS_BAND_DIR=docs/artifacts/k8bands/k8s303 EPIRUS_SEED=303 EPIRUS_T3P_OUT=docs/artifacts/k8bands/k8s303/k8s303-out.js
k8s303	303	3	1.0621552952892486	226de4538fd4	0	0	docs/artifacts/k8bands/k8s303/k8s303-band3.bak	250	5	12	12	EPIRUS_ARM=k8s303 EPIRUS_BAND_DIR=docs/artifacts/k8bands/k8s303 EPIRUS_SEED=303 EPIRUS_T3P_OUT=docs/artifacts/k8bands/k8s303/k8s303-out.js
k8s303	303	4	1.046876448014714	45a49c81d008	0	0	docs/artifacts/k8bands/k8s303/k8s303-band4.bak	250	5	12	12	EPIRUS_ARM=k8s303 EPIRUS_BAND_DIR=docs/artifacts/k8bands/k8s303 EPIRUS_SEED=303 EPIRUS_T3P_OUT=docs/artifacts/k8bands/k8s303/k8s303-out.js
k8s303	303	5	1.0456788227929479	d196c58af0be	0	1	docs/artifacts/k8bands/k8s303/k8s303-band5.bak	250	5	12	12	EPIRUS_ARM=k8s303 EPIRUS_BAND_DIR=docs/artifacts/k8bands/k8s303 EPIRUS_SEED=303 EPIRUS_T3P_OUT=docs/artifacts/k8bands/k8s303/k8s303-out.js
k8s303	303	6	1.031696338634	5cb3f7efb8db	0	0	docs/artifacts/k8bands/k8s303/k8s303-band6.bak	250	5	12	12	EPIRUS_ARM=k8s303 EPIRUS_BAND_DIR=docs/artifacts/k8bands/k8s303 EPIRUS_SEED=303 EPIRUS_T3P_OUT=docs/artifacts/k8bands/k8s303/k8s303-out.js
k8s304	304	1	0.978763283898351	fe030f8c5f27	0	0	docs/artifacts/k8bands/k8s304/k8s304-band1.bak	250	5	12	12	EPIRUS_ARM=k8s304 EPIRUS_BAND_DIR=docs/artifacts/k8bands/k8s304 EPIRUS_SEED=304 EPIRUS_T3P_OUT=docs/artifacts/k8bands/k8s304/k8s304-out.js
k8s304	304	2	0.9125366690934934	6b8f12e65dbc	0	0	docs/artifacts/k8bands/k8s304/k8s304-band2.bak	250	5	12	12	EPIRUS_ARM=k8s304 EPIRUS_BAND_DIR=docs/artifacts/k8bands/k8s304 EPIRUS_SEED=304 EPIRUS_T3P_OUT=docs/artifacts/k8bands/k8s304/k8s304-out.js
k8s304	304	3	0.9064568286109808	5cae8c5dd6b9	0	0	docs/artifacts/k8bands/k8s304/k8s304-band3.bak	250	5	12	12	EPIRUS_ARM=k8s304 EPIRUS_BAND_DIR=docs/artifacts/k8bands/k8s304 EPIRUS_SEED=304 EPIRUS_T3P_OUT=docs/artifacts/k8bands/k8s304/k8s304-out.js
k8s304	304	4	0.9034070353079309	6d67405b8afb	0	1	docs/artifacts/k8bands/k8s304/k8s304-band4.bak	250	5	12	12	EPIRUS_ARM=k8s304 EPIRUS_BAND_DIR=docs/artifacts/k8bands/k8s304 EPIRUS_SEED=304 EPIRUS_T3P_OUT=docs/artifacts/k8bands/k8s304/k8s304-out.js
k8s304	304	5	0.8890961048873129	84b5637fe62a	0	0	docs/artifacts/k8bands/k8s304/k8s304-band5.bak	250	5	12	12	EPIRUS_ARM=k8s304 EPIRUS_BAND_DIR=docs/artifacts/k8bands/k8s304 EPIRUS_SEED=304 EPIRUS_T3P_OUT=docs/artifacts/k8bands/k8s304/k8s304-out.js
k8s304	304	6	0.8864854163425664	789e5c1a3c9e	0	0	docs/artifacts/k8bands/k8s304/k8s304-band6.bak	250	5	12	12	EPIRUS_ARM=k8s304 EPIRUS_BAND_DIR=docs/artifacts/k8bands/k8s304 EPIRUS_SEED=304 EPIRUS_T3P_OUT=docs/artifacts/k8bands/k8s304/k8s304-out.js
k8s305	305	1	1.2029719745398275	0277f7d9711b	0	0	docs/artifacts/k8bands/k8s305/k8s305-band1.bak	250	5	12	12	EPIRUS_ARM=k8s305 EPIRUS_BAND_DIR=docs/artifacts/k8bands/k8s305 EPIRUS_SEED=305 EPIRUS_T3P_OUT=docs/artifacts/k8bands/k8s305/k8s305-out.js
k8s305	305	2	1.1496728039699637	cbaad89fa089	0	0	docs/artifacts/k8bands/k8s305/k8s305-band2.bak	250	5	12	12	EPIRUS_ARM=k8s305 EPIRUS_BAND_DIR=docs/artifacts/k8bands/k8s305 EPIRUS_SEED=305 EPIRUS_T3P_OUT=docs/artifacts/k8bands/k8s305/k8s305-out.js
k8s305	305	3	1.1495560911177487	868dd9324591	0	0	docs/artifacts/k8bands/k8s305/k8s305-band3.bak	250	5	12	12	EPIRUS_ARM=k8s305 EPIRUS_BAND_DIR=docs/artifacts/k8bands/k8s305 EPIRUS_SEED=305 EPIRUS_T3P_OUT=docs/artifacts/k8bands/k8s305/k8s305-out.js
k8s305	305	4	1.1383768835563794	c12d7255d945	0	0	docs/artifacts/k8bands/k8s305/k8s305-band4.bak	250	5	12	12	EPIRUS_ARM=k8s305 EPIRUS_BAND_DIR=docs/artifacts/k8bands/k8s305 EPIRUS_SEED=305 EPIRUS_T3P_OUT=docs/artifacts/k8bands/k8s305/k8s305-out.js
k8s305	305	5	1.1351722917683031	67b6d923b111	0	0	docs/artifacts/k8bands/k8s305/k8s305-band5.bak	250	5	12	12	EPIRUS_ARM=k8s305 EPIRUS_BAND_DIR=docs/artifacts/k8bands/k8s305 EPIRUS_SEED=305 EPIRUS_T3P_OUT=docs/artifacts/k8bands/k8s305/k8s305-out.js
k8s305	305	6	1.128863603352067	81fcb30c0851	0	1	docs/artifacts/k8bands/k8s305/k8s305-band6.bak	250	5	12	12	EPIRUS_ARM=k8s305 EPIRUS_BAND_DIR=docs/artifacts/k8bands/k8s305 EPIRUS_SEED=305 EPIRUS_T3P_OUT=docs/artifacts/k8bands/k8s305/k8s305-out.js
k8s306	306	1	1.1928576943281382	3cd58eca5e9e	0	0	docs/artifacts/k8bands/k8s306/k8s306-band1.bak	250	5	12	12	EPIRUS_ARM=k8s306 EPIRUS_BAND_DIR=docs/artifacts/k8bands/k8s306 EPIRUS_SEED=306 EPIRUS_T3P_OUT=docs/artifacts/k8bands/k8s306/k8s306-out.js
k8s306	306	2	1.1530743000586727	6006be0ae603	0	0	docs/artifacts/k8bands/k8s306/k8s306-band2.bak	250	5	12	12	EPIRUS_ARM=k8s306 EPIRUS_BAND_DIR=docs/artifacts/k8bands/k8s306 EPIRUS_SEED=306 EPIRUS_T3P_OUT=docs/artifacts/k8bands/k8s306/k8s306-out.js
k8s306	306	3	1.1375832837273376	3443a32904ad	0	0	docs/artifacts/k8bands/k8s306/k8s306-band3.bak	250	5	12	12	EPIRUS_ARM=k8s306 EPIRUS_BAND_DIR=docs/artifacts/k8bands/k8s306 EPIRUS_SEED=306 EPIRUS_T3P_OUT=docs/artifacts/k8bands/k8s306/k8s306-out.js
k8s306	306	4	1.1220348990689115	fa318e15aac6	0	1	docs/artifacts/k8bands/k8s306/k8s306-band4.bak	250	5	12	12	EPIRUS_ARM=k8s306 EPIRUS_BAND_DIR=docs/artifacts/k8bands/k8s306 EPIRUS_SEED=306 EPIRUS_T3P_OUT=docs/artifacts/k8bands/k8s306/k8s306-out.js
k8s306	306	5	1.100215836753213	450086ebe964	0	0	docs/artifacts/k8bands/k8s306/k8s306-band5.bak	250	5	12	12	EPIRUS_ARM=k8s306 EPIRUS_BAND_DIR=docs/artifacts/k8bands/k8s306 EPIRUS_SEED=306 EPIRUS_T3P_OUT=docs/artifacts/k8bands/k8s306/k8s306-out.js
k8s306	306	6	1.0969627240703823	9591c0caba04	0	0	docs/artifacts/k8bands/k8s306/k8s306-band6.bak	250	5	12	12	EPIRUS_ARM=k8s306 EPIRUS_BAND_DIR=docs/artifacts/k8bands/k8s306 EPIRUS_SEED=306 EPIRUS_T3P_OUT=docs/artifacts/k8bands/k8s306/k8s306-out.js
k8s307	307	1	0.926139332238773	bc803cc425d0	0	0	docs/artifacts/k8bands/k8s307/k8s307-band1.bak	250	5	12	12	EPIRUS_ARM=k8s307 EPIRUS_BAND_DIR=docs/artifacts/k8bands/k8s307 EPIRUS_SEED=307 EPIRUS_T3P_OUT=docs/artifacts/k8bands/k8s307/k8s307-out.js
k8s307	307	2	0.9109146864860387	9714c94cb984	0	0	docs/artifacts/k8bands/k8s307/k8s307-band2.bak	250	5	12	12	EPIRUS_ARM=k8s307 EPIRUS_BAND_DIR=docs/artifacts/k8bands/k8s307 EPIRUS_SEED=307 EPIRUS_T3P_OUT=docs/artifacts/k8bands/k8s307/k8s307-out.js
k8s307	307	3	0.9021092515481717	374a1a66cf61	0	0	docs/artifacts/k8bands/k8s307/k8s307-band3.bak	250	5	12	12	EPIRUS_ARM=k8s307 EPIRUS_BAND_DIR=docs/artifacts/k8bands/k8s307 EPIRUS_SEED=307 EPIRUS_T3P_OUT=docs/artifacts/k8bands/k8s307/k8s307-out.js
k8s307	307	4	0.89879067810047	377d7d211275	0	0	docs/artifacts/k8bands/k8s307/k8s307-band4.bak	250	5	12	12	EPIRUS_ARM=k8s307 EPIRUS_BAND_DIR=docs/artifacts/k8bands/k8s307 EPIRUS_SEED=307 EPIRUS_T3P_OUT=docs/artifacts/k8bands/k8s307/k8s307-out.js
k8s307	307	5	0.8727373958697411	50c2eb1ef6af	0	0	docs/artifacts/k8bands/k8s307/k8s307-band5.bak	250	5	12	12	EPIRUS_ARM=k8s307 EPIRUS_BAND_DIR=docs/artifacts/k8bands/k8s307 EPIRUS_SEED=307 EPIRUS_T3P_OUT=docs/artifacts/k8bands/k8s307/k8s307-out.js
k8s307	307	6	0.8689402026760394	fe3773e6d533	0	1	docs/artifacts/k8bands/k8s307/k8s307-band6.bak	250	5	12	12	EPIRUS_ARM=k8s307 EPIRUS_BAND_DIR=docs/artifacts/k8bands/k8s307 EPIRUS_SEED=307 EPIRUS_T3P_OUT=docs/artifacts/k8bands/k8s307/k8s307-out.js
k8s308	308	1	1.2235054243571162	3119556f0edb	0	0	docs/artifacts/k8bands/k8s308/k8s308-band1.bak	250	5	12	12	EPIRUS_ARM=k8s308 EPIRUS_BAND_DIR=docs/artifacts/k8bands/k8s308 EPIRUS_SEED=308 EPIRUS_T3P_OUT=docs/artifacts/k8bands/k8s308/k8s308-out.js
k8s308	308	2	1.180889372647292	ee9134c15529	0	0	docs/artifacts/k8bands/k8s308/k8s308-band2.bak	250	5	12	12	EPIRUS_ARM=k8s308 EPIRUS_BAND_DIR=docs/artifacts/k8bands/k8s308 EPIRUS_SEED=308 EPIRUS_T3P_OUT=docs/artifacts/k8bands/k8s308/k8s308-out.js
k8s308	308	3	1.1353723276160845	2c117623728c	0	0	docs/artifacts/k8bands/k8s308/k8s308-band3.bak	250	5	12	12	EPIRUS_ARM=k8s308 EPIRUS_BAND_DIR=docs/artifacts/k8bands/k8s308 EPIRUS_SEED=308 EPIRUS_T3P_OUT=docs/artifacts/k8bands/k8s308/k8s308-out.js
k8s308	308	4	1.128183085927077	d9bcaf4c61a7	0	1	docs/artifacts/k8bands/k8s308/k8s308-band4.bak	250	5	12	12	EPIRUS_ARM=k8s308 EPIRUS_BAND_DIR=docs/artifacts/k8bands/k8s308 EPIRUS_SEED=308 EPIRUS_T3P_OUT=docs/artifacts/k8bands/k8s308/k8s308-out.js
k8s308	308	5	1.1248416661734777	1660ac9ee0d9	0	0	docs/artifacts/k8bands/k8s308/k8s308-band5.bak	250	5	12	12	EPIRUS_ARM=k8s308 EPIRUS_BAND_DIR=docs/artifacts/k8bands/k8s308 EPIRUS_SEED=308 EPIRUS_T3P_OUT=docs/artifacts/k8bands/k8s308/k8s308-out.js
k8s308	308	6	1.1054959694885027	74f335d80fef	0	0	docs/artifacts/k8bands/k8s308/k8s308-band6.bak	250	5	12	12	EPIRUS_ARM=k8s308 EPIRUS_BAND_DIR=docs/artifacts/k8bands/k8s308 EPIRUS_SEED=308 EPIRUS_T3P_OUT=docs/artifacts/k8bands/k8s308/k8s308-out.js
