arm	productRel	lineage
k8s301-b1	docs/artifacts/k8bands/k8s301/k8s301-band1.bak	k8fit
k8s301-b2	docs/artifacts/k8bands/k8s301/k8s301-band2.bak	k8fit
k8s301-b3	docs/artifacts/k8bands/k8s301/k8s301-band3.bak	k8fit
k8s301-b4	docs/artifacts/k8bands/k8s301/k8s301-band4.bak	k8fit
k8s301-b5	docs/artifacts/k8bands/k8s301/k8s301-band5.bak	k8fit
k8s301-b6	docs/artifacts/k8bands/k8s301/k8s301-band6.bak	k8fit
k8s302-b1	docs/artifacts/k8bands/k8s302/k8s302-band1.bak	k8fit
k8s302-b2	docs/artifacts/k8bands/k8s302/k8s302-band2.bak	k8fit
k8s302-b3	docs/artifacts/k8bands/k8s302/k8s302-band3.bak	k8fit
k8s302-b4	docs/artifacts/k8bands/k8s302/k8s302-band4.bak	k8fit
k8s302-b5	docs/artifacts/k8bands/k8s302/k8s302-band5.bak	k8fit
k8s302-b6	docs/artifacts/k8bands/k8s302/k8s302-band6.bak	k8fit
k8s303-b1	docs/artifacts/k8bands/k8s303/k8s303-band1.bak	k8fit
k8s303-b2	docs/artifacts/k8bands/k8s303/k8s303-band2.bak	k8fit
k8s303-b3	docs/artifacts/k8bands/k8s303/k8s303-band3.bak	k8fit
k8s303-b4	docs/artifacts/k8bands/k8s303/k8s303-band4.bak	k8fit
k8s303-b5	docs/artifacts/k8bands/k8s303/k8s303-band5.bak	k8fit
k8s303-b6	docs/artifacts/k8bands/k8s303/k8s303-band6.bak	k8fit
k8s304-b1	docs/artifacts/k8bands/k8s304/k8s304-band1.bak	k8fit
k8s304-b2	docs/artifacts/k8bands/k8s304/k8s304-band2.bak	k8fit
k8s304-b3	docs/artifacts/k8bands/k8s304/k8s304-band3.bak	k8fit
k8s304-b4	docs/artifacts/k8bands/k8s304/k8s304-band4.bak	k8fit
k8s304-b5	docs/artifacts/k8bands/k8s304/k8s304-band5.bak	k8fit
k8s304-b6	docs/artifacts/k8bands/k8s304/k8s304-band6.bak	k8fit
k8s305-b1	docs/artifacts/k8bands/k8s305/k8s305-band1.bak	k8fit
k8s305-b2	docs/artifacts/k8bands/k8s305/k8s305-band2.bak	k8fit
k8s305-b3	docs/artifacts/k8bands/k8s305/k8s305-band3.bak	k8fit
k8s305-b4	docs/artifacts/k8bands/k8s305/k8s305-band4.bak	k8fit
k8s305-b5	docs/artifacts/k8bands/k8s305/k8s305-band5.bak	k8fit
k8s305-b6	docs/artifacts/k8bands/k8s305/k8s305-band6.bak	k8fit
k8s306-b1	docs/artifacts/k8bands/k8s306/k8s306-band1.bak	k8fit
k8s306-b2	docs/artifacts/k8bands/k8s306/k8s306-band2.bak	k8fit
k8s306-b3	docs/artifacts/k8bands/k8s306/k8s306-band3.bak	k8fit
k8s306-b4	docs/artifacts/k8bands/k8s306/k8s306-band4.bak	k8fit
k8s306-b5	docs/artifacts/k8bands/k8s306/k8s306-band5.bak	k8fit
k8s306-b6	docs/artifacts/k8bands/k8s306/k8s306-band6.bak	k8fit
k8s307-b1	docs/artifacts/k8bands/k8s307/k8s307-band1.bak	k8fit
k8s307-b2	docs/artifacts/k8bands/k8s307/k8s307-band2.bak	k8fit
k8s307-b3	docs/artifacts/k8bands/k8s307/k8s307-band3.bak	k8fit
k8s307-b4	docs/artifacts/k8bands/k8s307/k8s307-band4.bak	k8fit
k8s307-b5	docs/artifacts/k8bands/k8s307/k8s307-band5.bak	k8fit
k8s307-b6	docs/artifacts/k8bands/k8s307/k8s307-band6.bak	k8fit
k8s308-b1	docs/artifacts/k8bands/k8s308/k8s308-band1.bak	k8fit
k8s308-b2	docs/artifacts/k8bands/k8s308/k8s308-band2.bak	k8fit
k8s308-b3	docs/artifacts/k8bands/k8s308/k8s308-band3.bak	k8fit
k8s308-b4	docs/artifacts/k8bands/k8s308/k8s308-band4.bak	k8fit
k8s308-b5	docs/artifacts/k8bands/k8s308/k8s308-band5.bak	k8fit
k8s308-b6	docs/artifacts/k8bands/k8s308/k8s308-band6.bak	k8fit
