wid8	wid	fromUTC	sha	container	wlen	panelId	H	Hp	dEps	strict	top2	deepIn	deepOut	rounds	keys	bigt	drain	promote	promoteWhy	Gmulti	S	duelOld%	duelRef%	duelDiff	approxSE	metaTs	metaFirst	hot	gens	subject
6ed47e18	6ed47e18fee76dbc	2026-09-09T13:45:14+08:00	97d7114	v4	1873		11.10	10.80	0.30	10.50	25.40	11.8	4.7	38.4	13	0	0	FAIL	反弹墙里穿透卡零命中（激光剑/坦克/狙击枪/电磁炮）⇒ 面对 4 面反弹墙一枪未发（D 列会归零） ‖ E 无威胁时摆架势 100% > 60%（对手ジ还没到 5、没有大雷威胁时，它也一直摆架势） ‖ F 被集火还手率 0% < 20%（被 4 席猛攻时不还手） ‖ G 有效技能数 3.00 < 3（打法坍缩到两三张卡） ‖ 行为门未过：G4[e370-old/6ed47e18-v7/long] 无一行脚本能以 >60% 击败它（最克「只狙击」100% · 基线 0%/300局） ‖ 行为门未过：G4[e370-old/6ed47e18-v7/multi] 无一行脚本能以 >60% 击败它（最克「只狙击」100% · 基线 0%/300局）	3.00	1.099	0.5	42.5	-42.0	3.5	2026-09-09T05:43:46.901Z	0.5196428571428572		400	v1.3.0：多人（3 人）自对战训练 + 3P 冠军
bb5c0e8e	bb5c0e8eea2b2a52	2026-09-10T12:46:01+08:00	89f5e07	v4	1873		11.10	11.00	0.10	10.50	25.60	12.2	4.0	38.4	14	0	0	FAIL	反弹墙里穿透卡零命中（激光剑/坦克/狙击枪/电磁炮）⇒ 面对 4 面反弹墙一枪未发（D 列会归零） ‖ E 无威胁时摆架势 100% > 60%（对手ジ还没到 5、没有大雷威胁时，它也一直摆架势） ‖ F 被集火还手率 0% < 20%（被 4 席猛攻时不还手） ‖ G 有效技能数 3.00 < 3（打法坍缩到两三张卡） ‖ 行为门未过：G4[e370-old/bb5c0e8e-v7/long] 无一行脚本能以 >60% 击败它（最克「只狙击」100% · 基线 0%/300局） ‖ 行为门未过：G4[e370-old/bb5c0e8e-v7/multi] 无一行脚本能以 >60% 击败它（最克「只狙击」100% · 基线 0%/300局）	3.00	1.099	0.5	42.5	-42.0	3.5	2026-09-10T04:43:47.113Z	0.6089285714285714		500	v1.3.1：多人规则修正（目标/相抵/大雷连带/死亡）+ 3P 冠军重训
4afeed5f	4afeed5fb3d05fa8	2026-09-10T13:28:03+08:00	dd8b31b	v5	3313		21.50	16.80	4.70	19.10	44.50	16.2	20.0	33.5	16	0	0	FAIL	反弹墙里穿透卡零命中（激光剑/坦克/狙击枪/电磁炮）⇒ 面对 4 面反弹墙一枪未发（D 列会归零） ‖ 行为门未过：G4[e370-old/4afeed5f-v7/long] 无一行脚本能以 >60% 击败它（最克「只防御(不还手)」100% · 基线 18%/300局） ‖ 行为门未过：G4[e370-old/4afeed5f-v7/multi] 无一行脚本能以 >60% 击败它（最克「只防御(不还手)」95% · 基线 18%/300局） ‖ 行为门未过：G5[e370-old/4afeed5f-v7/long] 面对"只防御不还手"必须能清场（实测防席夺冠 100% · 阈值 ≤25% · 关掉上线档） ‖ 行为门未过：G5[e370-old/4afeed5f-v7/multi] 面对"只防御不还手"必须能清场（实测防席夺冠 94% · 阈值 ≤25% · 关掉上线档）	3.90	1.060	10.5	34.5	-24.0	4.0	2026-09-10T05:25:47.067Z	0.48035714285714287		500	v1.3.2：AI 状态特征 v5（对手槽位+技能历史）+ 显示/目标/大雷连带修正
033c7601	033c76018b9877dc	2026-09-10T13:56:15+08:00	8b4ffae	v5	3313		20.90	18.00	2.90	19.00	45.00	17.8	19.3	33.9	19	0	0	FAIL	反弹墙里穿透卡零命中（激光剑/坦克/狙击枪/电磁炮）⇒ 面对 4 面反弹墙一枪未发（D 列会归零） ‖ E 无威胁时摆架势 64% > 60%（对手ジ还没到 5、没有大雷威胁时，它也一直摆架势） ‖ 行为门未过：G4[e370-old/033c7601-v7/long] 无一行脚本能以 >60% 击败它（最克「只防御(不还手)」100% · 基线 14%/300局） ‖ 行为门未过：G5[e370-old/033c7601-v7/long] 面对"只防御不还手"必须能清场（实测防席夺冠 100% · 阈值 ≤25% · 关掉上线档） ‖ 行为门未过：G5[e370-old/033c7601-v7/multi] 面对"只防御不还手"必须能清场（实测防席夺冠 55% · 阈值 ≤25% · 关掉上线档）	3.79	1.301	11.5	45.0	-33.5	4.2	2026-09-10T05:49:19.385Z	0.5541666666666667		6	v1.3.4 训练场支持多人训练（3/4/5 人）
03749abc	03749abc64af6eaa	2026-09-10T18:35:30+08:00	1f8860e	v5	3313		24.30	21.10	3.20	23.30	40.50	20.0	28.0	33.9	29	3	5	FAIL	F 被集火还手率 18% < 20%（被 4 席猛攻时不还手） ‖ G 有效技能数 2.27 < 3（打法坍缩到两三张卡） ‖ 行为门未过：G5[e370-old/03749abc-v7/long] 面对"只防御不还手"必须能清场（实测防席夺冠 55% · 阈值 ≤25% · 关掉上线档） ‖ 行为门未过：G5[e370-old/03749abc-v7/multi] 面对"只防御不还手"必须能清场（实测防席夺冠 29% · 阈值 ≤25% · 关掉上线档）	2.27	0.958	7.0	42.0	-35.0	3.9	2026-09-10T10:31:52.444Z	0.6013888888888889		1500	v1.3.6 多人 AI 学会攒钱（ε-探索 + 经济适应度）
cc573172	cc5731724c374460	2026-09-10T18:49:44+08:00	918a4d1	v5	3313		16.60	16.20	0.40	15.90	37.90	15.3	21.3	34.6	21	0	0	FAIL	反弹墙里穿透卡零命中（激光剑/坦克/狙击枪/电磁炮）⇒ 面对 4 面反弹墙一枪未发（D 列会归零） ‖ E 无威胁时摆架势 99% > 60%（对手ジ还没到 5、没有大雷威胁时，它也一直摆架势） ‖ 行为门未过：G4[e370-old/cc573172-v7/long] 无一行脚本能以 >60% 击败它（最克「珠爆发(ジ→蓄电珠→电磁炮/摄魂)」67% · 基线 6%/300局） ‖ 行为门未过：G4[e370-old/cc573172-v7/multi] 无一行脚本能以 >60% 击败它（最克「珠爆发(ジ→蓄电珠→电磁炮/摄魂)」67% · 基线 2%/300局）	3.06	1.114	9.5	39.5	-30.0	4.0	2026-09-10T10:46:23.995Z	0.5652777777777778		1500	v1.3.7 技能覆盖熵：抑制策略坍缩，拓宽技能分布
9ada5161	9ada5161b179c7c3	2026-09-11T18:33:05+08:00	0bcc550	v6	3337		20.00	17.20	2.80	18.30	47.20	16.1	24.0	33.9	23	0	0	FAIL	反弹墙里穿透卡零命中（激光剑/坦克/狙击枪/电磁炮）⇒ 面对 4 面反弹墙一枪未发（D 列会归零） ‖ G 有效技能数 1.69 < 3（打法坍缩到两三张卡）	1.69	0.357	2.0	51.0	-49.0	3.7	2026-09-11T10:26:35.237Z	0.47638888888888886		1500	v1.3.19 千问纠正：damage 补 source / skill-diag 上下文错接 / (a) 自己跨环启动线特征 / 双冠军按 v6 重训
f970452c	f970452c470971ef	2026-09-11T19:07:40+08:00	d47ea81	v6	3337		16.20	15.30	0.90	15.00	38.10	15.0	17.3	34.3	18	0	0	FAIL	反弹墙里穿透卡零命中（激光剑/坦克/狙击枪/电磁炮）⇒ 面对 4 面反弹墙一枪未发（D 列会归零） ‖ F 被集火还手率 17% < 20%（被 4 席猛攻时不还手） ‖ 行为门未过：G4[e370-old/f970452c-v7/long] 无一行脚本能以 >60% 击败它（最克「只防御(不还手)」100% · 基线 21%/300局） ‖ 行为门未过：G4[e370-old/f970452c-v7/multi] 无一行脚本能以 >60% 击败它（最克「只防御(不还手)」85% · 基线 17%/300局） ‖ 行为门未过：G5[e370-old/f970452c-v7/long] 面对"只防御不还手"必须能清场（实测防席夺冠 100% · 阈值 ≤25% · 关掉上线档） ‖ 行为门未过：G5[e370-old/f970452c-v7/multi] 面对"只防御不还手"必须能清场（实测防席夺冠 83% · 阈值 ≤25% · 关掉上线档）	4.55	1.437	5.5	37.5	-32.0	3.8	2026-09-11T11:07:28.308Z	0.49027777777777776		1500	v1.3.24 修 v1.3.23 回归：冠军包版本不兼容 + 模仿默认关闭
037b2f71	037b2f71597ed6bc	2026-09-11T19:30:07+08:00	e65db52	v6	3337		23.10	20.10	3.00	22.60	36.90	18.6	29.3	33.0	30	21	2	FAIL	反弹墙里穿透卡零命中（激光剑/坦克/狙击枪/电磁炮）⇒ 面对 4 面反弹墙一枪未发（D 列会归零） ‖ F 被集火还手率 13% < 20%（被 4 席猛攻时不还手）	7.72	2.128	11.5	34.0	-22.5	4.0	2026-09-11T11:29:48.976Z				v1.3.26 冠军换成 div555（v5->v6 无损升级）+ 工具回归确认
255f008a	255f008a305c3688	2026-09-11T20:42:04+08:00	32fa609	v6	3337		32.60	26.20	6.40	31.90	53.00	23.9	40.0	31.4	29	6	2	FAIL	G 有效技能数 2.44 < 3（打法坍缩到两三张卡）	2.44	0.810	7.0	36.0	-29.0	3.8	2026-09-11T12:41:41.057Z	0.6180555555555556		600	v1.3.34 WR_TOL 多跑对照（各3次）：0.03 胜出，之前的收紧是错的
5d6fd40e	5d6fd40e2fc9cc39	2026-09-11T20:48:25+08:00	22f3023	v6	3337		22.70	21.50	1.20	20.90	49.30	20.7	26.7	33.7	25	0	0	FAIL	反弹墙里穿透卡零命中（激光剑/坦克/狙击枪/电磁炮）⇒ 面对 4 面反弹墙一枪未发（D 列会归零） ‖ G 有效技能数 1.02 < 3（打法坍缩到两三张卡） ‖ 行为门未过：G5[e370-old/5d6fd40e-v7/long] 面对"只防御不还手"必须能清场（实测防席夺冠 32% · 阈值 ≤25% · 关掉上线档） ‖ 行为门未过：G5[e370-old/5d6fd40e-v7/multi] 面对"只防御不还手"必须能清场（实测防席夺冠 28% · 阈值 ≤25% · 关掉上线档）	1.02	0.004	9.5	30.0	-20.5	3.8	2026-09-11T12:47:58.046Z	0.4388888888888889		200	v1.3.35 火弱持续性训练侧模拟(3x200)：无可测效果 + 意外标定出噪声下限
cd32f240	cd32f2407ab7244c	2026-09-11T21:08:37+08:00	22c77c5	v6	3337		23.70	20.00	3.70	22.60	47.60	19.4	23.3	32.6	21	0	0	FAIL	反弹墙里穿透卡零命中（激光剑/坦克/狙击枪/电磁炮）⇒ 面对 4 面反弹墙一枪未发（D 列会归零） ‖ G 有效技能数 1.02 < 3（打法坍缩到两三张卡） ‖ 行为门未过：G4[e370-old/cd32f240-v7/long] 无一行脚本能以 >60% 击败它（最克「只防御(不还手)」100% · 基线 18%/300局） ‖ 行为门未过：G4[e370-old/cd32f240-v7/multi] 无一行脚本能以 >60% 击败它（最克「只防御(不还手)」85% · 基线 17%/300局） ‖ 行为门未过：G5[e370-old/cd32f240-v7/long] 面对"只防御不还手"必须能清场（实测防席夺冠 100% · 阈值 ≤25% · 关掉上线档） ‖ 行为门未过：G5[e370-old/cd32f240-v7/multi] 面对"只防御不还手"必须能清场（实测防席夺冠 82% · 阈值 ≤25% · 关掉上线档）	1.02	0.027	19.5	46.0	-26.5	4.5	2026-09-11T13:07:46.945Z	0.41805555555555557		100	v1.3.36 训练可复现：千问定位两处 Node 作用域随机/时间源；我的假阳性也被证实
f5735e56	f5735e5637572a7c	2026-09-11T21:11:05+08:00	c65e04f	v6	3337		18.80	15.60	3.20	17.50	43.60	14.6	22.0	33.3	20	0	0	FAIL	反弹墙里穿透卡零命中（激光剑/坦克/狙击枪/电磁炮）⇒ 面对 4 面反弹墙一枪未发（D 列会归零） ‖ G 有效技能数 2.94 < 3（打法坍缩到两三张卡） ‖ 行为门未过：G4[e370-old/f5735e56-v7/long] 无一行脚本能以 >60% 击败它（最克「只防御(不还手)」100% · 基线 17%/300局） ‖ 行为门未过：G4[e370-old/f5735e56-v7/multi] 无一行脚本能以 >60% 击败它（最克「只防御(不还手)」93% · 基线 15%/300局） ‖ 行为门未过：G5[e370-old/f5735e56-v7/long] 面对"只防御不还手"必须能清场（实测防席夺冠 100% · 阈值 ≤25% · 关掉上线档） ‖ 行为门未过：G5[e370-old/f5735e56-v7/multi] 面对"只防御不还手"必须能清场（实测防席夺冠 89% · 阈值 ≤25% · 关掉上线档）	2.94	1.189	10.0	42.5	-32.5	4.1	2026-09-11T13:10:51.625Z	0.42916666666666664		60	v1.3.37 worker 分种子：结果与 worker 数无关 + 个体间独立（千问跨机问题 1/2）
18eafc3f	18eafc3f4f069780	2026-09-11T21:14:15+08:00	12e30d4	v6	3337		31.80	24.40	7.40	31.00	52.00	23.0	32.7	30.6	25	0	0	FAIL	反弹墙里穿透卡零命中（激光剑/坦克/狙击枪/电磁炮）⇒ 面对 4 面反弹墙一枪未发（D 列会归零） ‖ G 有效技能数 1.49 < 3（打法坍缩到两三张卡）	1.49	0.435	9.5	46.5	-37.0	4.1	2026-09-11T13:13:54.620Z	0.5083333333333333		200	v1.3.38 噪声下限复测：千问预期未应验，但比较本身有缺陷（无结论而非否证）
9e83020d	9e83020dac732cdf	2026-09-11T22:27:24+08:00	823b295	v6	3337		32.40	24.70	7.70	31.30	54.30	22.2	39.3	32.1	26	0	0	FAIL	反弹墙里穿透卡零命中（激光剑/坦克/狙击枪/电磁炮）⇒ 面对 4 面反弹墙一枪未发（D 列会归零） ‖ G 有效技能数 1.03 < 3（打法坍缩到两三张卡）	1.03	0.015	5.5	28.0	-22.5	3.6	2026-09-11T14:26:55.322Z	0.5958333333333333		40	v1.3.48 任务2完成：训练工具不再覆写线下冠军；任务1（train-3p 可复现）未解决
e379c62c	e379c62ccd2648fa	2026-09-12T14:29:01+08:00	4162e86	v6	3337		30.60	25.60	5.00	29.20	48.40	23.1	40.7	34.0	28	1	0	FAIL	G 有效技能数 2.98 < 3（打法坍缩到两三张卡） ‖ 行为门未过：G5[e370-old/e379c62c-v7/long] 面对"只防御不还手"必须能清场（实测防席夺冠 45% · 阈值 ≤25% · 关掉上线档） ‖ 行为门未过：G5[e370-old/e379c62c-v7/multi] 面对"只防御不还手"必须能清场（实测防席夺冠 53% · 阈值 ≤25% · 关掉上线档）	2.98	0.952	12.5	45.5	-33.0	4.2	2026-09-12T06:15:19.044Z	0.3763888888888889	f6788d9cffdc0d18	250	v1.3.57+58 修座位效应与平局问题；训出首个 5 人冠军（3P/5P 同时变强）
