id	arm	mode	g20	dmg_10	dmg_20	dmg_back	heavy_10	heavy_20	heavy_back	holo_10	holo_20	holo_back	holoOther_10	holoOther_20	holoOther_back	zero_10	zero_20	zero_back	draw_10	draw_20	draw_back	rounds_10	rounds_20	rounds_back
k8s301-b1	k8s301	multi	20	14.5	14.55	14.6	0	0	0	0	0	0	0	0	0	0	0	0	0	0	0	22.8	24.4	26
k8s301-b1	k8s301	long	20	24.5	24.35	24.2	0	0	0	0	0	0	0	0	0	0	0	0	0	0	0	60.6	50.45	40.3
k8s301-b2	k8s301	multi	20	13.4	13.45	13.5	0	0	0	0	0	0	0	0	0	0	0	0	0	0	0	26.3	26.65	27
k8s301-b2	k8s301	long	20	23.2	22.95	22.7	0.2	0.2	0.2	0	0	0	0	0	0	0	0	0	0	0	0	44.4	46.15	47.9
k8s301-b3	k8s301	multi	20	13.8	13.8	13.8	0	0	0	0	0	0	0	0	0	0	0	0	0	0	0	16.3	16	15.7
k8s301-b3	k8s301	long	20	24.1	23.85	23.6	0.8	0.7	0.6	0	0	0	0	0	0	0	0	0	0	0	0	23.9	24.25	24.6
k8s301-b4	k8s301	multi	20	14.5	14.6	14.7	0	0	0	0	0	0	0	0	0	0	0	0	0	0	0	25	28.6	32.2
k8s301-b4	k8s301	long	20	23.9	23.95	24	0	0	0	0	0	0	0	0	0	0	0	0	0	0	0	38.2	30.5	22.8
k8s301-b5	k8s301	multi	20	14.6	14.45	14.3	0	0	0	0	0	0	0	0	0	0	0	0	0	0	0	32.6	28.95	25.3
k8s301-b5	k8s301	long	20	23.6	23.45	23.3	0	0	0	0	0	0	0	0	0	0	0	0	0	0	0	62.1	46.25	30.4
k8s301-b6	k8s301	multi	20	14.3	14.35	14.4	0	0	0	0	0	0	0	0	0	0	0	0	0	0	0	27.1	26.75	26.4
k8s301-b6	k8s301	long	20	23.6	23.6	23.6	0	0	0	0	0	0	0	0	0	0	0	0	0	0	0	52.1	44.45	36.8
k8s302-b1	k8s302	multi	20	14.3	14.4	14.5	2.4	1.9	1.4	0	0.25	0.5	0	0.25	0.5	0	0	0	0	0	0	33	35.3	37.6
k8s302-b1	k8s302	long	20	24.4	24.1	23.8	1.8	1.9	2	0.3	0.5	0.7	0.3	0.5	0.7	0	0	0	0	0	0	70.6	56.75	42.9
k8s302-b2	k8s302	multi	20	14.1	14.05	14	0	0	0	0	0	0	0	0	0	0	0	0	0	0	0	19.1	18.7	18.3
k8s302-b2	k8s302	long	20	24.1	24.05	24	0	0	0	0	0	0	0	0	0	0	0	0	0	0	0	26.7	26.9	27.1
k8s302-b3	k8s302	multi	20	14.3	14.35	14.4	0	0	0	0.2	0.1	0	0.2	0.1	0	0	0	0	0	0	0	22.8	24.1	25.4
k8s302-b3	k8s302	long	20	24.4	24.35	24.3	0	0	0	0.5	0.4	0.3	0.5	0.4	0.3	0	0	0	0	0	0	52.6	48.35	44.1
k8s302-b4	k8s302	multi	20	14	13.95	13.9	0	0	0	0	0	0	0	0	0	0	0	0	0	0	0	21.7	21.75	21.8
k8s302-b4	k8s302	long	20	24	23.75	23.5	0	0	0	0	0	0	0	0	0	0	0	0	0	0	0	33.5	32.05	30.6
k8s302-b5	k8s302	multi	20	14.3	14.2	14.1	0	0	0	0	0	0	0	0	0	0	0	0	0	0	0	34.2	31.05	27.9
k8s302-b5	k8s302	long	20	22.6	23.1	23.6	0	0	0	0	0	0	0	0	0	0	0	0	0	0	0	45.2	42.75	40.3
k8s302-b6	k8s302	multi	20	14.1	14.15	14.2	0	0	0	13.4	12.75	12.1	13.4	12.75	12.1	0	0	0	0	0	0	34.9	33.4	31.9
k8s302-b6	k8s302	long	20	24	24	24	0	0	0	28.2	23.55	18.9	28.2	23.55	18.9	0	0	0	0	0	0	59	55.8	52.6
k8s303-b1	k8s303	multi	20	14.1	14.1	14.1	0	0	0	0	0	0	0	0	0	0	0	0	0	0	0	20.3	22.4	24.5
k8s303-b1	k8s303	long	20	24.1	24.1	24.1	0	0	0	0	0.05	0.1	0	0.05	0.1	0	0	0	0	0	0	23.9	30.25	36.6
k8s303-b2	k8s303	multi	20	14.1	14	13.9	0	0	0	0	0	0	0	0	0	0	0	0	0	0	0	31.3	30.9	30.5
k8s303-b2	k8s303	long	20	22.4	22.75	23.1	0	0	0	0	0	0	0	0	0	0	0	0	0	0	0	59.4	57.05	54.7
k8s303-b3	k8s303	multi	20	14.5	14.5	14.5	0	0	0	0	0	0	0	0	0	0	0	0	0	0	0	39	35.15	31.3
k8s303-b3	k8s303	long	20	22.7	23.45	24.2	0	0	0	0	0	0	0	0	0	0	0	0	0	0	0	67.3	75.95	84.6
k8s303-b4	k8s303	multi	20	14.3	14.45	14.6	0	0	0	0	0	0	0	0	0	0	0	0	0	0	0	32.7	32.55	32.4
k8s303-b4	k8s303	long	20	23.6	23.8	24	0	0	0	0	0	0	0	0	0	0	0	0	0	0	0	53.9	46.05	38.2
k8s303-b5	k8s303	multi	20	14.1	13.95	13.8	0	0	0	0	0.05	0.1	0	0.05	0.1	0	0	0	0	0	0	39	34.65	30.3
k8s303-b5	k8s303	long	20	23.9	23.5	23.1	0	0	0	0	0	0	0	0	0	0	0	0	0	0	0	69.6	66.8	64
k8s303-b6	k8s303	multi	20	14.1	14.25	14.4	0	0	0	0	0	0	0	0	0	0	0	0	0	0	0	25.9	27.55	29.2
k8s303-b6	k8s303	long	20	23.7	23.6	23.5	0	0	0	0	0	0	0	0	0	0	0	0	0	0	0	47.7	48.5	49.3
k8s304-b1	k8s304	multi	20	14.6	14.45	14.3	0	0	0	0	0	0	0	0	0	0	0	0	0	0	0	38.9	37.05	35.2
k8s304-b1	k8s304	long	20	24.2	24.25	24.3	0	0	0	0	0	0	0	0	0	0	0	0	0	0	0	78	73.5	69
k8s304-b2	k8s304	multi	20	13.8	14.1	14.4	0	0	0	0	0	0	0	0	0	0	0	0	0	0	0	35.1	36.85	38.6
k8s304-b2	k8s304	long	20	22.9	23.15	23.4	0	0	0	0	0	0	0	0	0	0	0	0	0	0	0	101.5	101.75	102
k8s304-b3	k8s304	multi	20	13.8	13.75	13.7	0	0	0	0.6	0.65	0.7	0.6	0.65	0.7	0	0	0	0	0	0	20.6	19.6	18.6
k8s304-b3	k8s304	long	20	23.6	23.7	23.8	0	0	0	1.1	0.95	0.8	1.1	0.95	0.8	0	0	0	0	0	0	55.1	56.35	57.6
k8s304-b4	k8s304	multi	20	14.4	14.45	14.5	0	0	0	0	0	0	0	0	0	0	0	0	0	0	0	34.8	36.45	38.1
k8s304-b4	k8s304	long	20	24.3	23.85	23.4	0	0	0	0	0	0	0	0	0	0	0	0	0	0	0	84.3	88.25	92.2
k8s304-b5	k8s304	multi	20	12.6	12.55	12.5	0	0	0	0	0	0	0	0	0	0	0	0	0	0	0	22.6	21.55	20.5
k8s304-b5	k8s304	long	20	21.4	21.1	20.8	0	0	0	0	0	0	0	0	0	0	0	0	0	0	0	43.4	36.6	29.8
k8s304-b6	k8s304	multi	20	14.9	14.85	14.8	0	0	0	106.6	106.3	106	106.6	106.3	106	0	0	0	0	0	0	46.8	46.75	46.7
k8s304-b6	k8s304	long	20	24.7	24.65	24.6	0	0	0	248.3	248.35	248.4	248.3	248.35	248.4	0	0	0	0	0	0	103.7	103.55	103.4
k8s305-b1	k8s305	multi	20	13.9	14.25	14.6	0	0	0	0	0	0	0	0	0	0	0	0	0	0	0	35.2	40.65	46.1
k8s305-b1	k8s305	long	20	24.3	23.7	23.1	0	0	0	0	0	0	0	0	0	0	0	0	0	0	0	102.9	102.4	101.9
k8s305-b2	k8s305	multi	20	12.6	12.4	12.2	0	0	0	0	0	0	0	0	0	0	0	0	0	0	0	31.4	30.25	29.1
k8s305-b2	k8s305	long	20	20.8	20.7	20.6	0	0	0	0	0	0	0	0	0	0	0	0	0	0	0	50.4	51.75	53.1
k8s305-b3	k8s305	multi	20	13.2	13.5	13.8	0	0	0	0	0	0	0	0	0	0	0	0	0	0	0	20.5	22.3	24.1
k8s305-b3	k8s305	long	20	22.5	22.7	22.9	0	0	0	0	0	0	0	0	0	0	0	0	0	0	0	37.8	40.9	44
k8s305-b4	k8s305	multi	20	13.6	13.75	13.9	0	0	0	0	0	0	0	0	0	0	0	0	0	0	0	20.4	22.05	23.7
k8s305-b4	k8s305	long	20	24	23.95	23.9	0	0	0	0	0	0	0	0	0	0	0	0	0	0	0	70.7	75	79.3
k8s305-b5	k8s305	multi	20	14.9	14.9	14.9	0	0	0	0	0	0	0	0	0	0	0	0	0	0	0	36.9	35.55	34.2
k8s305-b5	k8s305	long	20	24.1	24.3	24.5	0	0	0	0	0	0	0	0	0	0	0	0	0	0	0	79	71.25	63.5
k8s305-b6	k8s305	multi	20	14.9	14.9	14.9	0	0	0	0	0	0	0	0	0	0	0	0	0	0	0	39.3	34.8	30.3
k8s305-b6	k8s305	long	20	24.2	24.1	24	0	0	0	0	0	0	0	0	0	0	0	0	0	0	0	86.6	85.4	84.2
k8s306-b1	k8s306	multi	20	14.6	14.5	14.4	0	0	0	0	0	0	0	0	0	0	0	0	0	0	0	38.7	35.65	32.6
k8s306-b1	k8s306	long	20	24.3	24.45	24.6	0	0	0	0	0	0	0	0	0	0	0	0	0	0	0	91.5	82.6	73.7
k8s306-b2	k8s306	multi	20	14	13.95	13.9	0	0	0	0	0	0	0	0	0	0	0	0	0	0	0	21	18.75	16.5
k8s306-b2	k8s306	long	20	23.5	23.3	23.1	0	0	0	0	0	0	0	0	0	0	0	0	0	0	0	26.7	30	33.3
k8s306-b3	k8s306	multi	20	14.3	14.35	14.4	0	0	0	0	0	0	0	0	0	0	0	0	0	0	0	26.3	26.25	26.2
k8s306-b3	k8s306	long	20	24.7	24.5	24.3	0	0	0	0	0	0	0	0	0	0	0	0	0	0	0	75.1	63.5	51.9
k8s306-b4	k8s306	multi	20	14.2	14.2	14.2	0	0	0	0	0	0	0	0	0	0	0	0	0	0	0	36.3	33.35	30.4
k8s306-b4	k8s306	long	20	23.2	23.35	23.5	0	0	0	0	0	0	0	0	0	0	0	0	0	0	0	29.9	42.7	55.5
k8s306-b5	k8s306	multi	20	14.3	14.35	14.4	0.2	0.1	0	0	0	0	0	0	0	0	0	0	0	0	0	30.1	29.95	29.8
k8s306-b5	k8s306	long	20	24.5	24.15	23.8	0	0	0	0	0	0	0	0	0	0	0	0	0	0	0	71.6	68.2	64.8
k8s306-b6	k8s306	multi	20	13.8	13.85	13.9	0.2	0.1	0	0	0	0	0	0	0	0	0	0	0	0	0	27.8	29.85	31.9
k8s306-b6	k8s306	long	20	24.2	24.25	24.3	0	0	0	0	0	0	0	0	0	0	0	0	0	0	0	79.6	78.8	78
k8s307-b1	k8s307	multi	20	13.3	13.4	13.5	0	0	0	0	0	0	0	0	0	0	0	0	0	0	0	19	21.4	23.8
k8s307-b1	k8s307	long	20	22.7	22.7	22.7	0	0	0	0	0	0	0	0	0	0	0	0	0	0	0	26.2	30.15	34.1
k8s307-b2	k8s307	multi	20	14.1	14.1	14.1	0	0	0	0	0	0	0	0	0	0	0	0	0	0	0	24	20.3	16.6
k8s307-b2	k8s307	long	20	24.3	23.95	23.6	0	0	0	0	0	0	0	0	0	0	0	0	0	0	0	38.7	29.85	21
k8s307-b3	k8s307	multi	20	13.4	13.35	13.3	0	0	0	0	0	0	0	0	0	0	0	0	0	0	0	15.4	15.45	15.5
k8s307-b3	k8s307	long	20	22.9	23	23.1	0	0	0	0	0	0	0	0	0	0	0	0	0	0	0	23	23.7	24.4
k8s307-b4	k8s307	multi	20	13.8	13.75	13.7	0	0	0	0	0	0	0	0	0	0	0	0	0	0	0	34.3	32.6	30.9
k8s307-b4	k8s307	long	20	23.1	23.25	23.4	0	0	0	0	0	0	0	0	0	0	0	0	0	0	0	41.1	39.65	38.2
k8s307-b5	k8s307	multi	20	14.7	14.65	14.6	0	0	0	0	0	0	0	0	0	0	0	0	0	0	0	31.3	27.55	23.8
k8s307-b5	k8s307	long	20	24.9	24.75	24.6	0	0	0	0	0	0	0	0	0	0	0	0	0	0	0	74.7	70.45	66.2
k8s307-b6	k8s307	multi	20	13.7	13.65	13.6	0	0	0	0	0	0	0	0	0	0	0	0	0	0	0	17.4	16.75	16.1
k8s307-b6	k8s307	long	20	23.7	23.7	23.7	0	0	0	0	0	0	0	0	0	0	0	0	0	0	0	25.1	24.2	23.3
k8s308-b1	k8s308	multi	20	14.3	14.3	14.3	2.8	2.9	3	0.8	1.1	1.4	0.8	1.1	1.4	0	0	0	0	0	0	22.6	21.85	21.1
k8s308-b1	k8s308	long	20	24	24.25	24.5	6.2	6.2	6.2	2.2	2.25	2.3	2.2	2.25	2.3	0	0	0	0	0	0	33.3	37.85	42.4
k8s308-b2	k8s308	multi	20	14.2	14.3	14.4	2	1.7	1.4	0	0	0	0	0	0	0	0	0	0	0	0	32.3	32.2	32.1
k8s308-b2	k8s308	long	20	24.1	24.2	24.3	2.4	2.3	2.2	0.8	0.4	0	0.8	0.4	0	0	0	0	0	0	0	60.6	63.95	67.3
k8s308-b3	k8s308	multi	20	14.3	14.5	14.7	0	0	0	0	0	0	0	0	0	0	0	0	0	0	0	36.5	33.15	29.8
k8s308-b3	k8s308	long	20	24.3	24	23.7	0	0.2	0.4	0	0	0	0	0	0	0	0	0	0	0	0	61.7	51.9	42.1
k8s308-b4	k8s308	multi	20	14.1	13.95	13.8	0	0	0	0.2	0.4	0.6	0.2	0.4	0.6	0	0	0	0	0	0	20.4	19.7	19
k8s308-b4	k8s308	long	20	23.9	23.9	23.9	0	0	0	0.1	0.05	0	0.1	0.05	0	0	0	0	0	0	0	45.1	42.4	39.7
k8s308-b5	k8s308	multi	20	14	14	14	0	0	0	0	0	0	0	0	0	0	0	0	0	0	0	21.6	22.05	22.5
k8s308-b5	k8s308	long	20	23.7	23.65	23.6	0	0	0	0	0	0	0	0	0	0	0	0	0	0	0	33.5	34.35	35.2
k8s308-b6	k8s308	multi	20	14.9	14.8	14.7	0	0.2	0.4	0.4	0.55	0.7	0.4	0.55	0.7	0	0	0	0	0	0	44	42.3	40.6
k8s308-b6	k8s308	long	20	24.9	24.65	24.4	0	0.3	0.6	0.4	0.85	1.3	0.4	0.85	1.3	0	0	0	0	0	0	93.7	83.75	73.8
