id	arm	band	rep	first	second	third	games	m_dmg	m_heavy	m_holo	m_holoOther	m_zero	m_draw	m_rounds	m_G	m_distinct	m_landG	m_landed	m_landedTot	m_seatSpread	m_seatDec	m_pierceMissing	l_dmg	l_heavy	l_holo	l_zero	l_draw	l_rounds	l_G	l_landG	l_landed	l_seatSpread	l_pierceMissing
k8s301-b1	k8s301	1	0	297	212	211	720	14.55	0	0	0	0	0	24.4	1.677629615487492	5	1.5676717080259115	2	277	23.52941176470588	17	3	24.35	0	0	0	0	50.45	1.6369509213313647	1.4325343487621973	2	37.5	3
k8s301-b1	k8s301	1	1	296	215	209	720	14.55	0	0	0	0	0	24.4	1.677629615487492	5	1.5676717080259115	2	277	23.52941176470588	17	3	24.35	0	0	0	0	50.45	1.6369509213313647	1.4325343487621973	2	37.5	3
k8s301-b1	k8s301	1	2	304	212	204	720	14.55	0	0	0	0	0	24.4	1.677629615487492	5	1.5676717080259115	2	277	23.52941176470588	17	3	24.35	0	0	0	0	50.45	1.6369509213313647	1.4325343487621973	2	37.5	3
k8s301-b1	k8s301	1	3	310	212	198	720	14.55	0	0	0	0	0	24.4	1.677629615487492	5	1.5676717080259115	2	277	23.52941176470588	17	3	24.35	0	0	0	0	50.45	1.6369509213313647	1.4325343487621973	2	37.5	3
k8s301-b1	k8s301	1	4	285	210	225	720	14.55	0	0	0	0	0	24.4	1.677629615487492	5	1.5676717080259115	2	277	23.52941176470588	17	3	24.35	0	0	0	0	50.45	1.6369509213313647	1.4325343487621973	2	37.5	3
k8s301-b1	k8s301	1	5	293	202	225	720	14.55	0	0	0	0	0	24.4	1.677629615487492	5	1.5676717080259115	2	277	23.52941176470588	17	3	24.35	0	0	0	0	50.45	1.6369509213313647	1.4325343487621973	2	37.5	3
k8s301-b1	k8s301	1	6	301	206	213	720	14.55	0	0	0	0	0	24.4	1.677629615487492	5	1.5676717080259115	2	277	23.52941176470588	17	3	24.35	0	0	0	0	50.45	1.6369509213313647	1.4325343487621973	2	37.5	3
k8s301-b1	k8s301	1	7	289	229	202	720	14.55	0	0	0	0	0	24.4	1.677629615487492	5	1.5676717080259115	2	277	23.52941176470588	17	3	24.35	0	0	0	0	50.45	1.6369509213313647	1.4325343487621973	2	37.5	3
k8s301-b5	k8s301	5	0	341	164	215	720	14.45	0	0	0	0	0	28.95	4.431549976312347	5	1.1987948968387085	2	271	41.1764705882353	17	3	23.45	0	0	0	0	46.25	3.3914737418840053	1.0516602035120617	2	15	3
k8s301-b5	k8s301	5	1	308	184	228	720	14.45	0	0	0	0	0	28.95	4.431549976312347	5	1.1987948968387085	2	271	41.1764705882353	17	3	23.45	0	0	0	0	46.25	3.3914737418840053	1.0516602035120617	2	15	3
k8s301-b5	k8s301	5	2	290	196	234	720	14.45	0	0	0	0	0	28.95	4.431549976312347	5	1.1987948968387085	2	271	41.1764705882353	17	3	23.45	0	0	0	0	46.25	3.3914737418840053	1.0516602035120617	2	15	3
k8s301-b5	k8s301	5	3	326	167	227	720	14.45	0	0	0	0	0	28.95	4.431549976312347	5	1.1987948968387085	2	271	41.1764705882353	17	3	23.45	0	0	0	0	46.25	3.3914737418840053	1.0516602035120617	2	15	3
k8s301-b5	k8s301	5	4	328	176	216	720	14.45	0	0	0	0	0	28.95	4.431549976312347	5	1.1987948968387085	2	271	41.1764705882353	17	3	23.45	0	0	0	0	46.25	3.3914737418840053	1.0516602035120617	2	15	3
k8s301-b5	k8s301	5	5	331	155	234	720	14.45	0	0	0	0	0	28.95	4.431549976312347	5	1.1987948968387085	2	271	41.1764705882353	17	3	23.45	0	0	0	0	46.25	3.3914737418840053	1.0516602035120617	2	15	3
k8s301-b5	k8s301	5	6	334	178	208	720	14.45	0	0	0	0	0	28.95	4.431549976312347	5	1.1987948968387085	2	271	41.1764705882353	17	3	23.45	0	0	0	0	46.25	3.3914737418840053	1.0516602035120617	2	15	3
k8s301-b5	k8s301	5	7	314	196	210	720	14.45	0	0	0	0	0	28.95	4.431549976312347	5	1.1987948968387085	2	271	41.1764705882353	17	3	23.45	0	0	0	0	46.25	3.3914737418840053	1.0516602035120617	2	15	3
k8s302-b3	k8s302	3	0	292	172	256	720	14.35	0	0.1	0.1	0	0	24.1	2.9126464515313923	13	3.039034787180937	4	272	27.77777777777778	18	1	24.35	0	0.4	0	0	48.35	2.7565133628852574	2.863765590598865	5	26.666666666666668	1
k8s302-b3	k8s302	3	1	279	183	258	720	14.35	0	0.1	0.1	0	0	24.1	2.9126464515313923	13	3.039034787180937	4	272	27.77777777777778	18	1	24.35	0	0.4	0	0	48.35	2.7565133628852574	2.863765590598865	5	26.666666666666668	1
k8s302-b3	k8s302	3	2	282	178	260	720	14.35	0	0.1	0.1	0	0	24.1	2.9126464515313923	13	3.039034787180937	4	272	27.77777777777778	18	1	24.35	0	0.4	0	0	48.35	2.7565133628852574	2.863765590598865	5	26.666666666666668	1
k8s302-b3	k8s302	3	3	282	161	277	720	14.35	0	0.1	0.1	0	0	24.1	2.9126464515313923	13	3.039034787180937	4	272	27.77777777777778	18	1	24.35	0	0.4	0	0	48.35	2.7565133628852574	2.863765590598865	5	26.666666666666668	1
k8s302-b3	k8s302	3	4	284	180	256	720	14.35	0	0.1	0.1	0	0	24.1	2.9126464515313923	13	3.039034787180937	4	272	27.77777777777778	18	1	24.35	0	0.4	0	0	48.35	2.7565133628852574	2.863765590598865	5	26.666666666666668	1
k8s302-b3	k8s302	3	5	269	171	280	720	14.35	0	0.1	0.1	0	0	24.1	2.9126464515313923	13	3.039034787180937	4	272	27.77777777777778	18	1	24.35	0	0.4	0	0	48.35	2.7565133628852574	2.863765590598865	5	26.666666666666668	1
k8s302-b3	k8s302	3	6	295	176	249	720	14.35	0	0.1	0.1	0	0	24.1	2.9126464515313923	13	3.039034787180937	4	272	27.77777777777778	18	1	24.35	0	0.4	0	0	48.35	2.7565133628852574	2.863765590598865	5	26.666666666666668	1
k8s302-b3	k8s302	3	7	272	159	289	720	14.35	0	0.1	0.1	0	0	24.1	2.9126464515313923	13	3.039034787180937	4	272	27.77777777777778	18	1	24.35	0	0.4	0	0	48.35	2.7565133628852574	2.863765590598865	5	26.666666666666668	1
k8s303-b1	k8s303	1	0	287	113	320	720	14.1	0	0	0	0	0	22.4	2.667110049221634	6	1.426726838059324	2	280	26.315789473684212	19	3	24.1	0	0.05	0	0	30.25	3.232556601340355	1.4866947348864623	2	20	3
k8s303-b1	k8s303	1	1	321	116	283	720	14.1	0	0	0	0	0	22.4	2.667110049221634	6	1.426726838059324	2	280	26.315789473684212	19	3	24.1	0	0.05	0	0	30.25	3.232556601340355	1.4866947348864623	2	20	3
k8s303-b1	k8s303	1	2	301	118	301	720	14.1	0	0	0	0	0	22.4	2.667110049221634	6	1.426726838059324	2	280	26.315789473684212	19	3	24.1	0	0.05	0	0	30.25	3.232556601340355	1.4866947348864623	2	20	3
k8s303-b1	k8s303	1	3	314	112	294	720	14.1	0	0	0	0	0	22.4	2.667110049221634	6	1.426726838059324	2	280	26.315789473684212	19	3	24.1	0	0.05	0	0	30.25	3.232556601340355	1.4866947348864623	2	20	3
k8s303-b1	k8s303	1	4	282	113	325	720	14.1	0	0	0	0	0	22.4	2.667110049221634	6	1.426726838059324	2	280	26.315789473684212	19	3	24.1	0	0.05	0	0	30.25	3.232556601340355	1.4866947348864623	2	20	3
k8s303-b1	k8s303	1	5	292	132	296	720	14.1	0	0	0	0	0	22.4	2.667110049221634	6	1.426726838059324	2	280	26.315789473684212	19	3	24.1	0	0.05	0	0	30.25	3.232556601340355	1.4866947348864623	2	20	3
k8s303-b1	k8s303	1	6	281	133	306	720	14.1	0	0	0	0	0	22.4	2.667110049221634	6	1.426726838059324	2	280	26.315789473684212	19	3	24.1	0	0.05	0	0	30.25	3.232556601340355	1.4866947348864623	2	20	3
k8s303-b1	k8s303	1	7	295	111	314	720	14.1	0	0	0	0	0	22.4	2.667110049221634	6	1.426726838059324	2	280	26.315789473684212	19	3	24.1	0	0.05	0	0	30.25	3.232556601340355	1.4866947348864623	2	20	3
k8s303-b5	k8s303	5	0	327	201	192	720	13.95	0	0.05	0.05	0	0	34.65	5.044745779140567	7	1.9570767620810523	2	265	20	20	3	23.5	0	0	0	0	66.8	5.0348662108665625	1.7917105903039119	2	20	3
k8s303-b5	k8s303	5	1	312	207	201	720	13.95	0	0.05	0.05	0	0	34.65	5.044745779140567	7	1.9570767620810523	2	265	20	20	3	23.5	0	0	0	0	66.8	5.0348662108665625	1.7917105903039119	2	20	3
k8s303-b5	k8s303	5	2	297	229	194	720	13.95	0	0.05	0.05	0	0	34.65	5.044745779140567	7	1.9570767620810523	2	265	20	20	3	23.5	0	0	0	0	66.8	5.0348662108665625	1.7917105903039119	2	20	3
k8s303-b5	k8s303	5	3	321	202	197	720	13.95	0	0.05	0.05	0	0	34.65	5.044745779140567	7	1.9570767620810523	2	265	20	20	3	23.5	0	0	0	0	66.8	5.0348662108665625	1.7917105903039119	2	20	3
k8s303-b5	k8s303	5	4	301	235	184	720	13.95	0	0.05	0.05	0	0	34.65	5.044745779140567	7	1.9570767620810523	2	265	20	20	3	23.5	0	0	0	0	66.8	5.0348662108665625	1.7917105903039119	2	20	3
k8s303-b5	k8s303	5	5	322	191	207	720	13.95	0	0.05	0.05	0	0	34.65	5.044745779140567	7	1.9570767620810523	2	265	20	20	3	23.5	0	0	0	0	66.8	5.0348662108665625	1.7917105903039119	2	20	3
k8s303-b5	k8s303	5	6	302	234	184	720	13.95	0	0.05	0.05	0	0	34.65	5.044745779140567	7	1.9570767620810523	2	265	20	20	3	23.5	0	0	0	0	66.8	5.0348662108665625	1.7917105903039119	2	20	3
k8s303-b5	k8s303	5	7	328	216	176	720	13.95	0	0.05	0.05	0	0	34.65	5.044745779140567	7	1.9570767620810523	2	265	20	20	3	23.5	0	0	0	0	66.8	5.0348662108665625	1.7917105903039119	2	20	3
k8s304-b3	k8s304	3	0	252	226	242	720	13.75	0	0.65	0.65	0	0	19.6	2.206982411207637	7	1.396984296407486	2	259	20	20	3	23.7	0	0.95	0	0	56.35	1.394035991170167	1.090262627281405	2	26.31578947368421	3
k8s304-b3	k8s304	3	1	267	223	230	720	13.75	0	0.65	0.65	0	0	19.6	2.206982411207637	7	1.396984296407486	2	259	20	20	3	23.7	0	0.95	0	0	56.35	1.394035991170167	1.090262627281405	2	26.31578947368421	3
k8s304-b3	k8s304	3	2	239	257	224	720	13.75	0	0.65	0.65	0	0	19.6	2.206982411207637	7	1.396984296407486	2	259	20	20	3	23.7	0	0.95	0	0	56.35	1.394035991170167	1.090262627281405	2	26.31578947368421	3
k8s304-b3	k8s304	3	3	254	258	208	720	13.75	0	0.65	0.65	0	0	19.6	2.206982411207637	7	1.396984296407486	2	259	20	20	3	23.7	0	0.95	0	0	56.35	1.394035991170167	1.090262627281405	2	26.31578947368421	3
k8s304-b3	k8s304	3	4	213	257	250	720	13.75	0	0.65	0.65	0	0	19.6	2.206982411207637	7	1.396984296407486	2	259	20	20	3	23.7	0	0.95	0	0	56.35	1.394035991170167	1.090262627281405	2	26.31578947368421	3
k8s304-b3	k8s304	3	5	252	242	226	720	13.75	0	0.65	0.65	0	0	19.6	2.206982411207637	7	1.396984296407486	2	259	20	20	3	23.7	0	0.95	0	0	56.35	1.394035991170167	1.090262627281405	2	26.31578947368421	3
k8s304-b3	k8s304	3	6	248	249	223	720	13.75	0	0.65	0.65	0	0	19.6	2.206982411207637	7	1.396984296407486	2	259	20	20	3	23.7	0	0.95	0	0	56.35	1.394035991170167	1.090262627281405	2	26.31578947368421	3
k8s304-b3	k8s304	3	7	234	240	246	720	13.75	0	0.65	0.65	0	0	19.6	2.206982411207637	7	1.396984296407486	2	259	20	20	3	23.7	0	0.95	0	0	56.35	1.394035991170167	1.090262627281405	2	26.31578947368421	3
k8s305-b1	k8s305	1	0	329	199	192	720	14.25	0	0	0	0	0	40.65	1.397457835870028	5	1.662395636991631	2	209	20	15	3	23.7	0	0	0	0	102.4	1.2108887698040414	1.5515853131000634	2	16.666666666666668	3
k8s305-b1	k8s305	1	1	328	202	190	720	14.25	0	0	0	0	0	40.65	1.397457835870028	5	1.662395636991631	2	209	20	15	3	23.7	0	0	0	0	102.4	1.2108887698040414	1.5515853131000634	2	16.666666666666668	3
k8s305-b1	k8s305	1	2	312	215	193	720	14.25	0	0	0	0	0	40.65	1.397457835870028	5	1.662395636991631	2	209	20	15	3	23.7	0	0	0	0	102.4	1.2108887698040414	1.5515853131000634	2	16.666666666666668	3
k8s305-b1	k8s305	1	3	335	207	178	720	14.25	0	0	0	0	0	40.65	1.397457835870028	5	1.662395636991631	2	209	20	15	3	23.7	0	0	0	0	102.4	1.2108887698040414	1.5515853131000634	2	16.666666666666668	3
k8s305-b1	k8s305	1	4	335	199	186	720	14.25	0	0	0	0	0	40.65	1.397457835870028	5	1.662395636991631	2	209	20	15	3	23.7	0	0	0	0	102.4	1.2108887698040414	1.5515853131000634	2	16.666666666666668	3
k8s305-b1	k8s305	1	5	332	196	192	720	14.25	0	0	0	0	0	40.65	1.397457835870028	5	1.662395636991631	2	209	20	15	3	23.7	0	0	0	0	102.4	1.2108887698040414	1.5515853131000634	2	16.666666666666668	3
k8s305-b1	k8s305	1	6	325	226	169	720	14.25	0	0	0	0	0	40.65	1.397457835870028	5	1.662395636991631	2	209	20	15	3	23.7	0	0	0	0	102.4	1.2108887698040414	1.5515853131000634	2	16.666666666666668	3
k8s305-b1	k8s305	1	7	315	223	182	720	14.25	0	0	0	0	0	40.65	1.397457835870028	5	1.662395636991631	2	209	20	15	3	23.7	0	0	0	0	102.4	1.2108887698040414	1.5515853131000634	2	16.666666666666668	3
k8s305-b5	k8s305	5	0	294	204	222	720	14.9	0	0	0	0	0	35.55	1.377323348549495	6	1.2378799553153323	2	272	25	16	3	24.3	0	0	0	0	71.25	1.417428299693822	1.3066106424680013	3	25	2
k8s305-b5	k8s305	5	1	331	191	198	720	14.9	0	0	0	0	0	35.55	1.377323348549495	6	1.2378799553153323	2	272	25	16	3	24.3	0	0	0	0	71.25	1.417428299693822	1.3066106424680013	3	25	2
k8s305-b5	k8s305	5	2	307	204	209	720	14.9	0	0	0	0	0	35.55	1.377323348549495	6	1.2378799553153323	2	272	25	16	3	24.3	0	0	0	0	71.25	1.417428299693822	1.3066106424680013	3	25	2
k8s305-b5	k8s305	5	3	312	200	208	720	14.9	0	0	0	0	0	35.55	1.377323348549495	6	1.2378799553153323	2	272	25	16	3	24.3	0	0	0	0	71.25	1.417428299693822	1.3066106424680013	3	25	2
k8s305-b5	k8s305	5	4	313	208	199	720	14.9	0	0	0	0	0	35.55	1.377323348549495	6	1.2378799553153323	2	272	25	16	3	24.3	0	0	0	0	71.25	1.417428299693822	1.3066106424680013	3	25	2
k8s305-b5	k8s305	5	5	298	192	230	720	14.9	0	0	0	0	0	35.55	1.377323348549495	6	1.2378799553153323	2	272	25	16	3	24.3	0	0	0	0	71.25	1.417428299693822	1.3066106424680013	3	25	2
k8s305-b5	k8s305	5	6	296	208	216	720	14.9	0	0	0	0	0	35.55	1.377323348549495	6	1.2378799553153323	2	272	25	16	3	24.3	0	0	0	0	71.25	1.417428299693822	1.3066106424680013	3	25	2
k8s305-b5	k8s305	5	7	308	204	208	720	14.9	0	0	0	0	0	35.55	1.377323348549495	6	1.2378799553153323	2	272	25	16	3	24.3	0	0	0	0	71.25	1.417428299693822	1.3066106424680013	3	25	2
k8s306-b3	k8s306	3	0	262	182	276	720	14.35	0	0	0	0	0	26.25	3.4835711520904766	7	2.7684189821901164	3	267	23.529411764705884	17	2	24.5	0	0	0	0	63.5	2.9193089971061523	2.387791128168075	3	35.294117647058826	2
k8s306-b3	k8s306	3	1	291	180	249	720	14.35	0	0	0	0	0	26.25	3.4835711520904766	7	2.7684189821901164	3	267	23.529411764705884	17	2	24.5	0	0	0	0	63.5	2.9193089971061523	2.387791128168075	3	35.294117647058826	2
k8s306-b3	k8s306	3	2	251	179	290	720	14.35	0	0	0	0	0	26.25	3.4835711520904766	7	2.7684189821901164	3	267	23.529411764705884	17	2	24.5	0	0	0	0	63.5	2.9193089971061523	2.387791128168075	3	35.294117647058826	2
k8s306-b3	k8s306	3	3	274	156	290	720	14.35	0	0	0	0	0	26.25	3.4835711520904766	7	2.7684189821901164	3	267	23.529411764705884	17	2	24.5	0	0	0	0	63.5	2.9193089971061523	2.387791128168075	3	35.294117647058826	2
k8s306-b3	k8s306	3	4	261	169	290	720	14.35	0	0	0	0	0	26.25	3.4835711520904766	7	2.7684189821901164	3	267	23.529411764705884	17	2	24.5	0	0	0	0	63.5	2.9193089971061523	2.387791128168075	3	35.294117647058826	2
k8s306-b3	k8s306	3	5	245	200	275	720	14.35	0	0	0	0	0	26.25	3.4835711520904766	7	2.7684189821901164	3	267	23.529411764705884	17	2	24.5	0	0	0	0	63.5	2.9193089971061523	2.387791128168075	3	35.294117647058826	2
k8s306-b3	k8s306	3	6	278	160	282	720	14.35	0	0	0	0	0	26.25	3.4835711520904766	7	2.7684189821901164	3	267	23.529411764705884	17	2	24.5	0	0	0	0	63.5	2.9193089971061523	2.387791128168075	3	35.294117647058826	2
k8s306-b3	k8s306	3	7	277	204	239	720	14.35	0	0	0	0	0	26.25	3.4835711520904766	7	2.7684189821901164	3	267	23.529411764705884	17	2	24.5	0	0	0	0	63.5	2.9193089971061523	2.387791128168075	3	35.294117647058826	2
k8s307-b1	k8s307	1	0	282	217	221	720	13.4	0	0	0	0	0	21.4	3.815419439133451	11	1.808790803940198	5	262	20	20	1	22.7	0	0	0	0	30.15	3.4604595294142135	1.5878055514168743	5	20	1
k8s307-b1	k8s307	1	1	273	233	214	720	13.4	0	0	0	0	0	21.4	3.815419439133451	11	1.808790803940198	5	262	20	20	1	22.7	0	0	0	0	30.15	3.4604595294142135	1.5878055514168743	5	20	1
k8s307-b1	k8s307	1	2	264	234	222	720	13.4	0	0	0	0	0	21.4	3.815419439133451	11	1.808790803940198	5	262	20	20	1	22.7	0	0	0	0	30.15	3.4604595294142135	1.5878055514168743	5	20	1
k8s307-b1	k8s307	1	3	250	255	215	720	13.4	0	0	0	0	0	21.4	3.815419439133451	11	1.808790803940198	5	262	20	20	1	22.7	0	0	0	0	30.15	3.4604595294142135	1.5878055514168743	5	20	1
k8s307-b1	k8s307	1	4	265	251	204	720	13.4	0	0	0	0	0	21.4	3.815419439133451	11	1.808790803940198	5	262	20	20	1	22.7	0	0	0	0	30.15	3.4604595294142135	1.5878055514168743	5	20	1
k8s307-b1	k8s307	1	5	260	246	214	720	13.4	0	0	0	0	0	21.4	3.815419439133451	11	1.808790803940198	5	262	20	20	1	22.7	0	0	0	0	30.15	3.4604595294142135	1.5878055514168743	5	20	1
k8s307-b1	k8s307	1	6	280	241	199	720	13.4	0	0	0	0	0	21.4	3.815419439133451	11	1.808790803940198	5	262	20	20	1	22.7	0	0	0	0	30.15	3.4604595294142135	1.5878055514168743	5	20	1
k8s307-b1	k8s307	1	7	273	230	217	720	13.4	0	0	0	0	0	21.4	3.815419439133451	11	1.808790803940198	5	262	20	20	1	22.7	0	0	0	0	30.15	3.4604595294142135	1.5878055514168743	5	20	1
k8s307-b5	k8s307	5	0	269	192	259	720	14.65	0	0	0	0	0	27.55	2.3483294753454276	7	1.4989466219689302	3	270	35.294117647058826	17	2	24.75	0	0	0	0	70.45	2.2616097138025375	1.3366323252820738	3	16.666666666666668	2
k8s307-b5	k8s307	5	1	280	222	218	720	14.65	0	0	0	0	0	27.55	2.3483294753454276	7	1.4989466219689302	3	270	35.294117647058826	17	2	24.75	0	0	0	0	70.45	2.2616097138025375	1.3366323252820738	3	16.666666666666668	2
k8s307-b5	k8s307	5	2	259	223	238	720	14.65	0	0	0	0	0	27.55	2.3483294753454276	7	1.4989466219689302	3	270	35.294117647058826	17	2	24.75	0	0	0	0	70.45	2.2616097138025375	1.3366323252820738	3	16.666666666666668	2
k8s307-b5	k8s307	5	3	270	215	235	720	14.65	0	0	0	0	0	27.55	2.3483294753454276	7	1.4989466219689302	3	270	35.294117647058826	17	2	24.75	0	0	0	0	70.45	2.2616097138025375	1.3366323252820738	3	16.666666666666668	2
k8s307-b5	k8s307	5	4	287	190	243	720	14.65	0	0	0	0	0	27.55	2.3483294753454276	7	1.4989466219689302	3	270	35.294117647058826	17	2	24.75	0	0	0	0	70.45	2.2616097138025375	1.3366323252820738	3	16.666666666666668	2
k8s307-b5	k8s307	5	5	283	215	222	720	14.65	0	0	0	0	0	27.55	2.3483294753454276	7	1.4989466219689302	3	270	35.294117647058826	17	2	24.75	0	0	0	0	70.45	2.2616097138025375	1.3366323252820738	3	16.666666666666668	2
k8s307-b5	k8s307	5	6	273	215	232	720	14.65	0	0	0	0	0	27.55	2.3483294753454276	7	1.4989466219689302	3	270	35.294117647058826	17	2	24.75	0	0	0	0	70.45	2.2616097138025375	1.3366323252820738	3	16.666666666666668	2
k8s307-b5	k8s307	5	7	247	222	251	720	14.65	0	0	0	0	0	27.55	2.3483294753454276	7	1.4989466219689302	3	270	35.294117647058826	17	2	24.75	0	0	0	0	70.45	2.2616097138025375	1.3366323252820738	3	16.666666666666668	2
k8s308-b3	k8s308	3	0	252	179	289	720	14.5	0	0	0	0	0	33.15	3.824154217244697	6	3.059018513787117	4	253	28.571428571428573	14	1	24	0.2	0	0	0	51.9	3.811868586417028	3.3075263495846996	5	17.64705882352941	1
k8s308-b3	k8s308	3	1	282	172	266	720	14.5	0	0	0	0	0	33.15	3.824154217244697	6	3.059018513787117	4	253	28.571428571428573	14	1	24	0.2	0	0	0	51.9	3.811868586417028	3.3075263495846996	5	17.64705882352941	1
k8s308-b3	k8s308	3	2	283	177	260	720	14.5	0	0	0	0	0	33.15	3.824154217244697	6	3.059018513787117	4	253	28.571428571428573	14	1	24	0.2	0	0	0	51.9	3.811868586417028	3.3075263495846996	5	17.64705882352941	1
k8s308-b3	k8s308	3	3	279	163	278	720	14.5	0	0	0	0	0	33.15	3.824154217244697	6	3.059018513787117	4	253	28.571428571428573	14	1	24	0.2	0	0	0	51.9	3.811868586417028	3.3075263495846996	5	17.64705882352941	1
k8s308-b3	k8s308	3	4	278	158	284	720	14.5	0	0	0	0	0	33.15	3.824154217244697	6	3.059018513787117	4	253	28.571428571428573	14	1	24	0.2	0	0	0	51.9	3.811868586417028	3.3075263495846996	5	17.64705882352941	1
k8s308-b3	k8s308	3	5	267	162	291	720	14.5	0	0	0	0	0	33.15	3.824154217244697	6	3.059018513787117	4	253	28.571428571428573	14	1	24	0.2	0	0	0	51.9	3.811868586417028	3.3075263495846996	5	17.64705882352941	1
k8s308-b3	k8s308	3	6	279	171	270	720	14.5	0	0	0	0	0	33.15	3.824154217244697	6	3.059018513787117	4	253	28.571428571428573	14	1	24	0.2	0	0	0	51.9	3.811868586417028	3.3075263495846996	5	17.64705882352941	1
k8s308-b3	k8s308	3	7	308	172	240	720	14.5	0	0	0	0	0	33.15	3.824154217244697	6	3.059018513787117	4	253	28.571428571428573	14	1	24	0.2	0	0	0	51.9	3.811868586417028	3.3075263495846996	5	17.64705882352941	1
SHIPPED-3P	anchor	0	0	392	138	190	720	15.1	3.2	0	0	0	0	22.9	6.893203779717801	10	3.9360529080214848	5	247	22.222222222222225	18	1	23.65	2.2	0	0	0	43.25	3.9033424063716824	3.48509835078375	5	20	1
SHIPPED-3P	anchor	0	1	389	154	177	720	15.1	3.2	0	0	0	0	22.9	6.893203779717801	10	3.9360529080214848	5	247	22.222222222222225	18	1	23.65	2.2	0	0	0	43.25	3.9033424063716824	3.48509835078375	5	20	1
SHIPPED-3P	anchor	0	2	407	134	179	720	15.1	3.2	0	0	0	0	22.9	6.893203779717801	10	3.9360529080214848	5	247	22.222222222222225	18	1	23.65	2.2	0	0	0	43.25	3.9033424063716824	3.48509835078375	5	20	1
SHIPPED-3P	anchor	0	3	359	180	181	720	15.1	3.2	0	0	0	0	22.9	6.893203779717801	10	3.9360529080214848	5	247	22.222222222222225	18	1	23.65	2.2	0	0	0	43.25	3.9033424063716824	3.48509835078375	5	20	1
SHIPPED-3P	anchor	0	4	385	153	182	720	15.1	3.2	0	0	0	0	22.9	6.893203779717801	10	3.9360529080214848	5	247	22.222222222222225	18	1	23.65	2.2	0	0	0	43.25	3.9033424063716824	3.48509835078375	5	20	1
SHIPPED-3P	anchor	0	5	394	160	166	720	15.1	3.2	0	0	0	0	22.9	6.893203779717801	10	3.9360529080214848	5	247	22.222222222222225	18	1	23.65	2.2	0	0	0	43.25	3.9033424063716824	3.48509835078375	5	20	1
SHIPPED-3P	anchor	0	6	377	159	184	720	15.1	3.2	0	0	0	0	22.9	6.893203779717801	10	3.9360529080214848	5	247	22.222222222222225	18	1	23.65	2.2	0	0	0	43.25	3.9033424063716824	3.48509835078375	5	20	1
SHIPPED-3P	anchor	0	7	387	156	177	720	15.1	3.2	0	0	0	0	22.9	6.893203779717801	10	3.9360529080214848	5	247	22.222222222222225	18	1	23.65	2.2	0	0	0	43.25	3.9033424063716824	3.48509835078375	5	20	1
K2	anchor	0	0	329	171	220	720	14.9	0.1	0	0	0	0	33	5.095723803374625	10	2.758615337618424	5	241	43.75	16	1	25.1	0	0	0	0	74.95	4.589078332117693	2.939177515470255	4	17.64705882352941	1
K2	anchor	0	1	343	168	209	720	14.9	0.1	0	0	0	0	33	5.095723803374625	10	2.758615337618424	5	241	43.75	16	1	25.1	0	0	0	0	74.95	4.589078332117693	2.939177515470255	4	17.64705882352941	1
K2	anchor	0	2	330	182	208	720	14.9	0.1	0	0	0	0	33	5.095723803374625	10	2.758615337618424	5	241	43.75	16	1	25.1	0	0	0	0	74.95	4.589078332117693	2.939177515470255	4	17.64705882352941	1
K2	anchor	0	3	328	177	215	720	14.9	0.1	0	0	0	0	33	5.095723803374625	10	2.758615337618424	5	241	43.75	16	1	25.1	0	0	0	0	74.95	4.589078332117693	2.939177515470255	4	17.64705882352941	1
K2	anchor	0	4	311	171	238	720	14.9	0.1	0	0	0	0	33	5.095723803374625	10	2.758615337618424	5	241	43.75	16	1	25.1	0	0	0	0	74.95	4.589078332117693	2.939177515470255	4	17.64705882352941	1
K2	anchor	0	5	304	170	246	720	14.9	0.1	0	0	0	0	33	5.095723803374625	10	2.758615337618424	5	241	43.75	16	1	25.1	0	0	0	0	74.95	4.589078332117693	2.939177515470255	4	17.64705882352941	1
K2	anchor	0	6	319	176	225	720	14.9	0.1	0	0	0	0	33	5.095723803374625	10	2.758615337618424	5	241	43.75	16	1	25.1	0	0	0	0	74.95	4.589078332117693	2.939177515470255	4	17.64705882352941	1
K2	anchor	0	7	337	175	208	720	14.9	0.1	0	0	0	0	33	5.095723803374625	10	2.758615337618424	5	241	43.75	16	1	25.1	0	0	0	0	74.95	4.589078332117693	2.939177515470255	4	17.64705882352941	1
k8s301-b2	k8s301	2	0	223	207	290	720	13.45	0	0	0	0	0	26.65	6.410717225369333	12	2.002122041424658	4	269	20	20	1	22.95	0.2	0	0	0	46.15	5.824563785719025	2.229513737402736	5	15	1
k8s301-b2	k8s301	2	1	242	215	263	720	13.45	0	0	0	0	0	26.65	6.410717225369333	12	2.002122041424658	4	269	20	20	1	22.95	0.2	0	0	0	46.15	5.824563785719025	2.229513737402736	5	15	1
k8s301-b2	k8s301	2	2	233	203	284	720	13.45	0	0	0	0	0	26.65	6.410717225369333	12	2.002122041424658	4	269	20	20	1	22.95	0.2	0	0	0	46.15	5.824563785719025	2.229513737402736	5	15	1
k8s301-b2	k8s301	2	3	254	188	278	720	13.45	0	0	0	0	0	26.65	6.410717225369333	12	2.002122041424658	4	269	20	20	1	22.95	0.2	0	0	0	46.15	5.824563785719025	2.229513737402736	5	15	1
k8s301-b2	k8s301	2	4	253	208	259	720	13.45	0	0	0	0	0	26.65	6.410717225369333	12	2.002122041424658	4	269	20	20	1	22.95	0.2	0	0	0	46.15	5.824563785719025	2.229513737402736	5	15	1
k8s301-b2	k8s301	2	5	239	189	292	720	13.45	0	0	0	0	0	26.65	6.410717225369333	12	2.002122041424658	4	269	20	20	1	22.95	0.2	0	0	0	46.15	5.824563785719025	2.229513737402736	5	15	1
k8s301-b2	k8s301	2	6	266	222	232	720	13.45	0	0	0	0	0	26.65	6.410717225369333	12	2.002122041424658	4	269	20	20	1	22.95	0.2	0	0	0	46.15	5.824563785719025	2.229513737402736	5	15	1
k8s301-b2	k8s301	2	7	261	215	244	720	13.45	0	0	0	0	0	26.65	6.410717225369333	12	2.002122041424658	4	269	20	20	1	22.95	0.2	0	0	0	46.15	5.824563785719025	2.229513737402736	5	15	1
k8s301-b6	k8s301	6	0	269	228	223	720	14.35	0	0	0	0	0	26.75	2.1937823212369074	7	1.9789502312790688	3	267	29.41176470588235	17	3	23.6	0	0	0	0	44.45	1.5065397138150107	1.6641959138109597	3	22.222222222222225	3
k8s301-b6	k8s301	6	1	274	245	201	720	14.35	0	0	0	0	0	26.75	2.1937823212369074	7	1.9789502312790688	3	267	29.41176470588235	17	3	23.6	0	0	0	0	44.45	1.5065397138150107	1.6641959138109597	3	22.222222222222225	3
k8s301-b6	k8s301	6	2	255	227	238	720	14.35	0	0	0	0	0	26.75	2.1937823212369074	7	1.9789502312790688	3	267	29.41176470588235	17	3	23.6	0	0	0	0	44.45	1.5065397138150107	1.6641959138109597	3	22.222222222222225	3
k8s301-b6	k8s301	6	3	261	253	206	720	14.35	0	0	0	0	0	26.75	2.1937823212369074	7	1.9789502312790688	3	267	29.41176470588235	17	3	23.6	0	0	0	0	44.45	1.5065397138150107	1.6641959138109597	3	22.222222222222225	3
k8s301-b6	k8s301	6	4	237	241	242	720	14.35	0	0	0	0	0	26.75	2.1937823212369074	7	1.9789502312790688	3	267	29.41176470588235	17	3	23.6	0	0	0	0	44.45	1.5065397138150107	1.6641959138109597	3	22.222222222222225	3
k8s301-b6	k8s301	6	5	226	245	249	720	14.35	0	0	0	0	0	26.75	2.1937823212369074	7	1.9789502312790688	3	267	29.41176470588235	17	3	23.6	0	0	0	0	44.45	1.5065397138150107	1.6641959138109597	3	22.222222222222225	3
k8s301-b6	k8s301	6	6	283	219	218	720	14.35	0	0	0	0	0	26.75	2.1937823212369074	7	1.9789502312790688	3	267	29.41176470588235	17	3	23.6	0	0	0	0	44.45	1.5065397138150107	1.6641959138109597	3	22.222222222222225	3
k8s301-b6	k8s301	6	7	257	234	229	720	14.35	0	0	0	0	0	26.75	2.1937823212369074	7	1.9789502312790688	3	267	29.41176470588235	17	3	23.6	0	0	0	0	44.45	1.5065397138150107	1.6641959138109597	3	22.222222222222225	3
k8s302-b4	k8s302	4	0	287	172	261	720	13.95	0	0	0	0	0	21.75	2.4126908786941463	8	1.5437867248705985	3	279	20	20	3	23.75	0	0	0	0	32.05	2.6523941568375666	1.7506068594331023	4	20	3
k8s302-b4	k8s302	4	1	295	175	250	720	13.95	0	0	0	0	0	21.75	2.4126908786941463	8	1.5437867248705985	3	279	20	20	3	23.75	0	0	0	0	32.05	2.6523941568375666	1.7506068594331023	4	20	3
k8s302-b4	k8s302	4	2	314	186	220	720	13.95	0	0	0	0	0	21.75	2.4126908786941463	8	1.5437867248705985	3	279	20	20	3	23.75	0	0	0	0	32.05	2.6523941568375666	1.7506068594331023	4	20	3
k8s302-b4	k8s302	4	3	277	184	259	720	13.95	0	0	0	0	0	21.75	2.4126908786941463	8	1.5437867248705985	3	279	20	20	3	23.75	0	0	0	0	32.05	2.6523941568375666	1.7506068594331023	4	20	3
k8s302-b4	k8s302	4	4	271	190	259	720	13.95	0	0	0	0	0	21.75	2.4126908786941463	8	1.5437867248705985	3	279	20	20	3	23.75	0	0	0	0	32.05	2.6523941568375666	1.7506068594331023	4	20	3
k8s302-b4	k8s302	4	5	290	181	249	720	13.95	0	0	0	0	0	21.75	2.4126908786941463	8	1.5437867248705985	3	279	20	20	3	23.75	0	0	0	0	32.05	2.6523941568375666	1.7506068594331023	4	20	3
k8s302-b4	k8s302	4	6	293	184	243	720	13.95	0	0	0	0	0	21.75	2.4126908786941463	8	1.5437867248705985	3	279	20	20	3	23.75	0	0	0	0	32.05	2.6523941568375666	1.7506068594331023	4	20	3
k8s302-b4	k8s302	4	7	286	190	244	720	13.95	0	0	0	0	0	21.75	2.4126908786941463	8	1.5437867248705985	3	279	20	20	3	23.75	0	0	0	0	32.05	2.6523941568375666	1.7506068594331023	4	20	3
k8s303-b2	k8s303	2	0	290	267	163	720	14	0	0	0	0	0	30.9	2.559960671099372	5	1.8882088047618355	2	262	31.25	16	3	22.75	0	0	0	0	57.05	2.4175442127020923	1.9783145833953346	2	21.052631578947366	3
k8s303-b2	k8s303	2	1	312	254	154	720	14	0	0	0	0	0	30.9	2.559960671099372	5	1.8882088047618355	2	262	31.25	16	3	22.75	0	0	0	0	57.05	2.4175442127020923	1.9783145833953346	2	21.052631578947366	3
k8s303-b2	k8s303	2	2	274	285	161	720	14	0	0	0	0	0	30.9	2.559960671099372	5	1.8882088047618355	2	262	31.25	16	3	22.75	0	0	0	0	57.05	2.4175442127020923	1.9783145833953346	2	21.052631578947366	3
k8s303-b2	k8s303	2	3	268	289	163	720	14	0	0	0	0	0	30.9	2.559960671099372	5	1.8882088047618355	2	262	31.25	16	3	22.75	0	0	0	0	57.05	2.4175442127020923	1.9783145833953346	2	21.052631578947366	3
k8s303-b2	k8s303	2	4	278	286	156	720	14	0	0	0	0	0	30.9	2.559960671099372	5	1.8882088047618355	2	262	31.25	16	3	22.75	0	0	0	0	57.05	2.4175442127020923	1.9783145833953346	2	21.052631578947366	3
k8s303-b2	k8s303	2	5	269	283	168	720	14	0	0	0	0	0	30.9	2.559960671099372	5	1.8882088047618355	2	262	31.25	16	3	22.75	0	0	0	0	57.05	2.4175442127020923	1.9783145833953346	2	21.052631578947366	3
k8s303-b2	k8s303	2	6	280	285	155	720	14	0	0	0	0	0	30.9	2.559960671099372	5	1.8882088047618355	2	262	31.25	16	3	22.75	0	0	0	0	57.05	2.4175442127020923	1.9783145833953346	2	21.052631578947366	3
k8s303-b2	k8s303	2	7	297	277	146	720	14	0	0	0	0	0	30.9	2.559960671099372	5	1.8882088047618355	2	262	31.25	16	3	22.75	0	0	0	0	57.05	2.4175442127020923	1.9783145833953346	2	21.052631578947366	3
k8s303-b6	k8s303	6	0	285	265	170	720	14.25	0	0	0	0	0	27.55	3.79665963100774	5	1.9249895899799396	2	273	21.052631578947366	19	3	23.6	0	0	0	0	48.5	2.8985500028629163	1.9569757051157093	2	21.052631578947366	3
k8s303-b6	k8s303	6	1	283	280	157	720	14.25	0	0	0	0	0	27.55	3.79665963100774	5	1.9249895899799396	2	273	21.052631578947366	19	3	23.6	0	0	0	0	48.5	2.8985500028629163	1.9569757051157093	2	21.052631578947366	3
k8s303-b6	k8s303	6	2	298	264	158	720	14.25	0	0	0	0	0	27.55	3.79665963100774	5	1.9249895899799396	2	273	21.052631578947366	19	3	23.6	0	0	0	0	48.5	2.8985500028629163	1.9569757051157093	2	21.052631578947366	3
k8s303-b6	k8s303	6	3	262	277	181	720	14.25	0	0	0	0	0	27.55	3.79665963100774	5	1.9249895899799396	2	273	21.052631578947366	19	3	23.6	0	0	0	0	48.5	2.8985500028629163	1.9569757051157093	2	21.052631578947366	3
k8s303-b6	k8s303	6	4	263	287	170	720	14.25	0	0	0	0	0	27.55	3.79665963100774	5	1.9249895899799396	2	273	21.052631578947366	19	3	23.6	0	0	0	0	48.5	2.8985500028629163	1.9569757051157093	2	21.052631578947366	3
k8s303-b6	k8s303	6	5	260	295	165	720	14.25	0	0	0	0	0	27.55	3.79665963100774	5	1.9249895899799396	2	273	21.052631578947366	19	3	23.6	0	0	0	0	48.5	2.8985500028629163	1.9569757051157093	2	21.052631578947366	3
k8s303-b6	k8s303	6	6	294	275	151	720	14.25	0	0	0	0	0	27.55	3.79665963100774	5	1.9249895899799396	2	273	21.052631578947366	19	3	23.6	0	0	0	0	48.5	2.8985500028629163	1.9569757051157093	2	21.052631578947366	3
k8s303-b6	k8s303	6	7	278	282	160	720	14.25	0	0	0	0	0	27.55	3.79665963100774	5	1.9249895899799396	2	273	21.052631578947366	19	3	23.6	0	0	0	0	48.5	2.8985500028629163	1.9569757051157093	2	21.052631578947366	3
k8s304-b4	k8s304	4	0	287	215	218	720	14.45	0	0	0	0	0	36.45	1.975539365718269	7	1.8364236297019347	2	253	35.294117647058826	17	3	23.85	0	0	0	0	88.25	1.663790777271447	1.6326691804550084	2	33.33333333333333	3
k8s304-b4	k8s304	4	1	287	218	215	720	14.45	0	0	0	0	0	36.45	1.975539365718269	7	1.8364236297019347	2	253	35.294117647058826	17	3	23.85	0	0	0	0	88.25	1.663790777271447	1.6326691804550084	2	33.33333333333333	3
k8s304-b4	k8s304	4	2	293	211	216	720	14.45	0	0	0	0	0	36.45	1.975539365718269	7	1.8364236297019347	2	253	35.294117647058826	17	3	23.85	0	0	0	0	88.25	1.663790777271447	1.6326691804550084	2	33.33333333333333	3
k8s304-b4	k8s304	4	3	293	222	205	720	14.45	0	0	0	0	0	36.45	1.975539365718269	7	1.8364236297019347	2	253	35.294117647058826	17	3	23.85	0	0	0	0	88.25	1.663790777271447	1.6326691804550084	2	33.33333333333333	3
k8s304-b4	k8s304	4	4	295	207	218	720	14.45	0	0	0	0	0	36.45	1.975539365718269	7	1.8364236297019347	2	253	35.294117647058826	17	3	23.85	0	0	0	0	88.25	1.663790777271447	1.6326691804550084	2	33.33333333333333	3
k8s304-b4	k8s304	4	5	275	239	206	720	14.45	0	0	0	0	0	36.45	1.975539365718269	7	1.8364236297019347	2	253	35.294117647058826	17	3	23.85	0	0	0	0	88.25	1.663790777271447	1.6326691804550084	2	33.33333333333333	3
k8s304-b4	k8s304	4	6	297	223	200	720	14.45	0	0	0	0	0	36.45	1.975539365718269	7	1.8364236297019347	2	253	35.294117647058826	17	3	23.85	0	0	0	0	88.25	1.663790777271447	1.6326691804550084	2	33.33333333333333	3
k8s304-b4	k8s304	4	7	292	213	215	720	14.45	0	0	0	0	0	36.45	1.975539365718269	7	1.8364236297019347	2	253	35.294117647058826	17	3	23.85	0	0	0	0	88.25	1.663790777271447	1.6326691804550084	2	33.33333333333333	3
k8s305-b2	k8s305	2	0	310	217	193	720	12.4	0	0	0	0	0	30.25	3.8141679491429206	7	1.7581842229197218	3	248	25	20	2	20.7	0	0	0	0	51.75	4.046749558068107	1.939798229569324	3	30	2
k8s305-b2	k8s305	2	1	313	233	174	720	12.4	0	0	0	0	0	30.25	3.8141679491429206	7	1.7581842229197218	3	248	25	20	2	20.7	0	0	0	0	51.75	4.046749558068107	1.939798229569324	3	30	2
k8s305-b2	k8s305	2	2	298	244	178	720	12.4	0	0	0	0	0	30.25	3.8141679491429206	7	1.7581842229197218	3	248	25	20	2	20.7	0	0	0	0	51.75	4.046749558068107	1.939798229569324	3	30	2
k8s305-b2	k8s305	2	3	303	228	189	720	12.4	0	0	0	0	0	30.25	3.8141679491429206	7	1.7581842229197218	3	248	25	20	2	20.7	0	0	0	0	51.75	4.046749558068107	1.939798229569324	3	30	2
k8s305-b2	k8s305	2	4	289	246	185	720	12.4	0	0	0	0	0	30.25	3.8141679491429206	7	1.7581842229197218	3	248	25	20	2	20.7	0	0	0	0	51.75	4.046749558068107	1.939798229569324	3	30	2
k8s305-b2	k8s305	2	5	294	217	209	720	12.4	0	0	0	0	0	30.25	3.8141679491429206	7	1.7581842229197218	3	248	25	20	2	20.7	0	0	0	0	51.75	4.046749558068107	1.939798229569324	3	30	2
k8s305-b2	k8s305	2	6	293	238	189	720	12.4	0	0	0	0	0	30.25	3.8141679491429206	7	1.7581842229197218	3	248	25	20	2	20.7	0	0	0	0	51.75	4.046749558068107	1.939798229569324	3	30	2
k8s305-b2	k8s305	2	7	299	231	190	720	12.4	0	0	0	0	0	30.25	3.8141679491429206	7	1.7581842229197218	3	248	25	20	2	20.7	0	0	0	0	51.75	4.046749558068107	1.939798229569324	3	30	2
k8s305-b6	k8s305	6	0	325	181	214	720	14.9	0	0	0	0	0	34.8	1.0413879997850102	4	1	1	271	33.333333333333336	15	3	24.1	0	0	0	0	85.4	1.02125529901438	1.0303042875383683	2	26.666666666666668	3
k8s305-b6	k8s305	6	1	334	196	190	720	14.9	0	0	0	0	0	34.8	1.0413879997850102	4	1	1	271	33.333333333333336	15	3	24.1	0	0	0	0	85.4	1.02125529901438	1.0303042875383683	2	26.666666666666668	3
k8s305-b6	k8s305	6	2	347	176	197	720	14.9	0	0	0	0	0	34.8	1.0413879997850102	4	1	1	271	33.333333333333336	15	3	24.1	0	0	0	0	85.4	1.02125529901438	1.0303042875383683	2	26.666666666666668	3
k8s305-b6	k8s305	6	3	358	183	179	720	14.9	0	0	0	0	0	34.8	1.0413879997850102	4	1	1	271	33.333333333333336	15	3	24.1	0	0	0	0	85.4	1.02125529901438	1.0303042875383683	2	26.666666666666668	3
k8s305-b6	k8s305	6	4	343	185	192	720	14.9	0	0	0	0	0	34.8	1.0413879997850102	4	1	1	271	33.333333333333336	15	3	24.1	0	0	0	0	85.4	1.02125529901438	1.0303042875383683	2	26.666666666666668	3
k8s305-b6	k8s305	6	5	309	180	231	720	14.9	0	0	0	0	0	34.8	1.0413879997850102	4	1	1	271	33.333333333333336	15	3	24.1	0	0	0	0	85.4	1.02125529901438	1.0303042875383683	2	26.666666666666668	3
k8s305-b6	k8s305	6	6	364	189	167	720	14.9	0	0	0	0	0	34.8	1.0413879997850102	4	1	1	271	33.333333333333336	15	3	24.1	0	0	0	0	85.4	1.02125529901438	1.0303042875383683	2	26.666666666666668	3
k8s305-b6	k8s305	6	7	333	187	200	720	14.9	0	0	0	0	0	34.8	1.0413879997850102	4	1	1	271	33.333333333333336	15	3	24.1	0	0	0	0	85.4	1.02125529901438	1.0303042875383683	2	26.666666666666668	3
k8s306-b4	k8s306	4	0	316	166	238	720	14.2	0	0	0	0	0	33.35	5.191466459551229	8	2.743513615159733	3	262	23.52941176470588	17	2	23.35	0	0	0	0	42.7	5.048185245727449	2.490392085144865	3	45	2
k8s306-b4	k8s306	4	1	296	180	244	720	14.2	0	0	0	0	0	33.35	5.191466459551229	8	2.743513615159733	3	262	23.52941176470588	17	2	23.35	0	0	0	0	42.7	5.048185245727449	2.490392085144865	3	45	2
k8s306-b4	k8s306	4	2	304	168	248	720	14.2	0	0	0	0	0	33.35	5.191466459551229	8	2.743513615159733	3	262	23.52941176470588	17	2	23.35	0	0	0	0	42.7	5.048185245727449	2.490392085144865	3	45	2
k8s306-b4	k8s306	4	3	305	178	237	720	14.2	0	0	0	0	0	33.35	5.191466459551229	8	2.743513615159733	3	262	23.52941176470588	17	2	23.35	0	0	0	0	42.7	5.048185245727449	2.490392085144865	3	45	2
k8s306-b4	k8s306	4	4	311	163	246	720	14.2	0	0	0	0	0	33.35	5.191466459551229	8	2.743513615159733	3	262	23.52941176470588	17	2	23.35	0	0	0	0	42.7	5.048185245727449	2.490392085144865	3	45	2
k8s306-b4	k8s306	4	5	321	161	238	720	14.2	0	0	0	0	0	33.35	5.191466459551229	8	2.743513615159733	3	262	23.52941176470588	17	2	23.35	0	0	0	0	42.7	5.048185245727449	2.490392085144865	3	45	2
k8s306-b4	k8s306	4	6	330	177	213	720	14.2	0	0	0	0	0	33.35	5.191466459551229	8	2.743513615159733	3	262	23.52941176470588	17	2	23.35	0	0	0	0	42.7	5.048185245727449	2.490392085144865	3	45	2
k8s306-b4	k8s306	4	7	320	160	240	720	14.2	0	0	0	0	0	33.35	5.191466459551229	8	2.743513615159733	3	262	23.52941176470588	17	2	23.35	0	0	0	0	42.7	5.048185245727449	2.490392085144865	3	45	2
k8s307-b2	k8s307	2	0	246	183	291	720	14.1	0	0	0	0	0	20.3	3.2566267758843637	9	1.9452072253009258	3	274	44.44444444444444	18	2	23.95	0	0	0	0	29.85	2.9084167922246387	1.7685372429523956	3	5.263157894736844	2
k8s307-b2	k8s307	2	1	284	202	234	720	14.1	0	0	0	0	0	20.3	3.2566267758843637	9	1.9452072253009258	3	274	44.44444444444444	18	2	23.95	0	0	0	0	29.85	2.9084167922246387	1.7685372429523956	3	5.263157894736844	2
k8s307-b2	k8s307	2	2	259	200	261	720	14.1	0	0	0	0	0	20.3	3.2566267758843637	9	1.9452072253009258	3	274	44.44444444444444	18	2	23.95	0	0	0	0	29.85	2.9084167922246387	1.7685372429523956	3	5.263157894736844	2
k8s307-b2	k8s307	2	3	274	192	254	720	14.1	0	0	0	0	0	20.3	3.2566267758843637	9	1.9452072253009258	3	274	44.44444444444444	18	2	23.95	0	0	0	0	29.85	2.9084167922246387	1.7685372429523956	3	5.263157894736844	2
k8s307-b2	k8s307	2	4	276	191	253	720	14.1	0	0	0	0	0	20.3	3.2566267758843637	9	1.9452072253009258	3	274	44.44444444444444	18	2	23.95	0	0	0	0	29.85	2.9084167922246387	1.7685372429523956	3	5.263157894736844	2
k8s307-b2	k8s307	2	5	264	219	237	720	14.1	0	0	0	0	0	20.3	3.2566267758843637	9	1.9452072253009258	3	274	44.44444444444444	18	2	23.95	0	0	0	0	29.85	2.9084167922246387	1.7685372429523956	3	5.263157894736844	2
k8s307-b2	k8s307	2	6	277	209	234	720	14.1	0	0	0	0	0	20.3	3.2566267758843637	9	1.9452072253009258	3	274	44.44444444444444	18	2	23.95	0	0	0	0	29.85	2.9084167922246387	1.7685372429523956	3	5.263157894736844	2
k8s307-b2	k8s307	2	7	273	202	245	720	14.1	0	0	0	0	0	20.3	3.2566267758843637	9	1.9452072253009258	3	274	44.44444444444444	18	2	23.95	0	0	0	0	29.85	2.9084167922246387	1.7685372429523956	3	5.263157894736844	2
k8s307-b6	k8s307	6	0	304	152	264	720	13.65	0	0	0	0	0	16.75	4.9103602256239025	11	2.139193096825408	3	258	25	20	2	23.7	0	0	0	0	24.2	4.732944815193335	1.9814882776605196	3	20	2
k8s307-b6	k8s307	6	1	281	169	270	720	13.65	0	0	0	0	0	16.75	4.9103602256239025	11	2.139193096825408	3	258	25	20	2	23.7	0	0	0	0	24.2	4.732944815193335	1.9814882776605196	3	20	2
k8s307-b6	k8s307	6	2	296	159	265	720	13.65	0	0	0	0	0	16.75	4.9103602256239025	11	2.139193096825408	3	258	25	20	2	23.7	0	0	0	0	24.2	4.732944815193335	1.9814882776605196	3	20	2
k8s307-b6	k8s307	6	3	316	149	255	720	13.65	0	0	0	0	0	16.75	4.9103602256239025	11	2.139193096825408	3	258	25	20	2	23.7	0	0	0	0	24.2	4.732944815193335	1.9814882776605196	3	20	2
k8s307-b6	k8s307	6	4	303	173	244	720	13.65	0	0	0	0	0	16.75	4.9103602256239025	11	2.139193096825408	3	258	25	20	2	23.7	0	0	0	0	24.2	4.732944815193335	1.9814882776605196	3	20	2
k8s307-b6	k8s307	6	5	305	158	257	720	13.65	0	0	0	0	0	16.75	4.9103602256239025	11	2.139193096825408	3	258	25	20	2	23.7	0	0	0	0	24.2	4.732944815193335	1.9814882776605196	3	20	2
k8s307-b6	k8s307	6	6	299	163	258	720	13.65	0	0	0	0	0	16.75	4.9103602256239025	11	2.139193096825408	3	258	25	20	2	23.7	0	0	0	0	24.2	4.732944815193335	1.9814882776605196	3	20	2
k8s307-b6	k8s307	6	7	269	180	271	720	13.65	0	0	0	0	0	16.75	4.9103602256239025	11	2.139193096825408	3	258	25	20	2	23.7	0	0	0	0	24.2	4.732944815193335	1.9814882776605196	3	20	2
k8s308-b4	k8s308	4	0	318	178	224	720	13.95	0	0.4	0.4	0	0	19.7	3.018692311804995	5	2.629893235362304	4	269	10	20	1	23.9	0	0.05	0	0	42.4	3.0808535151979104	2.8271177909301644	4	36.8421052631579	1
k8s308-b4	k8s308	4	1	336	200	184	720	13.95	0	0.4	0.4	0	0	19.7	3.018692311804995	5	2.629893235362304	4	269	10	20	1	23.9	0	0.05	0	0	42.4	3.0808535151979104	2.8271177909301644	4	36.8421052631579	1
k8s308-b4	k8s308	4	2	292	211	217	720	13.95	0	0.4	0.4	0	0	19.7	3.018692311804995	5	2.629893235362304	4	269	10	20	1	23.9	0	0.05	0	0	42.4	3.0808535151979104	2.8271177909301644	4	36.8421052631579	1
k8s308-b4	k8s308	4	3	320	198	202	720	13.95	0	0.4	0.4	0	0	19.7	3.018692311804995	5	2.629893235362304	4	269	10	20	1	23.9	0	0.05	0	0	42.4	3.0808535151979104	2.8271177909301644	4	36.8421052631579	1
k8s308-b4	k8s308	4	4	329	176	215	720	13.95	0	0.4	0.4	0	0	19.7	3.018692311804995	5	2.629893235362304	4	269	10	20	1	23.9	0	0.05	0	0	42.4	3.0808535151979104	2.8271177909301644	4	36.8421052631579	1
k8s308-b4	k8s308	4	5	317	189	214	720	13.95	0	0.4	0.4	0	0	19.7	3.018692311804995	5	2.629893235362304	4	269	10	20	1	23.9	0	0.05	0	0	42.4	3.0808535151979104	2.8271177909301644	4	36.8421052631579	1
k8s308-b4	k8s308	4	6	327	192	201	720	13.95	0	0.4	0.4	0	0	19.7	3.018692311804995	5	2.629893235362304	4	269	10	20	1	23.9	0	0.05	0	0	42.4	3.0808535151979104	2.8271177909301644	4	36.8421052631579	1
k8s308-b4	k8s308	4	7	333	180	207	720	13.95	0	0.4	0.4	0	0	19.7	3.018692311804995	5	2.629893235362304	4	269	10	20	1	23.9	0	0.05	0	0	42.4	3.0808535151979104	2.8271177909301644	4	36.8421052631579	1
k8s301-b3	k8s301	3	0	308	162	250	720	13.8	0	0	0	0	0	16	4.111321866787744	11	3.189373366276206	5	263	10	20	0	23.85	0.7	0	0	0	24.25	4.013903203775724	3.415172854616225	7	40	0
k8s301-b3	k8s301	3	1	342	158	220	720	13.8	0	0	0	0	0	16	4.111321866787744	11	3.189373366276206	5	263	10	20	0	23.85	0.7	0	0	0	24.25	4.013903203775724	3.415172854616225	7	40	0
k8s301-b3	k8s301	3	2	345	153	222	720	13.8	0	0	0	0	0	16	4.111321866787744	11	3.189373366276206	5	263	10	20	0	23.85	0.7	0	0	0	24.25	4.013903203775724	3.415172854616225	7	40	0
k8s301-b3	k8s301	3	3	355	134	231	720	13.8	0	0	0	0	0	16	4.111321866787744	11	3.189373366276206	5	263	10	20	0	23.85	0.7	0	0	0	24.25	4.013903203775724	3.415172854616225	7	40	0
k8s301-b3	k8s301	3	4	331	136	253	720	13.8	0	0	0	0	0	16	4.111321866787744	11	3.189373366276206	5	263	10	20	0	23.85	0.7	0	0	0	24.25	4.013903203775724	3.415172854616225	7	40	0
k8s301-b3	k8s301	3	5	346	130	244	720	13.8	0	0	0	0	0	16	4.111321866787744	11	3.189373366276206	5	263	10	20	0	23.85	0.7	0	0	0	24.25	4.013903203775724	3.415172854616225	7	40	0
k8s301-b3	k8s301	3	6	368	123	229	720	13.8	0	0	0	0	0	16	4.111321866787744	11	3.189373366276206	5	263	10	20	0	23.85	0.7	0	0	0	24.25	4.013903203775724	3.415172854616225	7	40	0
k8s301-b3	k8s301	3	7	326	158	236	720	13.8	0	0	0	0	0	16	4.111321866787744	11	3.189373366276206	5	263	10	20	0	23.85	0.7	0	0	0	24.25	4.013903203775724	3.415172854616225	7	40	0
k8s302-b1	k8s302	1	0	298	191	231	720	14.4	1.9	0.25	0.25	0	0	35.3	6.307387400899272	16	2.5279137424160765	5	250	16.666666666666668	18	1	24.1	1.9	0.5	0	0	56.75	5.830016280467163	2.33873372745181	5	10	1
k8s302-b1	k8s302	1	1	301	186	233	720	14.4	1.9	0.25	0.25	0	0	35.3	6.307387400899272	16	2.5279137424160765	5	250	16.666666666666668	18	1	24.1	1.9	0.5	0	0	56.75	5.830016280467163	2.33873372745181	5	10	1
k8s302-b1	k8s302	1	2	319	198	203	720	14.4	1.9	0.25	0.25	0	0	35.3	6.307387400899272	16	2.5279137424160765	5	250	16.666666666666668	18	1	24.1	1.9	0.5	0	0	56.75	5.830016280467163	2.33873372745181	5	10	1
k8s302-b1	k8s302	1	3	279	192	249	720	14.4	1.9	0.25	0.25	0	0	35.3	6.307387400899272	16	2.5279137424160765	5	250	16.666666666666668	18	1	24.1	1.9	0.5	0	0	56.75	5.830016280467163	2.33873372745181	5	10	1
k8s302-b1	k8s302	1	4	296	169	255	720	14.4	1.9	0.25	0.25	0	0	35.3	6.307387400899272	16	2.5279137424160765	5	250	16.666666666666668	18	1	24.1	1.9	0.5	0	0	56.75	5.830016280467163	2.33873372745181	5	10	1
k8s302-b1	k8s302	1	5	309	175	236	720	14.4	1.9	0.25	0.25	0	0	35.3	6.307387400899272	16	2.5279137424160765	5	250	16.666666666666668	18	1	24.1	1.9	0.5	0	0	56.75	5.830016280467163	2.33873372745181	5	10	1
k8s302-b1	k8s302	1	6	316	180	224	720	14.4	1.9	0.25	0.25	0	0	35.3	6.307387400899272	16	2.5279137424160765	5	250	16.666666666666668	18	1	24.1	1.9	0.5	0	0	56.75	5.830016280467163	2.33873372745181	5	10	1
k8s302-b1	k8s302	1	7	327	180	213	720	14.4	1.9	0.25	0.25	0	0	35.3	6.307387400899272	16	2.5279137424160765	5	250	16.666666666666668	18	1	24.1	1.9	0.5	0	0	56.75	5.830016280467163	2.33873372745181	5	10	1
k8s302-b5	k8s302	5	0	246	193	281	720	14.2	0	0	0	0	0	31.05	3.01599947706032	5	1.6984821570886917	4	262	23.52941176470588	17	1	23.1	0	0	0	0	42.75	3.2017449168214984	1.9021814761473668	4	15.789473684210524	1
k8s302-b5	k8s302	5	1	247	204	269	720	14.2	0	0	0	0	0	31.05	3.01599947706032	5	1.6984821570886917	4	262	23.52941176470588	17	1	23.1	0	0	0	0	42.75	3.2017449168214984	1.9021814761473668	4	15.789473684210524	1
k8s302-b5	k8s302	5	2	243	197	280	720	14.2	0	0	0	0	0	31.05	3.01599947706032	5	1.6984821570886917	4	262	23.52941176470588	17	1	23.1	0	0	0	0	42.75	3.2017449168214984	1.9021814761473668	4	15.789473684210524	1
k8s302-b5	k8s302	5	3	228	193	299	720	14.2	0	0	0	0	0	31.05	3.01599947706032	5	1.6984821570886917	4	262	23.52941176470588	17	1	23.1	0	0	0	0	42.75	3.2017449168214984	1.9021814761473668	4	15.789473684210524	1
k8s302-b5	k8s302	5	4	237	217	266	720	14.2	0	0	0	0	0	31.05	3.01599947706032	5	1.6984821570886917	4	262	23.52941176470588	17	1	23.1	0	0	0	0	42.75	3.2017449168214984	1.9021814761473668	4	15.789473684210524	1
k8s302-b5	k8s302	5	5	238	210	272	720	14.2	0	0	0	0	0	31.05	3.01599947706032	5	1.6984821570886917	4	262	23.52941176470588	17	1	23.1	0	0	0	0	42.75	3.2017449168214984	1.9021814761473668	4	15.789473684210524	1
k8s302-b5	k8s302	5	6	242	219	259	720	14.2	0	0	0	0	0	31.05	3.01599947706032	5	1.6984821570886917	4	262	23.52941176470588	17	1	23.1	0	0	0	0	42.75	3.2017449168214984	1.9021814761473668	4	15.789473684210524	1
k8s302-b5	k8s302	5	7	252	209	259	720	14.2	0	0	0	0	0	31.05	3.01599947706032	5	1.6984821570886917	4	262	23.52941176470588	17	1	23.1	0	0	0	0	42.75	3.2017449168214984	1.9021814761473668	4	15.789473684210524	1
k8s303-b3	k8s303	3	0	315	234	171	720	14.5	0	0	0	0	0	35.15	2.5037035033137673	6	1.9133243094244525	2	264	40	15	3	23.45	0	0	0	0	75.95	2.3978209895160694	1.9522445448347914	2	11.11111111111111	3
k8s303-b3	k8s303	3	1	325	238	157	720	14.5	0	0	0	0	0	35.15	2.5037035033137673	6	1.9133243094244525	2	264	40	15	3	23.45	0	0	0	0	75.95	2.3978209895160694	1.9522445448347914	2	11.11111111111111	3
k8s303-b3	k8s303	3	2	283	240	197	720	14.5	0	0	0	0	0	35.15	2.5037035033137673	6	1.9133243094244525	2	264	40	15	3	23.45	0	0	0	0	75.95	2.3978209895160694	1.9522445448347914	2	11.11111111111111	3
k8s303-b3	k8s303	3	3	296	235	189	720	14.5	0	0	0	0	0	35.15	2.5037035033137673	6	1.9133243094244525	2	264	40	15	3	23.45	0	0	0	0	75.95	2.3978209895160694	1.9522445448347914	2	11.11111111111111	3
k8s303-b3	k8s303	3	4	295	247	178	720	14.5	0	0	0	0	0	35.15	2.5037035033137673	6	1.9133243094244525	2	264	40	15	3	23.45	0	0	0	0	75.95	2.3978209895160694	1.9522445448347914	2	11.11111111111111	3
k8s303-b3	k8s303	3	5	320	226	174	720	14.5	0	0	0	0	0	35.15	2.5037035033137673	6	1.9133243094244525	2	264	40	15	3	23.45	0	0	0	0	75.95	2.3978209895160694	1.9522445448347914	2	11.11111111111111	3
k8s303-b3	k8s303	3	6	352	216	152	720	14.5	0	0	0	0	0	35.15	2.5037035033137673	6	1.9133243094244525	2	264	40	15	3	23.45	0	0	0	0	75.95	2.3978209895160694	1.9522445448347914	2	11.11111111111111	3
k8s303-b3	k8s303	3	7	306	257	157	720	14.5	0	0	0	0	0	35.15	2.5037035033137673	6	1.9133243094244525	2	264	40	15	3	23.45	0	0	0	0	75.95	2.3978209895160694	1.9522445448347914	2	11.11111111111111	3
k8s304-b1	k8s304	1	0	234	272	214	720	14.45	0	0	0	0	0	37.05	1.7603991210149352	4	1.9743989818586012	2	231	17.64705882352941	17	3	24.25	0	0	0	0	73.5	1.5958206374919808	1.7438346011891952	2	27.77777777777778	3
k8s304-b1	k8s304	1	1	262	262	196	720	14.45	0	0	0	0	0	37.05	1.7603991210149352	4	1.9743989818586012	2	231	17.64705882352941	17	3	24.25	0	0	0	0	73.5	1.5958206374919808	1.7438346011891952	2	27.77777777777778	3
k8s304-b1	k8s304	1	2	236	259	225	720	14.45	0	0	0	0	0	37.05	1.7603991210149352	4	1.9743989818586012	2	231	17.64705882352941	17	3	24.25	0	0	0	0	73.5	1.5958206374919808	1.7438346011891952	2	27.77777777777778	3
k8s304-b1	k8s304	1	3	257	254	209	720	14.45	0	0	0	0	0	37.05	1.7603991210149352	4	1.9743989818586012	2	231	17.64705882352941	17	3	24.25	0	0	0	0	73.5	1.5958206374919808	1.7438346011891952	2	27.77777777777778	3
k8s304-b1	k8s304	1	4	232	259	229	720	14.45	0	0	0	0	0	37.05	1.7603991210149352	4	1.9743989818586012	2	231	17.64705882352941	17	3	24.25	0	0	0	0	73.5	1.5958206374919808	1.7438346011891952	2	27.77777777777778	3
k8s304-b1	k8s304	1	5	244	267	209	720	14.45	0	0	0	0	0	37.05	1.7603991210149352	4	1.9743989818586012	2	231	17.64705882352941	17	3	24.25	0	0	0	0	73.5	1.5958206374919808	1.7438346011891952	2	27.77777777777778	3
k8s304-b1	k8s304	1	6	225	283	212	720	14.45	0	0	0	0	0	37.05	1.7603991210149352	4	1.9743989818586012	2	231	17.64705882352941	17	3	24.25	0	0	0	0	73.5	1.5958206374919808	1.7438346011891952	2	27.77777777777778	3
k8s304-b1	k8s304	1	7	262	261	197	720	14.45	0	0	0	0	0	37.05	1.7603991210149352	4	1.9743989818586012	2	231	17.64705882352941	17	3	24.25	0	0	0	0	73.5	1.5958206374919808	1.7438346011891952	2	27.77777777777778	3
k8s304-b5	k8s304	5	0	172	285	263	720	12.55	0	0	0	0	0	21.55	2.9359530499841218	9	1.4089240953079707	3	249	10	20	2	21.1	0	0	0	0	36.6	3.2591156454201338	1.4725813333689555	2	30	3
k8s304-b5	k8s304	5	1	185	280	255	720	12.55	0	0	0	0	0	21.55	2.9359530499841218	9	1.4089240953079707	3	249	10	20	2	21.1	0	0	0	0	36.6	3.2591156454201338	1.4725813333689555	2	30	3
k8s304-b5	k8s304	5	2	180	286	254	720	12.55	0	0	0	0	0	21.55	2.9359530499841218	9	1.4089240953079707	3	249	10	20	2	21.1	0	0	0	0	36.6	3.2591156454201338	1.4725813333689555	2	30	3
k8s304-b5	k8s304	5	3	159	297	264	720	12.55	0	0	0	0	0	21.55	2.9359530499841218	9	1.4089240953079707	3	249	10	20	2	21.1	0	0	0	0	36.6	3.2591156454201338	1.4725813333689555	2	30	3
k8s304-b5	k8s304	5	4	181	289	250	720	12.55	0	0	0	0	0	21.55	2.9359530499841218	9	1.4089240953079707	3	249	10	20	2	21.1	0	0	0	0	36.6	3.2591156454201338	1.4725813333689555	2	30	3
k8s304-b5	k8s304	5	5	193	291	236	720	12.55	0	0	0	0	0	21.55	2.9359530499841218	9	1.4089240953079707	3	249	10	20	2	21.1	0	0	0	0	36.6	3.2591156454201338	1.4725813333689555	2	30	3
k8s304-b5	k8s304	5	6	190	289	241	720	12.55	0	0	0	0	0	21.55	2.9359530499841218	9	1.4089240953079707	3	249	10	20	2	21.1	0	0	0	0	36.6	3.2591156454201338	1.4725813333689555	2	30	3
k8s304-b5	k8s304	5	7	181	263	276	720	12.55	0	0	0	0	0	21.55	2.9359530499841218	9	1.4089240953079707	3	249	10	20	2	21.1	0	0	0	0	36.6	3.2591156454201338	1.4725813333689555	2	30	3
k8s305-b3	k8s305	3	0	309	204	207	720	13.5	0	0	0	0	0	22.3	4.967653297466633	10	2.53581435290222	4	264	31.578947368421055	19	2	22.7	0	0	0	0	40.9	4.273385924627011	2.4521974881595314	3	20	2
k8s305-b3	k8s305	3	1	308	219	193	720	13.5	0	0	0	0	0	22.3	4.967653297466633	10	2.53581435290222	4	264	31.578947368421055	19	2	22.7	0	0	0	0	40.9	4.273385924627011	2.4521974881595314	3	20	2
k8s305-b3	k8s305	3	2	299	205	216	720	13.5	0	0	0	0	0	22.3	4.967653297466633	10	2.53581435290222	4	264	31.578947368421055	19	2	22.7	0	0	0	0	40.9	4.273385924627011	2.4521974881595314	3	20	2
k8s305-b3	k8s305	3	3	302	220	198	720	13.5	0	0	0	0	0	22.3	4.967653297466633	10	2.53581435290222	4	264	31.578947368421055	19	2	22.7	0	0	0	0	40.9	4.273385924627011	2.4521974881595314	3	20	2
k8s305-b3	k8s305	3	4	296	216	208	720	13.5	0	0	0	0	0	22.3	4.967653297466633	10	2.53581435290222	4	264	31.578947368421055	19	2	22.7	0	0	0	0	40.9	4.273385924627011	2.4521974881595314	3	20	2
k8s305-b3	k8s305	3	5	318	208	194	720	13.5	0	0	0	0	0	22.3	4.967653297466633	10	2.53581435290222	4	264	31.578947368421055	19	2	22.7	0	0	0	0	40.9	4.273385924627011	2.4521974881595314	3	20	2
k8s305-b3	k8s305	3	6	309	232	179	720	13.5	0	0	0	0	0	22.3	4.967653297466633	10	2.53581435290222	4	264	31.578947368421055	19	2	22.7	0	0	0	0	40.9	4.273385924627011	2.4521974881595314	3	20	2
k8s305-b3	k8s305	3	7	292	217	211	720	13.5	0	0	0	0	0	22.3	4.967653297466633	10	2.53581435290222	4	264	31.578947368421055	19	2	22.7	0	0	0	0	40.9	4.273385924627011	2.4521974881595314	3	20	2
k8s306-b1	k8s306	1	0	253	212	255	720	14.5	0	0	0	0	0	35.65	1.5509422167897156	6	1.723774616520068	3	260	26.666666666666668	15	2	24.45	0	0	0	0	82.6	1.50337931378062	1.77218877094434	3	29.41176470588235	2
k8s306-b1	k8s306	1	1	298	221	201	720	14.5	0	0	0	0	0	35.65	1.5509422167897156	6	1.723774616520068	3	260	26.666666666666668	15	2	24.45	0	0	0	0	82.6	1.50337931378062	1.77218877094434	3	29.41176470588235	2
k8s306-b1	k8s306	1	2	284	223	213	720	14.5	0	0	0	0	0	35.65	1.5509422167897156	6	1.723774616520068	3	260	26.666666666666668	15	2	24.45	0	0	0	0	82.6	1.50337931378062	1.77218877094434	3	29.41176470588235	2
k8s306-b1	k8s306	1	3	282	219	219	720	14.5	0	0	0	0	0	35.65	1.5509422167897156	6	1.723774616520068	3	260	26.666666666666668	15	2	24.45	0	0	0	0	82.6	1.50337931378062	1.77218877094434	3	29.41176470588235	2
k8s306-b1	k8s306	1	4	274	223	223	720	14.5	0	0	0	0	0	35.65	1.5509422167897156	6	1.723774616520068	3	260	26.666666666666668	15	2	24.45	0	0	0	0	82.6	1.50337931378062	1.77218877094434	3	29.41176470588235	2
k8s306-b1	k8s306	1	5	293	214	213	720	14.5	0	0	0	0	0	35.65	1.5509422167897156	6	1.723774616520068	3	260	26.666666666666668	15	2	24.45	0	0	0	0	82.6	1.50337931378062	1.77218877094434	3	29.41176470588235	2
k8s306-b1	k8s306	1	6	293	222	205	720	14.5	0	0	0	0	0	35.65	1.5509422167897156	6	1.723774616520068	3	260	26.666666666666668	15	2	24.45	0	0	0	0	82.6	1.50337931378062	1.77218877094434	3	29.41176470588235	2
k8s306-b1	k8s306	1	7	269	233	218	720	14.5	0	0	0	0	0	35.65	1.5509422167897156	6	1.723774616520068	3	260	26.666666666666668	15	2	24.45	0	0	0	0	82.6	1.50337931378062	1.77218877094434	3	29.41176470588235	2
k8s306-b5	k8s306	5	0	304	139	277	720	14.35	0.1	0	0	0	0	29.95	3.511064169725174	12	2.5789033800758796	4	261	37.5	16	2	24.15	0	0	0	0	68.2	2.9772453997423707	2.458761749526655	3	22.222222222222225	2
k8s306-b5	k8s306	5	1	312	180	228	720	14.35	0.1	0	0	0	0	29.95	3.511064169725174	12	2.5789033800758796	4	261	37.5	16	2	24.15	0	0	0	0	68.2	2.9772453997423707	2.458761749526655	3	22.222222222222225	2
k8s306-b5	k8s306	5	2	289	158	273	720	14.35	0.1	0	0	0	0	29.95	3.511064169725174	12	2.5789033800758796	4	261	37.5	16	2	24.15	0	0	0	0	68.2	2.9772453997423707	2.458761749526655	3	22.222222222222225	2
k8s306-b5	k8s306	5	3	314	152	254	720	14.35	0.1	0	0	0	0	29.95	3.511064169725174	12	2.5789033800758796	4	261	37.5	16	2	24.15	0	0	0	0	68.2	2.9772453997423707	2.458761749526655	3	22.222222222222225	2
k8s306-b5	k8s306	5	4	272	167	281	720	14.35	0.1	0	0	0	0	29.95	3.511064169725174	12	2.5789033800758796	4	261	37.5	16	2	24.15	0	0	0	0	68.2	2.9772453997423707	2.458761749526655	3	22.222222222222225	2
k8s306-b5	k8s306	5	5	300	155	265	720	14.35	0.1	0	0	0	0	29.95	3.511064169725174	12	2.5789033800758796	4	261	37.5	16	2	24.15	0	0	0	0	68.2	2.9772453997423707	2.458761749526655	3	22.222222222222225	2
k8s306-b5	k8s306	5	6	285	149	286	720	14.35	0.1	0	0	0	0	29.95	3.511064169725174	12	2.5789033800758796	4	261	37.5	16	2	24.15	0	0	0	0	68.2	2.9772453997423707	2.458761749526655	3	22.222222222222225	2
k8s306-b5	k8s306	5	7	297	166	257	720	14.35	0.1	0	0	0	0	29.95	3.511064169725174	12	2.5789033800758796	4	261	37.5	16	2	24.15	0	0	0	0	68.2	2.9772453997423707	2.458761749526655	3	22.222222222222225	2
k8s307-b3	k8s307	3	0	204	189	327	720	13.35	0	0	0	0	0	15.45	3.5632504672164984	13	2.4212657588897537	4	267	25	20	1	23	0	0	0	0	23.7	3.0631211204370286	2.119017540315293	4	30	1
k8s307-b3	k8s307	3	1	234	228	258	720	13.35	0	0	0	0	0	15.45	3.5632504672164984	13	2.4212657588897537	4	267	25	20	1	23	0	0	0	0	23.7	3.0631211204370286	2.119017540315293	4	30	1
k8s307-b3	k8s307	3	2	212	210	298	720	13.35	0	0	0	0	0	15.45	3.5632504672164984	13	2.4212657588897537	4	267	25	20	1	23	0	0	0	0	23.7	3.0631211204370286	2.119017540315293	4	30	1
k8s307-b3	k8s307	3	3	218	191	311	720	13.35	0	0	0	0	0	15.45	3.5632504672164984	13	2.4212657588897537	4	267	25	20	1	23	0	0	0	0	23.7	3.0631211204370286	2.119017540315293	4	30	1
k8s307-b3	k8s307	3	4	220	200	300	720	13.35	0	0	0	0	0	15.45	3.5632504672164984	13	2.4212657588897537	4	267	25	20	1	23	0	0	0	0	23.7	3.0631211204370286	2.119017540315293	4	30	1
k8s307-b3	k8s307	3	5	212	220	288	720	13.35	0	0	0	0	0	15.45	3.5632504672164984	13	2.4212657588897537	4	267	25	20	1	23	0	0	0	0	23.7	3.0631211204370286	2.119017540315293	4	30	1
k8s307-b3	k8s307	3	6	252	211	257	720	13.35	0	0	0	0	0	15.45	3.5632504672164984	13	2.4212657588897537	4	267	25	20	1	23	0	0	0	0	23.7	3.0631211204370286	2.119017540315293	4	30	1
k8s307-b3	k8s307	3	7	218	205	297	720	13.35	0	0	0	0	0	15.45	3.5632504672164984	13	2.4212657588897537	4	267	25	20	1	23	0	0	0	0	23.7	3.0631211204370286	2.119017540315293	4	30	1
k8s308-b1	k8s308	1	0	229	170	321	720	14.3	2.9	1.1	1.1	0	0	21.85	7.087666807192978	12	4.505354701855219	6	242	31.578947368421055	19	0	24.25	6.2	2.25	0	0	37.85	7.714804902173289	4.2564075434833075	6	35	0
k8s308-b1	k8s308	1	1	274	156	290	720	14.3	2.9	1.1	1.1	0	0	21.85	7.087666807192978	12	4.505354701855219	6	242	31.578947368421055	19	0	24.25	6.2	2.25	0	0	37.85	7.714804902173289	4.2564075434833075	6	35	0
k8s308-b1	k8s308	1	2	274	140	306	720	14.3	2.9	1.1	1.1	0	0	21.85	7.087666807192978	12	4.505354701855219	6	242	31.578947368421055	19	0	24.25	6.2	2.25	0	0	37.85	7.714804902173289	4.2564075434833075	6	35	0
k8s308-b1	k8s308	1	3	242	150	328	720	14.3	2.9	1.1	1.1	0	0	21.85	7.087666807192978	12	4.505354701855219	6	242	31.578947368421055	19	0	24.25	6.2	2.25	0	0	37.85	7.714804902173289	4.2564075434833075	6	35	0
k8s308-b1	k8s308	1	4	244	170	306	720	14.3	2.9	1.1	1.1	0	0	21.85	7.087666807192978	12	4.505354701855219	6	242	31.578947368421055	19	0	24.25	6.2	2.25	0	0	37.85	7.714804902173289	4.2564075434833075	6	35	0
k8s308-b1	k8s308	1	5	265	135	320	720	14.3	2.9	1.1	1.1	0	0	21.85	7.087666807192978	12	4.505354701855219	6	242	31.578947368421055	19	0	24.25	6.2	2.25	0	0	37.85	7.714804902173289	4.2564075434833075	6	35	0
k8s308-b1	k8s308	1	6	263	166	291	720	14.3	2.9	1.1	1.1	0	0	21.85	7.087666807192978	12	4.505354701855219	6	242	31.578947368421055	19	0	24.25	6.2	2.25	0	0	37.85	7.714804902173289	4.2564075434833075	6	35	0
k8s308-b1	k8s308	1	7	228	156	336	720	14.3	2.9	1.1	1.1	0	0	21.85	7.087666807192978	12	4.505354701855219	6	242	31.578947368421055	19	0	24.25	6.2	2.25	0	0	37.85	7.714804902173289	4.2564075434833075	6	35	0
k8s308-b5	k8s308	5	0	326	137	257	720	14	0	0	0	0	0	22.05	1.7108542631313377	3	2.018971976955685	3	260	30	20	2	23.65	0	0	0	0	34.35	1.917423039591677	2.1961464165153712	4	25	1
k8s308-b5	k8s308	5	1	333	140	247	720	14	0	0	0	0	0	22.05	1.7108542631313377	3	2.018971976955685	3	260	30	20	2	23.65	0	0	0	0	34.35	1.917423039591677	2.1961464165153712	4	25	1
k8s308-b5	k8s308	5	2	347	122	251	720	14	0	0	0	0	0	22.05	1.7108542631313377	3	2.018971976955685	3	260	30	20	2	23.65	0	0	0	0	34.35	1.917423039591677	2.1961464165153712	4	25	1
k8s308-b5	k8s308	5	3	334	138	248	720	14	0	0	0	0	0	22.05	1.7108542631313377	3	2.018971976955685	3	260	30	20	2	23.65	0	0	0	0	34.35	1.917423039591677	2.1961464165153712	4	25	1
k8s308-b5	k8s308	5	4	353	122	245	720	14	0	0	0	0	0	22.05	1.7108542631313377	3	2.018971976955685	3	260	30	20	2	23.65	0	0	0	0	34.35	1.917423039591677	2.1961464165153712	4	25	1
k8s308-b5	k8s308	5	5	347	117	256	720	14	0	0	0	0	0	22.05	1.7108542631313377	3	2.018971976955685	3	260	30	20	2	23.65	0	0	0	0	34.35	1.917423039591677	2.1961464165153712	4	25	1
k8s308-b5	k8s308	5	6	333	138	249	720	14	0	0	0	0	0	22.05	1.7108542631313377	3	2.018971976955685	3	260	30	20	2	23.65	0	0	0	0	34.35	1.917423039591677	2.1961464165153712	4	25	1
k8s308-b5	k8s308	5	7	347	132	241	720	14	0	0	0	0	0	22.05	1.7108542631313377	3	2.018971976955685	3	260	30	20	2	23.65	0	0	0	0	34.35	1.917423039591677	2.1961464165153712	4	25	1
k8s301-b4	k8s301	4	0	315	190	215	720	14.6	0	0	0	0	0	28.6	3.639066415926838	5	1.2364631888024877	2	274	21.42857142857143	14	3	23.95	0	0	0	0	30.5	2.533011412035339	1.1332187538622125	2	15	3
k8s301-b4	k8s301	4	1	332	198	190	720	14.6	0	0	0	0	0	28.6	3.639066415926838	5	1.2364631888024877	2	274	21.42857142857143	14	3	23.95	0	0	0	0	30.5	2.533011412035339	1.1332187538622125	2	15	3
k8s301-b4	k8s301	4	2	300	209	211	720	14.6	0	0	0	0	0	28.6	3.639066415926838	5	1.2364631888024877	2	274	21.42857142857143	14	3	23.95	0	0	0	0	30.5	2.533011412035339	1.1332187538622125	2	15	3
k8s301-b4	k8s301	4	3	351	176	193	720	14.6	0	0	0	0	0	28.6	3.639066415926838	5	1.2364631888024877	2	274	21.42857142857143	14	3	23.95	0	0	0	0	30.5	2.533011412035339	1.1332187538622125	2	15	3
k8s301-b4	k8s301	4	4	316	184	220	720	14.6	0	0	0	0	0	28.6	3.639066415926838	5	1.2364631888024877	2	274	21.42857142857143	14	3	23.95	0	0	0	0	30.5	2.533011412035339	1.1332187538622125	2	15	3
k8s301-b4	k8s301	4	5	322	196	202	720	14.6	0	0	0	0	0	28.6	3.639066415926838	5	1.2364631888024877	2	274	21.42857142857143	14	3	23.95	0	0	0	0	30.5	2.533011412035339	1.1332187538622125	2	15	3
k8s301-b4	k8s301	4	6	324	199	197	720	14.6	0	0	0	0	0	28.6	3.639066415926838	5	1.2364631888024877	2	274	21.42857142857143	14	3	23.95	0	0	0	0	30.5	2.533011412035339	1.1332187538622125	2	15	3
k8s301-b4	k8s301	4	7	326	177	217	720	14.6	0	0	0	0	0	28.6	3.639066415926838	5	1.2364631888024877	2	274	21.42857142857143	14	3	23.95	0	0	0	0	30.5	2.533011412035339	1.1332187538622125	2	15	3
k8s302-b2	k8s302	2	0	305	176	239	720	14.05	0	0	0	0	0	18.7	4.23673692985256	10	2.3284911310031235	4	281	15	20	1	24.05	0	0	0	0	26.9	4.3135242131965015	2.1614743619451344	5	30	1
k8s302-b2	k8s302	2	1	313	193	214	720	14.05	0	0	0	0	0	18.7	4.23673692985256	10	2.3284911310031235	4	281	15	20	1	24.05	0	0	0	0	26.9	4.3135242131965015	2.1614743619451344	5	30	1
k8s302-b2	k8s302	2	2	306	203	211	720	14.05	0	0	0	0	0	18.7	4.23673692985256	10	2.3284911310031235	4	281	15	20	1	24.05	0	0	0	0	26.9	4.3135242131965015	2.1614743619451344	5	30	1
k8s302-b2	k8s302	2	3	304	169	247	720	14.05	0	0	0	0	0	18.7	4.23673692985256	10	2.3284911310031235	4	281	15	20	1	24.05	0	0	0	0	26.9	4.3135242131965015	2.1614743619451344	5	30	1
k8s302-b2	k8s302	2	4	310	185	225	720	14.05	0	0	0	0	0	18.7	4.23673692985256	10	2.3284911310031235	4	281	15	20	1	24.05	0	0	0	0	26.9	4.3135242131965015	2.1614743619451344	5	30	1
k8s302-b2	k8s302	2	5	299	201	220	720	14.05	0	0	0	0	0	18.7	4.23673692985256	10	2.3284911310031235	4	281	15	20	1	24.05	0	0	0	0	26.9	4.3135242131965015	2.1614743619451344	5	30	1
k8s302-b2	k8s302	2	6	306	198	216	720	14.05	0	0	0	0	0	18.7	4.23673692985256	10	2.3284911310031235	4	281	15	20	1	24.05	0	0	0	0	26.9	4.3135242131965015	2.1614743619451344	5	30	1
k8s302-b2	k8s302	2	7	308	187	225	720	14.05	0	0	0	0	0	18.7	4.23673692985256	10	2.3284911310031235	4	281	15	20	1	24.05	0	0	0	0	26.9	4.3135242131965015	2.1614743619451344	5	30	1
k8s302-b6	k8s302	6	0	269	155	296	720	14.15	0	12.75	12.75	0	0	33.4	7.363992765398153	13	1.9271277150334531	2	277	44.44444444444444	18	3	24	0	23.55	0	0	55.8	7.820707309732692	1.9406287810266167	2	30	3
k8s302-b6	k8s302	6	1	294	153	273	720	14.15	0	12.75	12.75	0	0	33.4	7.363992765398153	13	1.9271277150334531	2	277	44.44444444444444	18	3	24	0	23.55	0	0	55.8	7.820707309732692	1.9406287810266167	2	30	3
k8s302-b6	k8s302	6	2	294	160	266	720	14.15	0	12.75	12.75	0	0	33.4	7.363992765398153	13	1.9271277150334531	2	277	44.44444444444444	18	3	24	0	23.55	0	0	55.8	7.820707309732692	1.9406287810266167	2	30	3
k8s302-b6	k8s302	6	3	285	164	271	720	14.15	0	12.75	12.75	0	0	33.4	7.363992765398153	13	1.9271277150334531	2	277	44.44444444444444	18	3	24	0	23.55	0	0	55.8	7.820707309732692	1.9406287810266167	2	30	3
k8s302-b6	k8s302	6	4	258	179	283	720	14.15	0	12.75	12.75	0	0	33.4	7.363992765398153	13	1.9271277150334531	2	277	44.44444444444444	18	3	24	0	23.55	0	0	55.8	7.820707309732692	1.9406287810266167	2	30	3
k8s302-b6	k8s302	6	5	255	153	312	720	14.15	0	12.75	12.75	0	0	33.4	7.363992765398153	13	1.9271277150334531	2	277	44.44444444444444	18	3	24	0	23.55	0	0	55.8	7.820707309732692	1.9406287810266167	2	30	3
k8s302-b6	k8s302	6	6	261	178	281	720	14.15	0	12.75	12.75	0	0	33.4	7.363992765398153	13	1.9271277150334531	2	277	44.44444444444444	18	3	24	0	23.55	0	0	55.8	7.820707309732692	1.9406287810266167	2	30	3
k8s302-b6	k8s302	6	7	280	157	283	720	14.15	0	12.75	12.75	0	0	33.4	7.363992765398153	13	1.9271277150334531	2	277	44.44444444444444	18	3	24	0	23.55	0	0	55.8	7.820707309732692	1.9406287810266167	2	30	3
k8s303-b4	k8s303	4	0	281	241	198	720	14.45	0	0	0	0	0	32.55	2.0418610291449233	6	1.9539102721953565	2	265	20	15	3	23.8	0	0	0	0	46.05	2.1955489010547926	1.9854516100493684	2	26.31578947368421	3
k8s303-b4	k8s303	4	1	302	263	155	720	14.45	0	0	0	0	0	32.55	2.0418610291449233	6	1.9539102721953565	2	265	20	15	3	23.8	0	0	0	0	46.05	2.1955489010547926	1.9854516100493684	2	26.31578947368421	3
k8s303-b4	k8s303	4	2	263	285	172	720	14.45	0	0	0	0	0	32.55	2.0418610291449233	6	1.9539102721953565	2	265	20	15	3	23.8	0	0	0	0	46.05	2.1955489010547926	1.9854516100493684	2	26.31578947368421	3
k8s303-b4	k8s303	4	3	282	280	158	720	14.45	0	0	0	0	0	32.55	2.0418610291449233	6	1.9539102721953565	2	265	20	15	3	23.8	0	0	0	0	46.05	2.1955489010547926	1.9854516100493684	2	26.31578947368421	3
k8s303-b4	k8s303	4	4	262	289	169	720	14.45	0	0	0	0	0	32.55	2.0418610291449233	6	1.9539102721953565	2	265	20	15	3	23.8	0	0	0	0	46.05	2.1955489010547926	1.9854516100493684	2	26.31578947368421	3
k8s303-b4	k8s303	4	5	256	282	182	720	14.45	0	0	0	0	0	32.55	2.0418610291449233	6	1.9539102721953565	2	265	20	15	3	23.8	0	0	0	0	46.05	2.1955489010547926	1.9854516100493684	2	26.31578947368421	3
k8s303-b4	k8s303	4	6	314	250	156	720	14.45	0	0	0	0	0	32.55	2.0418610291449233	6	1.9539102721953565	2	265	20	15	3	23.8	0	0	0	0	46.05	2.1955489010547926	1.9854516100493684	2	26.31578947368421	3
k8s303-b4	k8s303	4	7	277	270	173	720	14.45	0	0	0	0	0	32.55	2.0418610291449233	6	1.9539102721953565	2	265	20	15	3	23.8	0	0	0	0	46.05	2.1955489010547926	1.9854516100493684	2	26.31578947368421	3
k8s304-b2	k8s304	2	0	260	203	257	720	14.1	0	0	0	0	0	36.85	1.0366722705163267	3	1	1	232	33.333333333333336	15	4	23.15	0	0	0	0	101.75	1.026462781788036	1	1	10.526315789473683	4
k8s304-b2	k8s304	2	1	283	209	228	720	14.1	0	0	0	0	0	36.85	1.0366722705163267	3	1	1	232	33.333333333333336	15	4	23.15	0	0	0	0	101.75	1.026462781788036	1	1	10.526315789473683	4
k8s304-b2	k8s304	2	2	255	207	258	720	14.1	0	0	0	0	0	36.85	1.0366722705163267	3	1	1	232	33.333333333333336	15	4	23.15	0	0	0	0	101.75	1.026462781788036	1	1	10.526315789473683	4
k8s304-b2	k8s304	2	3	266	219	235	720	14.1	0	0	0	0	0	36.85	1.0366722705163267	3	1	1	232	33.333333333333336	15	4	23.15	0	0	0	0	101.75	1.026462781788036	1	1	10.526315789473683	4
k8s304-b2	k8s304	2	4	272	197	251	720	14.1	0	0	0	0	0	36.85	1.0366722705163267	3	1	1	232	33.333333333333336	15	4	23.15	0	0	0	0	101.75	1.026462781788036	1	1	10.526315789473683	4
k8s304-b2	k8s304	2	5	256	205	259	720	14.1	0	0	0	0	0	36.85	1.0366722705163267	3	1	1	232	33.333333333333336	15	4	23.15	0	0	0	0	101.75	1.026462781788036	1	1	10.526315789473683	4
k8s304-b2	k8s304	2	6	304	196	220	720	14.1	0	0	0	0	0	36.85	1.0366722705163267	3	1	1	232	33.333333333333336	15	4	23.15	0	0	0	0	101.75	1.026462781788036	1	1	10.526315789473683	4
k8s304-b2	k8s304	2	7	293	190	237	720	14.1	0	0	0	0	0	36.85	1.0366722705163267	3	1	1	232	33.333333333333336	15	4	23.15	0	0	0	0	101.75	1.026462781788036	1	1	10.526315789473683	4
k8s304-b6	k8s304	6	0	220	191	309	720	14.85	0	106.3	106.3	0	0	46.75	1.306344620551501	4	1.497178571721584	2	79	50	10	3	24.65	0	248.35	0	0	103.55	1.14827909815945	1	1	8.333333333333332	4
k8s304-b6	k8s304	6	1	221	200	299	720	14.85	0	106.3	106.3	0	0	46.75	1.306344620551501	4	1.497178571721584	2	79	50	10	3	24.65	0	248.35	0	0	103.55	1.14827909815945	1	1	8.333333333333332	4
k8s304-b6	k8s304	6	2	240	199	281	720	14.85	0	106.3	106.3	0	0	46.75	1.306344620551501	4	1.497178571721584	2	79	50	10	3	24.65	0	248.35	0	0	103.55	1.14827909815945	1	1	8.333333333333332	4
k8s304-b6	k8s304	6	3	201	214	305	720	14.85	0	106.3	106.3	0	0	46.75	1.306344620551501	4	1.497178571721584	2	79	50	10	3	24.65	0	248.35	0	0	103.55	1.14827909815945	1	1	8.333333333333332	4
k8s304-b6	k8s304	6	4	221	189	310	720	14.85	0	106.3	106.3	0	0	46.75	1.306344620551501	4	1.497178571721584	2	79	50	10	3	24.65	0	248.35	0	0	103.55	1.14827909815945	1	1	8.333333333333332	4
k8s304-b6	k8s304	6	5	225	193	302	720	14.85	0	106.3	106.3	0	0	46.75	1.306344620551501	4	1.497178571721584	2	79	50	10	3	24.65	0	248.35	0	0	103.55	1.14827909815945	1	1	8.333333333333332	4
k8s304-b6	k8s304	6	6	220	188	312	720	14.85	0	106.3	106.3	0	0	46.75	1.306344620551501	4	1.497178571721584	2	79	50	10	3	24.65	0	248.35	0	0	103.55	1.14827909815945	1	1	8.333333333333332	4
k8s304-b6	k8s304	6	7	222	201	297	720	14.85	0	106.3	106.3	0	0	46.75	1.306344620551501	4	1.497178571721584	2	79	50	10	3	24.65	0	248.35	0	0	103.55	1.14827909815945	1	1	8.333333333333332	4
k8s305-b4	k8s305	4	0	241	286	193	720	13.75	0	0	0	0	0	22.05	2.0180413674665294	6	1.1340175507655468	2	255	27.77777777777778	18	3	23.95	0	0	0	0	75	1.308479219481603	1	1	10.526315789473683	4
k8s305-b4	k8s305	4	1	251	289	180	720	13.75	0	0	0	0	0	22.05	2.0180413674665294	6	1.1340175507655468	2	255	27.77777777777778	18	3	23.95	0	0	0	0	75	1.308479219481603	1	1	10.526315789473683	4
k8s305-b4	k8s305	4	2	249	286	185	720	13.75	0	0	0	0	0	22.05	2.0180413674665294	6	1.1340175507655468	2	255	27.77777777777778	18	3	23.95	0	0	0	0	75	1.308479219481603	1	1	10.526315789473683	4
k8s305-b4	k8s305	4	3	226	312	182	720	13.75	0	0	0	0	0	22.05	2.0180413674665294	6	1.1340175507655468	2	255	27.77777777777778	18	3	23.95	0	0	0	0	75	1.308479219481603	1	1	10.526315789473683	4
k8s305-b4	k8s305	4	4	230	287	203	720	13.75	0	0	0	0	0	22.05	2.0180413674665294	6	1.1340175507655468	2	255	27.77777777777778	18	3	23.95	0	0	0	0	75	1.308479219481603	1	1	10.526315789473683	4
k8s305-b4	k8s305	4	5	240	294	186	720	13.75	0	0	0	0	0	22.05	2.0180413674665294	6	1.1340175507655468	2	255	27.77777777777778	18	3	23.95	0	0	0	0	75	1.308479219481603	1	1	10.526315789473683	4
k8s305-b4	k8s305	4	6	238	309	173	720	13.75	0	0	0	0	0	22.05	2.0180413674665294	6	1.1340175507655468	2	255	27.77777777777778	18	3	23.95	0	0	0	0	75	1.308479219481603	1	1	10.526315789473683	4
k8s305-b4	k8s305	4	7	243	284	193	720	13.75	0	0	0	0	0	22.05	2.0180413674665294	6	1.1340175507655468	2	255	27.77777777777778	18	3	23.95	0	0	0	0	75	1.308479219481603	1	1	10.526315789473683	4
k8s306-b2	k8s306	2	0	263	192	265	720	13.95	0	0	0	0	0	18.75	3.7233003294587728	7	2.592681891895068	3	275	15.789473684210524	19	2	23.3	0	0	0	0	30	4.258868464809374	2.54912056244741	3	15	2
k8s306-b2	k8s306	2	1	269	211	240	720	13.95	0	0	0	0	0	18.75	3.7233003294587728	7	2.592681891895068	3	275	15.789473684210524	19	2	23.3	0	0	0	0	30	4.258868464809374	2.54912056244741	3	15	2
k8s306-b2	k8s306	2	2	258	212	250	720	13.95	0	0	0	0	0	18.75	3.7233003294587728	7	2.592681891895068	3	275	15.789473684210524	19	2	23.3	0	0	0	0	30	4.258868464809374	2.54912056244741	3	15	2
k8s306-b2	k8s306	2	3	258	228	234	720	13.95	0	0	0	0	0	18.75	3.7233003294587728	7	2.592681891895068	3	275	15.789473684210524	19	2	23.3	0	0	0	0	30	4.258868464809374	2.54912056244741	3	15	2
k8s306-b2	k8s306	2	4	262	186	272	720	13.95	0	0	0	0	0	18.75	3.7233003294587728	7	2.592681891895068	3	275	15.789473684210524	19	2	23.3	0	0	0	0	30	4.258868464809374	2.54912056244741	3	15	2
k8s306-b2	k8s306	2	5	260	191	269	720	13.95	0	0	0	0	0	18.75	3.7233003294587728	7	2.592681891895068	3	275	15.789473684210524	19	2	23.3	0	0	0	0	30	4.258868464809374	2.54912056244741	3	15	2
k8s306-b2	k8s306	2	6	269	208	243	720	13.95	0	0	0	0	0	18.75	3.7233003294587728	7	2.592681891895068	3	275	15.789473684210524	19	2	23.3	0	0	0	0	30	4.258868464809374	2.54912056244741	3	15	2
k8s306-b2	k8s306	2	7	279	216	225	720	13.95	0	0	0	0	0	18.75	3.7233003294587728	7	2.592681891895068	3	275	15.789473684210524	19	2	23.3	0	0	0	0	30	4.258868464809374	2.54912056244741	3	15	2
k8s306-b6	k8s306	6	0	251	222	247	720	13.85	0.1	0	0	0	0	29.85	2.800607830766598	8	2.260751841857181	4	258	41.1764705882353	17	2	24.25	0	0	0	0	78.8	2.3725288700623874	1.8883913947609792	3	18.75	2
k8s306-b6	k8s306	6	1	302	204	214	720	13.85	0.1	0	0	0	0	29.85	2.800607830766598	8	2.260751841857181	4	258	41.1764705882353	17	2	24.25	0	0	0	0	78.8	2.3725288700623874	1.8883913947609792	3	18.75	2
k8s306-b6	k8s306	6	2	257	184	279	720	13.85	0.1	0	0	0	0	29.85	2.800607830766598	8	2.260751841857181	4	258	41.1764705882353	17	2	24.25	0	0	0	0	78.8	2.3725288700623874	1.8883913947609792	3	18.75	2
k8s306-b6	k8s306	6	3	275	193	252	720	13.85	0.1	0	0	0	0	29.85	2.800607830766598	8	2.260751841857181	4	258	41.1764705882353	17	2	24.25	0	0	0	0	78.8	2.3725288700623874	1.8883913947609792	3	18.75	2
k8s306-b6	k8s306	6	4	251	219	250	720	13.85	0.1	0	0	0	0	29.85	2.800607830766598	8	2.260751841857181	4	258	41.1764705882353	17	2	24.25	0	0	0	0	78.8	2.3725288700623874	1.8883913947609792	3	18.75	2
k8s306-b6	k8s306	6	5	273	192	255	720	13.85	0.1	0	0	0	0	29.85	2.800607830766598	8	2.260751841857181	4	258	41.1764705882353	17	2	24.25	0	0	0	0	78.8	2.3725288700623874	1.8883913947609792	3	18.75	2
k8s306-b6	k8s306	6	6	268	200	252	720	13.85	0.1	0	0	0	0	29.85	2.800607830766598	8	2.260751841857181	4	258	41.1764705882353	17	2	24.25	0	0	0	0	78.8	2.3725288700623874	1.8883913947609792	3	18.75	2
k8s306-b6	k8s306	6	7	259	214	247	720	13.85	0.1	0	0	0	0	29.85	2.800607830766598	8	2.260751841857181	4	258	41.1764705882353	17	2	24.25	0	0	0	0	78.8	2.3725288700623874	1.8883913947609792	3	18.75	2
k8s307-b4	k8s307	4	0	246	179	295	720	13.75	0	0	0	0	0	32.6	2.7526332991309834	9	2.726093764564056	4	242	15	20	1	23.25	0	0	0	0	39.65	2.58206892887374	2.63854281976203	4	30	1
k8s307-b4	k8s307	4	1	269	193	258	720	13.75	0	0	0	0	0	32.6	2.7526332991309834	9	2.726093764564056	4	242	15	20	1	23.25	0	0	0	0	39.65	2.58206892887374	2.63854281976203	4	30	1
k8s307-b4	k8s307	4	2	225	217	278	720	13.75	0	0	0	0	0	32.6	2.7526332991309834	9	2.726093764564056	4	242	15	20	1	23.25	0	0	0	0	39.65	2.58206892887374	2.63854281976203	4	30	1
k8s307-b4	k8s307	4	3	228	200	292	720	13.75	0	0	0	0	0	32.6	2.7526332991309834	9	2.726093764564056	4	242	15	20	1	23.25	0	0	0	0	39.65	2.58206892887374	2.63854281976203	4	30	1
k8s307-b4	k8s307	4	4	238	201	281	720	13.75	0	0	0	0	0	32.6	2.7526332991309834	9	2.726093764564056	4	242	15	20	1	23.25	0	0	0	0	39.65	2.58206892887374	2.63854281976203	4	30	1
k8s307-b4	k8s307	4	5	217	213	290	720	13.75	0	0	0	0	0	32.6	2.7526332991309834	9	2.726093764564056	4	242	15	20	1	23.25	0	0	0	0	39.65	2.58206892887374	2.63854281976203	4	30	1
k8s307-b4	k8s307	4	6	253	210	257	720	13.75	0	0	0	0	0	32.6	2.7526332991309834	9	2.726093764564056	4	242	15	20	1	23.25	0	0	0	0	39.65	2.58206892887374	2.63854281976203	4	30	1
k8s307-b4	k8s307	4	7	215	204	301	720	13.75	0	0	0	0	0	32.6	2.7526332991309834	9	2.726093764564056	4	242	15	20	1	23.25	0	0	0	0	39.65	2.58206892887374	2.63854281976203	4	30	1
k8s308-b2	k8s308	2	0	251	225	244	720	14.3	1.7	0	0	0	0	32.2	4.495003164340294	10	3.7685817076537287	5	234	15.789473684210524	19	1	24.2	2.3	0.4	0	0	63.95	3.3746070152767484	3.0404598891434613	5	25	1
k8s308-b2	k8s308	2	1	243	229	248	720	14.3	1.7	0	0	0	0	32.2	4.495003164340294	10	3.7685817076537287	5	234	15.789473684210524	19	1	24.2	2.3	0.4	0	0	63.95	3.3746070152767484	3.0404598891434613	5	25	1
k8s308-b2	k8s308	2	2	249	213	258	720	14.3	1.7	0	0	0	0	32.2	4.495003164340294	10	3.7685817076537287	5	234	15.789473684210524	19	1	24.2	2.3	0.4	0	0	63.95	3.3746070152767484	3.0404598891434613	5	25	1
k8s308-b2	k8s308	2	3	242	222	256	720	14.3	1.7	0	0	0	0	32.2	4.495003164340294	10	3.7685817076537287	5	234	15.789473684210524	19	1	24.2	2.3	0.4	0	0	63.95	3.3746070152767484	3.0404598891434613	5	25	1
k8s308-b2	k8s308	2	4	259	212	249	720	14.3	1.7	0	0	0	0	32.2	4.495003164340294	10	3.7685817076537287	5	234	15.789473684210524	19	1	24.2	2.3	0.4	0	0	63.95	3.3746070152767484	3.0404598891434613	5	25	1
k8s308-b2	k8s308	2	5	249	194	277	720	14.3	1.7	0	0	0	0	32.2	4.495003164340294	10	3.7685817076537287	5	234	15.789473684210524	19	1	24.2	2.3	0.4	0	0	63.95	3.3746070152767484	3.0404598891434613	5	25	1
k8s308-b2	k8s308	2	6	243	219	258	720	14.3	1.7	0	0	0	0	32.2	4.495003164340294	10	3.7685817076537287	5	234	15.789473684210524	19	1	24.2	2.3	0.4	0	0	63.95	3.3746070152767484	3.0404598891434613	5	25	1
k8s308-b2	k8s308	2	7	262	204	254	720	14.3	1.7	0	0	0	0	32.2	4.495003164340294	10	3.7685817076537287	5	234	15.789473684210524	19	1	24.2	2.3	0.4	0	0	63.95	3.3746070152767484	3.0404598891434613	5	25	1
k8s308-b6	k8s308	6	0	258	198	264	720	14.8	0.2	0.55	0.55	0	0	42.3	2.367211844463654	6	1.4868856715103864	4	201	16.666666666666668	18	2	24.65	0.3	0.85	0	0	83.75	2.2881476222070076	1.557063062198034	4	26.666666666666668	2
k8s308-b6	k8s308	6	1	273	210	237	720	14.8	0.2	0.55	0.55	0	0	42.3	2.367211844463654	6	1.4868856715103864	4	201	16.666666666666668	18	2	24.65	0.3	0.85	0	0	83.75	2.2881476222070076	1.557063062198034	4	26.666666666666668	2
k8s308-b6	k8s308	6	2	226	226	268	720	14.8	0.2	0.55	0.55	0	0	42.3	2.367211844463654	6	1.4868856715103864	4	201	16.666666666666668	18	2	24.65	0.3	0.85	0	0	83.75	2.2881476222070076	1.557063062198034	4	26.666666666666668	2
k8s308-b6	k8s308	6	3	256	205	259	720	14.8	0.2	0.55	0.55	0	0	42.3	2.367211844463654	6	1.4868856715103864	4	201	16.666666666666668	18	2	24.65	0.3	0.85	0	0	83.75	2.2881476222070076	1.557063062198034	4	26.666666666666668	2
k8s308-b6	k8s308	6	4	244	215	261	720	14.8	0.2	0.55	0.55	0	0	42.3	2.367211844463654	6	1.4868856715103864	4	201	16.666666666666668	18	2	24.65	0.3	0.85	0	0	83.75	2.2881476222070076	1.557063062198034	4	26.666666666666668	2
k8s308-b6	k8s308	6	5	259	199	262	720	14.8	0.2	0.55	0.55	0	0	42.3	2.367211844463654	6	1.4868856715103864	4	201	16.666666666666668	18	2	24.65	0.3	0.85	0	0	83.75	2.2881476222070076	1.557063062198034	4	26.666666666666668	2
k8s308-b6	k8s308	6	6	266	216	238	720	14.8	0.2	0.55	0.55	0	0	42.3	2.367211844463654	6	1.4868856715103864	4	201	16.666666666666668	18	2	24.65	0.3	0.85	0	0	83.75	2.2881476222070076	1.557063062198034	4	26.666666666666668	2
k8s308-b6	k8s308	6	7	255	209	256	720	14.8	0.2	0.55	0.55	0	0	42.3	2.367211844463654	6	1.4868856715103864	4	201	16.666666666666668	18	2	24.65	0.3	0.85	0	0	83.75	2.2881476222070076	1.557063062198034	4	26.666666666666668	2
