id	shipWhen	hash	version	wid	同权重几枚
v7new6-96				d3785757723396f7	
v7new6-94				9efbdfdd37d65bd4	
long-33	2026-09-13 11:22	90598e6	v1.5.7	de80959d05fd4e3a	
eco-34	2026-09-13 11:46	31310c2	v1.5.8	3220ef505142f2cd	
v7press-36	2026-09-13 23:16	22de546	v1.5.27	81057cb295c3a5e6	
v7wall-33	2026-09-14 12:45	1318e2a	v1.5.30	cab48220d93999d0	
v7wall-31	2026-09-14 13:17	46cae2f	v1.5.32	213e6f320af2038a	
v7r2-35	2026-09-14 20:13	ab6c835	v1.5.44	0d61340ade07129e	
v7tgt2-52	2026-09-16 13:09	84f7fbc	v1.5.72	65207cc7229527a4	
v7seat24-31	2026-09-18 13:24	33b963f	v1.5.104	b561e0ee2538c5a9	
v7new5_005-31	2026-09-18 20:53	e5a6b4c	v1.5.114	c7a69570d3d0182f	
v7press3-91	2026-09-19 13:41	2c96a0b	v1.5.123	03b35fcab7de018a	
v7n1-93	2026-09-20 20:33	a98bd55		8358c7b72b4d9dc8	
v7cmin4-31	2026-09-21 18:49	cc49ef3	v1.5.144	30724115a9996098	
SHIPPED-Ldemo	2026-09-27 18:42	3c17e23	v1.5.257	d490dc136293cfc4	
