fromUTC	wid	sha	panelId	metaArm	metaTs	namedBy	subject
2026-09-09T13:45:14+08:00	6ed47e18fee76dbc	97d7114			2026-09-09T05:43:46.901Z	提交标题	v1.3.0：多人（3 人）自对战训练 + 3P 冠军
2026-09-10T12:46:01+08:00	bb5c0e8eea2b2a52	89f5e07			2026-09-10T04:43:47.113Z	提交标题	v1.3.1：多人规则修正（目标/相抵/大雷连带/死亡）+ 3P 冠军重训
2026-09-10T13:28:03+08:00	4afeed5fb3d05fa8	dd8b31b			2026-09-10T05:25:47.067Z	提交标题	v1.3.2：AI 状态特征 v5（对手槽位+技能历史）+ 显示/目标/大雷连带修正
2026-09-10T13:56:15+08:00	033c76018b9877dc	8b4ffae			2026-09-10T05:49:19.385Z	提交标题	v1.3.4 训练场支持多人训练（3/4/5 人）
2026-09-10T18:35:30+08:00	03749abc64af6eaa	1f8860e			2026-09-10T10:31:52.444Z	提交标题	v1.3.6 多人 AI 学会攒钱（ε-探索 + 经济适应度）
2026-09-10T18:49:44+08:00	cc5731724c374460	918a4d1			2026-09-10T10:46:23.995Z	提交标题	v1.3.7 技能覆盖熵：抑制策略坍缩，拓宽技能分布
2026-09-11T18:33:05+08:00	9ada5161b179c7c3	0bcc550			2026-09-11T10:26:35.237Z	提交标题	v1.3.19 千问纠正：damage 补 source / skill-diag 上下文错接 / (a) 自己跨环启动线特征 / 双冠军按 v6 重训
2026-09-11T19:05:45+08:00	cc5731724c374460	0be6a0c			2026-09-10T10:46:23.995Z	提交标题	v1.3.23 对手池去重(tankline) + C方案(脚本教师模仿)实现与实测否决
2026-09-11T19:07:40+08:00	f970452c470971ef	d47ea81			2026-09-11T11:07:28.308Z	提交标题	v1.3.24 修 v1.3.23 回归：冠军包版本不兼容 + 模仿默认关闭
2026-09-11T19:30:07+08:00	037b2f71597ed6bc	e65db52			2026-09-11T11:29:48.976Z	提交标题	v1.3.26 冠军换成 div555（v5->v6 无损升级）+ 工具回归确认
2026-09-11T20:42:04+08:00	255f008a305c3688	32fa609			2026-09-11T12:41:41.057Z	提交标题	v1.3.34 WR_TOL 多跑对照（各3次）：0.03 胜出，之前的收紧是错的
2026-09-11T20:48:25+08:00	5d6fd40e2fc9cc39	22f3023			2026-09-11T12:47:58.046Z	提交标题	v1.3.35 火弱持续性训练侧模拟(3x200)：无可测效果 + 意外标定出噪声下限
2026-09-11T21:08:37+08:00	cd32f2407ab7244c	22c77c5			2026-09-11T13:07:46.945Z	提交标题	v1.3.36 训练可复现：千问定位两处 Node 作用域随机/时间源；我的假阳性也被证实
2026-09-11T21:11:05+08:00	f5735e5637572a7c	c65e04f			2026-09-11T13:10:51.625Z	提交标题	v1.3.37 worker 分种子：结果与 worker 数无关 + 个体间独立（千问跨机问题 1/2）
2026-09-11T21:14:15+08:00	18eafc3f4f069780	12e30d4			2026-09-11T13:13:54.620Z	提交标题	v1.3.38 噪声下限复测：千问预期未应验，但比较本身有缺陷（无结论而非否证）
2026-09-11T22:20:40+08:00	037b2f71597ed6bc	e0d9205			2026-09-11T14:20:31.867Z	提交标题	v1.3.47 修 v1.3.46 的两个后果：train-3p 崩溃 + 线下冠军被测试跑覆写
2026-09-11T22:27:24+08:00	9e83020dac732cdf	823b295			2026-09-11T14:26:55.322Z	提交标题	v1.3.48 任务2完成：训练工具不再覆写线下冠军；任务1（train-3p 可复现）未解决
2026-09-11T22:40:22+08:00	037b2f71597ed6bc	6cff462			2026-09-11T14:40:00.130Z	提交标题	v1.3.50 修 CLI 不可复现的真正根因（千问定位）：热启动读自己的产物
2026-09-12T14:29:01+08:00	e379c62ccd2648fa	4162e86			2026-09-12T06:15:19.044Z	提交标题	v1.3.57+58 修座位效应与平局问题；训出首个 5 人冠军（3P/5P 同时变强）
2026-09-13T11:22:26+08:00	de80959d05fd4e3a	90598e6	long-33		2026-09-12T13:26:53.729Z	wid=面板枚	v1.5.7 线上冠军换成 long-33（修 v1.5.4 造成的成绩崩塌）+ 全息屏障在 2P 灰掉 + 规则指纹守门 + 两次干净 A/B
2026-09-13T11:46:54+08:00	3220ef505142f2cd	31310c2	eco-34		2026-09-13T03:01:08.425Z	wid=面板枚	v1.5.8 熵只统计非ジ + 反摆烂哨声惩罚 + 浏览器对战测试/冠军体检；上线冠军 long-33 换成 eco-34
2026-09-13T20:56:15+08:00	f020ce0e2fef3aad	1499d50	v7f-35		2026-09-13T12:38:24.848Z	wid=面板枚	v1.5.19 一次性加全参数量（v7 特征）：候选=(技能,目标,珠类型) + 关系块 T + 效果快照块 B
2026-09-13T23:16:36+08:00	81057cb295c3a5e6	22de546	v7press-36		2026-09-13T15:01:52.237Z	wid=面板枚	v1.5.27 换冠军 v7press-36（首次干净提升）+ F 门槛 35%->25%
2026-09-14T12:45:53+08:00	cab48220d93999d0	1318e2a	v7wall-33		2026-09-14T04:23:54.962Z	wid=面板枚	v1.5.30 换冠军 v7wall-33（修掉 D 列退化）+ 破墙奖励(方案b) + '打断环'三次尝试的实测结论
2026-09-14T12:57:47+08:00	e379c62ccd2648fa	7859c34			2026-09-12T06:15:19.044Z	提交标题	fix(index.html): 刷新全部缓存戳 ?v=9e472e93
2026-09-14T13:08:15+08:00	cab48220d93999d0	83cc0c9	v7wall-33		2026-09-14T04:23:54.962Z	wid=面板枚	v1.5.31 '打断环'课题结案：动作级手段全部打满（奖励/池子/课程示范/暴露度），转结构路
2026-09-14T13:17:22+08:00	213e6f320af2038a	46cae2f	v7teach2-31		2026-09-14T04:22:38.222Z	wid=面板枚	v1.5.32 换冠军 v7wall-31（换掉送盾给对手的 v7wall-33）+ 新增不可 --force 越过的硬门槛
2026-09-14T20:13:12+08:00	0d61340ade07129e	ab6c835	v7force2-35		2026-09-14T11:50:33.118Z	wid=面板枚	v1.5.44 换冠军 v7r2-35：首个'会打断环'的冠军（供实测）
2026-09-14T20:40:49+08:00	213e6f320af2038a	95af747	v7teach2-31		2026-09-14T04:22:38.222Z	wid=面板枚	v1.5.45 回退冠军到 v7wall-31：v7r2-35 的'会打断环'经复核证实是第4回合仪式
2026-09-15T20:12:05+08:00	d960dd589dad97e4	7bbaeaf	eco-34-v7		2026-09-13T03:01:08.425Z	wid=面板枚	v1.5.63 换回 eco-34（v7 嵌入版）+ 旧形状包上线通路 + CHANGELOG 精简为索引/契约/复盘
2026-09-16T13:09:23+08:00	65207cc7229527a4	84f7fbc	v7tgt2-52		2026-09-16T04:57:56.716Z	wid=面板枚	v1.5.72 线上冠军换成 v7tgt2-52（三条臂里唯一全过门者，首次未用 --force）
2026-09-18T13:24:16+08:00	b561e0ee2538c5a9	33b963f	v7seat24-31		2026-09-18T04:49:21.145Z	wid=面板枚	release v1.5.104: 换包 v7seat24-31 上线（e4b4f780dda2 -> 3836f2a68ed2，指纹 8dda2677 一致，缓存戳已刷）；用户裁定 G4 阈值 45%->60%（单一常量 G4_MAX/G4_IDEAL，理想线 45% 仍保留并在判词里报差距）；本包六条全过且广度每项不输在位（G_eff 7.99 vs 3.59、单卡 28.1% vs 55.7%、覆盖 6/8 vs 3/8、环转化 8.06% vs 0）；换包后修两条小样本门（D59 探针 20->60 局、D67 GATE4_GAMES 6->60）；battle-test BATTLE OK
2026-09-18T20:53:34+08:00	c7a69570d3d0182f	e5a6b4c	v7new5_005-31		2026-09-18T12:02:40.269Z	wid=面板枚	release v1.5.114: 换包 v7new5_005-31 上线（268461f7c9f0 · 考卷 0.455 · 指纹 1391c094 · 2P 同步重记 94.74%/72.50% 过门）—— 唯一通过行为门 G4/G5 的产物（~36 个里）；--force 越过 1 条：F 被集火还手率 15%<20%（留痕）；已知未达：反弹墙 0.35/局 · 珠经济未闭环；技能报告"没学会的强招：无"。同时记 v7new6（CLEAR_W=0.05 · seed 94-99：0/6 过门但 v7new6-94 场B 0.28 差 0.02、v7new6-96 行为门全过且珠经济首次闭环）+ D90 断言随哨兵修复同步 + 我的 Select-Object -First 截断管道导致误读 exit=0 的度量错误
2026-09-19T13:41:47+08:00	03b35fcab7de018a	2c96a0b	v7ws1-91		2026-09-19T05:04:51.842Z	wid=面板枚	release v1.5.123: 换包 v7press3-91 上线（用户裁定：优先广度+可玩性+场B清场）—— 五道门全过(座位 11pt 史上最公平 · G 8.01 · 墙 17.95 · 场A 30% · 场B 1.0) · 覆盖 4/4 类 · 角色 6/8 · 伤害 0.637/回合 · 考卷 0.566(历代最高,旧 0.456) · --force 越过 G4(只枪 76%/67% ⇒ 人类用只枪能赢它,用户知情); ⚠️ 门禁后果:D67 现在红(它要求线上包 G4 至少一个模式 PASS) —— 如实记录、不放宽判据(要转绿只有换回 G4 pass 的包或用户重标 G4 门槛); localStorage 已缓存用户不受影响(REVIEW §11.1)
2026-09-20T20:33:01+08:00	8358c7b72b4d9dc8	a98bd55	v7n1-93		2026-09-20T11:50:49.272Z	wid=面板枚	promote(research branch): 3P 冠军换 v7n1-93（用户批准，自然过零--force；G5 防席 0%/0%、打龟穿透 100%）+ D105 V2 按预留路径升级成 15% 草案阈值门（n=600 标定证据入注释）；battle-test OK；156/156
2026-09-20T21:06:53+08:00	3dedd6287a3c3536	fe3cca5	v7n1-31		2026-09-20T11:41:27.197Z	wid=面板枚	promote(research branch): 3P 槽换 v7n1-31（用户实机试用，考卷 55.5% 自然过）；§22 入账：实机观察坐实'AI 零高 ep 攻击卡'+镜像ジ枪僵局 ⇒ N5 立项（破法三路候选）
2026-09-20T22:06:02+08:00	8358c7b72b4d9dc8	81d0ecc	v7n1-93		2026-09-20T11:50:49.272Z	wid=面板枚	promote: 3P 槽回滚 v7n1-93（用户裁定；31 六局三烧镜像剑僵局）。新语义 de02be9e 下重测：考卷 41.2%、五道门+G4/G5 全绿、auditForced=null（自然过）；np-test 156/156
2026-09-21T18:49:59+08:00	30724115a9996098	cc49ef3	v7cmin4-31		2026-09-21T10:31:56.385Z	wid=面板枚	release(v1.5.144) 换包：v7cmin4-31 上 3P 槽 —— 第一个「蓄了会花珠」的冠军（长程电磁炮 4.30 次/局 · 反弹墙 21 点/局 · 考卷 54.4% · 五门+G4/G5 n=120 自然全过、零 --force）
2026-09-27T18:42:36+08:00	d490dc136293cfc4	3c17e23	SHIPPED-Ldemo	Ldemo	2026-09-27T08:55:34.724Z	wid=面板枚	feat(pack) v1.5.257 上槽 Ldemo（用户 GO）· criteria 闭环分形态版被实测否掉 ⇒ 不切（留痕）
