id	eps	games	acts	snipe	defense	defShare	holo	guard	reflect	bigT	miniT	gun	railgun	charge	ring	ji	atkShare	rounds
SHIPPED-Ldemo	0	120.000	83.233	1.308	3.817	0.046	0.000	1.225	1.200	0.975	0.000	8.067	2.292	2.950	9.500	49.775	0.167	22.333
K2	0	120.000	113.183	0.225	27.925	0.247	0.483	9.050	8.992	2.083	0.075	2.800	3.142	3.933	3.833	59.850	0.109	30.250
D4a	0	120.000	91.583	9.817	9.792	0.107	0.108	3.425	3.142	0.200	0.000	2.833	0.517	1.825	7.475	51.617	0.220	27.158
E20-71	0	120.000	77.358	2.133	4.033	0.052	0.025	1.433	1.300	0.317	0.000	10.133	3.250	4.558	3.842	44.742	0.215	22.583
SOUP-KE-l60	0	120.000	106.883	0.508	24.175	0.226	0.142	7.767	7.875	0.658	0.000	6.367	4.642	6.025	5.883	50.800	0.138	29.425
SOUP-Y-l65	0	120.000	109.300	0.458	24.942	0.228	0.175	8.133	8.133	0.792	0.000	7.208	4.625	5.933	5.967	51.933	0.138	30.658
SOUP-Y-KE6k2	0	120.000	108.650	0.467	24.908	0.229	0.200	7.833	8.100	0.850	0.000	6.933	4.575	6.108	4.700	52.958	0.134	30.642
e493-s9-82XD4a	0	120.000	81.217	10.350	16.367	0.202	0.925	5.200	5.017	0.008	0.000	6.792	0.000	0.000	0.917	42.308	0.266	22.692
e493-stock1-31XK2-l35	0	120.000	75.242	4.292	2.550	0.034	0.000	0.742	0.883	0.667	0.000	9.825	0.475	0.567	6.300	45.125	0.260	20.000
e493-sub1-92XD4a	0	120.000	127.067	6.775	0.017	0.000	0.000	0.000	0.000	0.783	0.000	6.808	0.383	31.208	12.317	65.525	0.132	35.233
e495b-K2XD4a-l80	0	120.000	108.092	0.283	20.875	0.193	0.350	6.700	6.717	1.533	0.000	3.158	2.100	2.683	6.767	58.358	0.146	28.658
v7c-39	0	40.000	119.700	32.450	0.000	0.000	0.000	0.000	0.000	0.000	0.000	5.050	0.000	0.000	0.000	79.350	0.337	45.700
v7ws1-93	0	40.000	102.025	0.700	0.075	0.001	0.000	0.025	0.050	0.000	0.500	18.075	0.200	17.125	0.000	58.200	0.245	31.800
v7f5div3-93	0	40.000	71.775	2.225	0.575	0.008	0.475	0.025	0.000	1.050	0.000	10.325	0.000	0.000	0.000	51.875	0.238	17.875
sty-31	0	40.000	84.425	0.075	0.725	0.009	0.400	0.125	0.100	0.325	2.850	2.025	0.400	3.950	0.025	56.625	0.222	23.625
v7curri1-82	0	40.000	80.075	18.425	0.350	0.004	0.050	0.125	0.075	0.000	0.000	6.500	0.000	0.025	0.000	51.750	0.349	23.600
v16-131	0	40.000	93.525	0.000	12.150	0.130	0.000	3.775	4.075	0.000	0.000	39.850	0.000	0.000	0.000	41.525	0.426	35.100
rwd0-36	0	40.000	88.950	11.425	0.125	0.001	0.000	0.025	0.025	0.000	0.875	0.150	0.050	1.475	4.650	57.050	0.222	25.250
v7b-42	0	40.000	108.975	0.000	0.000	0.000	0.000	0.000	0.000	0.000	0.000	0.000	0.000	0.000	0.000	72.650	0.333	37.350
RG1-31	0	40.000	87.350	1.675	1.250	0.014	0.000	0.475	0.300	2.325	0.000	8.400	1.250	1.825	3.450	63.675	0.155	22.850
v7ws1-82	0	40.000	86.000	16.400	8.625	0.100	0.075	2.050	1.925	0.000	0.000	11.725	0.000	0.125	0.000	49.125	0.327	26.125
def-36	0	40.000	72.725	0.225	0.075	0.001	0.000	0.025	0.050	0.000	0.000	0.575	0.150	2.250	0.000	48.650	0.293	20.200
v7press2-31	0	40.000	120.300	21.400	8.075	0.067	2.125	1.500	2.000	0.100	2.025	3.525	0.000	1.300	1.650	74.250	0.273	40.950
v7blk1-93	0	40.000	107.625	13.650	10.375	0.096	1.225	2.950	2.600	0.050	0.050	3.025	0.000	8.000	0.175	62.950	0.239	27.550
L05K-31	0	40.000	85.600	2.300	0.925	0.011	0.000	0.275	0.400	1.025	0.000	9.500	2.525	4.675	7.675	54.150	0.171	23.300
v7cur-31	0	40.000	131.550	28.525	16.225	0.123	2.975	4.275	4.300	0.025	0.000	0.875	0.025	0.050	0.000	78.900	0.276	43.775
D02-31	0	40.000	113.700	0.300	26.975	0.237	0.425	8.850	8.475	2.125	0.050	2.675	2.950	3.600	5.050	60.525	0.109	29.525
v7salt-36	0	40.000	58.275	2.625	0.000	0.000	0.000	0.000	0.000	0.000	0.000	9.050	0.000	0.050	0.000	36.750	0.369	15.925
SLOT-f970452c	0	40.000	119.975	0.000	53.400	0.445	0.000	15.125	14.950	0.000	0.000	28.500	0.000	0.000	0.000	38.075	0.238	37.100
v7clear2-31	0	40.000	72.575	1.400	1.225	0.017	0.125	0.250	0.350	1.225	0.325	0.275	1.425	8.200	0.850	48.975	0.143	19.450
v7w3c-81	0	40.000	97.750	20.100	0.000	0.000	0.000	0.000	0.000	0.000	0.000	0.450	0.000	0.000	0.000	65.200	0.333	29.900
v7l2f-152	0	40.000	122.100	13.050	0.000	0.000	0.000	0.000	0.000	0.000	1.425	0.000	0.000	0.000	0.000	81.500	0.321	40.800
v7wall-33	0	40.000	106.625	21.000	22.800	0.214	6.825	3.950	4.475	0.000	0.000	0.175	0.000	0.000	0.000	60.600	0.218	24.850
v7fix1-31	0	40.000	108.950	24.625	0.850	0.008	0.850	0.000	0.000	0.000	0.000	3.975	0.000	0.900	0.000	71.600	0.327	29.100
E59-ctl-901	0	40.000	85.000	0.275	4.750	0.056	0.000	1.475	1.775	0.800	0.000	8.225	4.000	5.675	6.825	48.300	0.172	24.150
v15-126	0	40.000	70.800	0.000	5.075	0.072	0.000	1.950	1.550	0.000	0.000	30.400	0.000	0.000	0.000	33.775	0.429	22.800
v7l2c-151	0	40.000	91.450	18.200	6.775	0.074	0.150	2.050	2.125	0.000	0.000	3.325	0.000	0.400	0.000	55.950	0.310	25.950
v7press1-93	0	40.000	111.750	17.625	1.600	0.014	0.625	0.300	0.250	0.000	0.000	0.175	0.000	0.000	0.000	74.150	0.322	35.100
SQ2-15-71	0	40.000	62.650	2.475	4.975	0.079	0.000	1.725	1.650	0.000	0.000	17.550	0.850	0.850	0.000	33.875	0.353	18.225
E00-31	0	40.000	74.175	0.200	6.150	0.083	0.175	1.875	2.325	0.400	0.000	9.400	1.275	1.625	7.375	39.100	0.246	21.750
v7role5-31	0	40.000	93.450	20.700	0.050	0.001	0.000	0.000	0.050	0.000	0.075	4.800	0.000	0.000	0.000	61.850	0.337	27.600
D05-31	0	40.000	163.000	1.175	1.975	0.012	0.000	0.600	0.675	0.600	0.000	0.000	6.975	58.850	0.000	92.975	0.007	42.650
v7stock2-92	0	40.000	109.075	10.550	1.225	0.011	0.000	0.450	0.375	0.000	0.000	2.750	0.000	0.000	0.000	71.175	0.336	35.825
v7ringT2-92	0	40.000	113.325	2.025	0.000	0.000	0.000	0.000	0.000	0.000	0.000	0.050	0.000	0.000	0.000	75.550	0.333	40.725
E59-land-901	0	40.000	85.000	0.275	4.750	0.056	0.000	1.475	1.775	0.800	0.000	8.225	4.000	5.675	6.825	48.300	0.172	24.150
v7f5t-81	0	40.000	108.150	20.750	0.000	0.000	0.000	0.000	0.000	0.100	0.000	0.325	0.000	0.700	0.050	72.925	0.318	35.825
C2s31	0	40.000	173.625	1.050	78.275	0.451	20.475	18.750	18.850	0.350	0.250	7.475	0.100	5.675	0.000	68.375	0.117	42.150
E59-land-902	0	40.000	82.775	1.975	3.925	0.047	0.000	1.225	1.425	1.500	0.000	7.175	2.375	4.400	4.300	54.175	0.146	21.525
v7new6-99	0	40.000	110.775	0.350	0.000	0.000	0.000	0.000	0.000	0.000	0.000	0.000	0.000	0.000	0.000	73.850	0.333	37.575
B0L-31	0	40.000	79.025	2.575	5.250	0.066	0.325	1.325	1.375	0.725	0.000	7.100	0.000	2.900	0.025	50.000	0.253	20.375
M05-191	0	40.000	88.725	1.875	4.775	0.054	0.000	1.575	1.650	1.950	0.000	8.400	0.350	0.600	10.375	56.050	0.165	22.500
v7new5_01-81	0	40.000	98.475	2.975	6.225	0.063	0.000	2.100	1.800	0.375	0.000	1.675	0.000	0.025	5.125	58.550	0.286	33.825
v7m2_noTarget-31	0	40.000	76.975	0.025	32.525	0.423	0.000	10.025	10.850	0.000	0.000	20.825	0.000	0.000	0.000	23.550	0.271	23.525
SLOT-037b2f71	0	40.000	125.250	0.000	23.075	0.184	6.850	5.025	5.375	0.000	0.050	3.875	0.000	5.025	0.000	74.175	0.140	29.550
land20	0	40.000	79.525	1.425	2.975	0.037	0.000	1.100	1.050	1.250	0.000	8.125	1.950	2.500	7.875	48.000	0.188	22.000
v7aim1-81	0	40.000	114.850	0.525	0.000	0.000	0.000	0.000	0.000	5.625	5.250	0.200	1.500	5.675	0.050	88.950	0.007	26.375
R1	0	40.000	89.625	2.225	1.825	0.020	0.575	0.375	0.475	0.475	0.200	14.675	1.125	10.350	1.000	52.925	0.242	25.400
v7rb2-82	0	40.000	90.300	14.950	0.400	0.004	0.400	0.000	0.000	2.325	1.275	0.550	0.000	3.850	0.000	66.000	0.181	23.300
fgtB-36	0	40.000	70.950	3.675	0.025	0.000	0.025	0.000	0.000	0.000	0.000	2.700	0.000	0.650	0.000	47.500	0.321	20.950
M05-111	0	40.000	76.800	2.425	0.075	0.001	0.050	0.025	0.000	0.100	0.000	9.300	3.350	5.125	5.400	47.850	0.194	22.250
v8fix-35	0	40.000	94.100	8.950	0.025	0.000	0.000	0.000	0.000	1.150	7.950	1.950	0.000	0.475	2.125	64.650	0.188	24.550
v7s4-93	0	40.000	75.950	8.125	1.325	0.017	0.000	0.400	0.600	0.400	0.000	6.450	1.000	10.625	0.000	47.900	0.194	21.350
v7bead2-93	0	40.000	123.825	13.050	12.050	0.097	1.125	3.575	3.575	0.175	0.000	0.275	0.000	0.000	20.525	69.925	0.171	34.175
v7bead100-93	0	40.000	99.550	19.475	20.250	0.203	0.100	6.325	7.000	0.000	0.000	8.275	0.000	0.000	0.300	51.250	0.279	28.475
v17-146	0	40.000	128.450	42.425	0.250	0.002	0.000	0.075	0.150	0.000	0.000	0.225	0.000	0.000	0.000	85.550	0.332	43.500
X1	0	40.000	80.275	1.050	2.550	0.032	0.000	0.800	0.900	0.775	0.000	7.375	2.900	4.575	5.975	49.800	0.171	21.850
fstA-34	0	40.000	70.775	0.550	5.450	0.077	0.000	2.100	1.550	0.000	0.000	2.850	0.000	2.700	0.000	42.850	0.271	20.075
B5-10-71	0	40.000	75.675	0.600	2.550	0.034	0.000	0.700	0.950	0.525	0.000	10.700	2.100	2.850	6.300	43.875	0.231	21.850
v7gf1-91	0	40.000	103.650	9.800	21.175	0.204	0.475	5.475	5.900	0.000	1.150	9.925	0.000	0.650	0.000	52.500	0.269	31.275
v15-121	0	40.000	124.275	24.900	0.300	0.002	0.000	0.075	0.050	0.050	5.150	0.100	0.000	0.025	2.200	82.050	0.277	39.400
BIG1R	0	40.000	53.175	0.000	0.000	0.000	0.000	0.000	0.000	5.850	0.225	0.000	0.000	0.375	0.000	44.575	0.012	15.600
v7f35b-97	0	40.000	91.125	6.125	1.450	0.016	0.375	0.275	0.375	0.000	3.275	2.025	0.000	0.075	0.000	59.675	0.292	29.200
v7s9-93	0	40.000	105.200	11.175	21.150	0.201	0.025	6.625	7.375	0.000	0.000	2.575	0.000	0.000	0.925	56.475	0.253	30.100
r61fix-81	0	40.000	94.600	2.325	0.225	0.002	0.050	0.025	0.100	0.025	0.000	1.675	0.000	0.000	0.000	63.875	0.322	29.625
v7m2_noEffects-31	0	40.000	68.000	3.225	0.950	0.014	0.850	0.025	0.075	1.375	2.525	5.825	0.000	0.075	0.000	46.475	0.244	17.700
N5-0	0	40.000	68.175	3.000	0.050	0.001	0.025	0.025	0.000	0.575	0.225	11.875	1.375	4.525	0.575	42.425	0.264	18.600
v7n1-31	0	40.000	106.300	13.950	5.025	0.047	0.000	1.525	1.700	0.000	0.000	3.175	0.000	0.225	0.225	67.700	0.312	33.150
SLOT-18eafc3f	0	40.000	61.550	0.475	0.050	0.001	0.000	0.025	0.000	0.000	0.000	5.050	0.000	5.300	0.000	38.725	0.279	17.200
B1	0	40.000	75.250	0.325	0.425	0.006	0.050	0.100	0.125	0.375	0.000	7.800	0.050	0.575	0.400	50.825	0.300	20.750
v7roleC-31	0	40.000	144.350	11.800	0.000	0.000	0.000	0.000	0.000	0.000	0.025	0.000	0.050	37.700	0.025	87.200	0.115	34.175
v7l2f-144	0	40.000	111.900	0.000	45.025	0.402	0.000	5.775	6.850	0.000	0.075	19.150	0.000	0.000	0.000	47.525	0.171	32.350
v7s4-82	0	40.000	92.325	3.525	0.350	0.004	0.000	0.000	0.000	0.000	0.000	7.950	0.000	0.000	0.000	59.400	0.350	28.775
v7m2_noTarget-34	0	40.000	76.975	0.025	32.525	0.423	0.000	10.025	10.850	0.000	0.000	20.825	0.000	0.000	0.000	23.550	0.271	23.525
HF-191	0	40.000	94.850	0.925	5.925	0.062	0.075	1.700	2.150	0.225	0.000	4.775	2.700	8.175	2.025	56.475	0.204	26.225
v7stock2-93	0	40.000	84.925	0.200	1.825	0.021	0.025	0.550	0.625	0.400	0.000	7.400	0.025	0.225	0.050	56.850	0.301	23.700
v7teach2-31	0	40.000	90.975	16.400	3.500	0.038	1.450	0.800	0.625	0.075	0.025	0.125	1.175	3.350	0.050	59.325	0.258	23.400
v7m2_noBead-32	0	40.000	76.975	0.025	32.525	0.423	0.000	10.025	10.850	0.000	0.000	20.825	0.000	0.000	0.000	23.550	0.271	23.525
v7f5b-31	0	40.000	84.675	3.150	8.975	0.106	0.000	2.525	3.300	0.200	1.625	0.075	0.000	1.200	0.700	52.600	0.221	23.425
v7f2t-93	0	40.000	101.650	23.975	0.100	0.001	0.000	0.025	0.025	0.000	0.250	3.125	0.000	0.175	0.100	67.175	0.333	30.900
v16-133	0	40.000	64.200	0.000	8.725	0.136	0.000	2.925	2.850	0.000	0.000	26.650	0.000	0.000	0.000	28.825	0.415	19.550
v7press-36	0	40.000	146.400	0.650	78.325	0.535	0.000	22.750	23.875	0.300	0.000	22.825	0.000	0.000	3.650	39.150	0.171	38.475
v17-145	0	40.000	110.775	18.275	0.050	0.000	0.000	0.000	0.025	0.000	0.000	0.050	0.000	0.000	0.000	73.850	0.333	40.350
v7l2c-101	0	40.000	56.600	3.650	0.350	0.006	0.175	0.050	0.000	0.100	0.100	3.425	0.000	1.450	0.000	37.875	0.295	15.525
B2	0	40.000	91.050	1.350	0.075	0.001	0.000	0.050	0.025	0.475	0.000	3.850	1.800	5.175	14.500	50.175	0.207	25.600
v7roleC-92	0	40.000	113.325	2.025	0.000	0.000	0.000	0.000	0.000	0.000	0.000	0.050	0.000	0.000	0.000	75.550	0.333	40.725
v7roleC2-96	0	40.000	102.650	0.000	0.000	0.000	0.000	0.000	0.000	0.000	2.275	14.200	0.000	0.000	0.000	63.975	0.355	31.775
fstA-31	0	40.000	85.275	0.200	0.425	0.005	0.000	0.200	0.075	1.225	0.700	9.475	0.200	3.450	0.175	55.375	0.270	26.500
C0s71	0	40.000	81.600	7.850	2.800	0.034	0.000	0.800	0.925	0.000	0.000	25.825	0.000	0.000	0.000	45.100	0.413	30.500
v7bead15-93	0	40.000	96.150	1.725	10.300	0.107	8.400	0.650	0.475	0.050	0.000	14.325	0.000	0.000	2.500	55.425	0.290	28.050
v7ringT-92	0	40.000	113.325	2.025	0.000	0.000	0.000	0.000	0.000	0.000	0.000	0.050	0.000	0.000	0.000	75.550	0.333	40.725
v7roleC2-94	0	40.000	97.825	6.950	16.950	0.173	0.275	4.600	5.225	0.000	0.000	6.175	0.000	0.000	0.000	52.525	0.290	30.000
v7new2-91	0	40.000	118.725	22.700	12.175	0.103	0.575	3.100	3.025	0.000	0.000	16.350	0.000	0.425	0.000	66.725	0.329	36.000
v7wall-35	0	40.000	96.200	5.975	0.075	0.001	0.000	0.025	0.025	0.850	5.225	0.025	0.025	3.650	0.475	67.325	0.169	26.325
T71	0	40.000	122.200	35.475	0.000	0.000	0.000	0.000	0.000	0.000	0.725	5.175	0.000	0.000	0.000	80.825	0.333	38.400
M05C02-31	0	40.000	87.950	2.925	2.975	0.034	0.025	0.975	1.025	1.575	0.000	7.850	0.450	0.675	9.850	56.300	0.183	22.350
N5L-30	0	40.000	78.800	1.800	3.750	0.048	0.000	1.200	1.125	1.025	0.000	7.850	0.950	1.150	10.875	46.150	0.189	20.225
v7noteach1-92	0	40.000	72.550	8.575	0.025	0.000	0.025	0.000	0.000	0.000	0.000	0.625	0.000	4.325	0.000	47.775	0.264	18.575
v7s8-82	0	40.000	89.825	5.350	0.000	0.000	0.000	0.000	0.000	0.000	0.000	13.325	0.000	0.000	10.600	56.375	0.254	26.700
v7u1-82	0	40.000	98.100	13.700	18.525	0.189	0.350	5.825	6.100	0.325	0.000	2.950	0.000	0.000	7.175	50.275	0.222	26.775
v7ws1-31	0	40.000	129.450	1.600	32.650	0.252	14.175	3.825	4.300	0.000	0.000	16.300	0.000	0.000	0.000	66.675	0.230	37.800
v7protoE-31	0	40.000	104.425	0.375	0.000	0.000	0.000	0.000	0.000	0.000	0.000	0.550	0.000	0.000	0.000	69.475	0.335	34.700
PL31	0	40.000	87.950	2.925	2.975	0.034	0.025	0.975	1.025	1.575	0.000	7.850	0.450	0.675	9.850	56.300	0.183	22.350
v7press1-81	0	40.000	87.050	7.100	0.000	0.000	0.000	0.000	0.000	1.650	4.125	2.175	0.000	0.200	0.125	63.700	0.184	23.900
v7l2f-142	0	40.000	110.200	0.300	53.000	0.481	0.050	17.225	17.400	0.000	0.000	26.950	0.000	0.000	0.000	29.900	0.247	37.150
v14-113	0	40.000	101.525	0.000	4.550	0.045	0.000	1.375	1.725	0.000	0.000	47.275	0.000	0.000	0.000	49.700	0.466	41.000
SM71	0	40.000	92.125	1.550	6.475	0.070	0.000	1.825	2.350	0.950	0.000	9.050	2.050	2.425	11.575	52.950	0.170	25.725
v7salt-31	0	40.000	82.675	17.900	7.675	0.093	3.425	1.700	1.175	0.000	0.000	3.250	0.000	0.250	0.450	51.375	0.277	24.000
eco-34-v7c	0	40.000	90.725	4.400	16.325	0.180	0.000	4.825	4.875	0.000	0.450	0.525	0.050	2.625	0.000	50.000	0.231	25.525
v7l2f-31	0	40.000	76.125	0.000	5.050	0.066	0.000	1.475	1.825	0.000	0.000	34.650	0.000	0.000	0.000	36.325	0.455	26.225
def-32	0	40.000	177.425	2.475	26.400	0.149	0.000	8.325	9.025	2.175	0.000	0.025	0.050	8.625	0.950	125.400	0.076	38.075
v7w3c-93	0	40.000	69.000	1.450	0.000	0.000	0.000	0.000	0.000	1.450	0.000	8.400	0.125	0.350	0.075	53.075	0.202	18.325
NCV-151	0	40.000	79.025	6.150	5.075	0.064	0.000	1.575	1.975	0.900	0.000	8.025	0.900	1.075	9.825	44.500	0.212	20.475
v7stock2-82	0	40.000	106.100	20.325	0.825	0.008	0.000	0.250	0.275	0.000	0.000	1.250	0.000	0.475	0.000	70.200	0.326	36.525
v12-92	0	40.000	101.825	3.175	1.950	0.019	0.000	0.775	0.550	0.000	1.125	1.725	0.000	0.000	0.075	66.375	0.316	32.800
NCV-71	0	40.000	92.125	1.550	6.475	0.070	0.000	1.825	2.350	0.950	0.000	9.050	2.050	2.425	11.575	52.950	0.170	25.725
v7s5-31	0	40.000	81.025	15.550	2.350	0.029	0.100	0.750	0.675	0.000	0.000	12.400	0.000	0.025	0.000	49.850	0.355	27.325
N5-1	0	40.000	80.425	9.125	0.425	0.005	0.075	0.100	0.125	0.025	0.050	19.075	0.200	0.650	2.275	48.150	0.356	25.600
V0-31	0	40.000	97.850	3.150	1.300	0.013	0.125	0.425	0.350	0.700	0.000	18.675	0.475	1.275	8.350	55.100	0.313	33.250
v7ringT-81	0	40.000	80.625	0.000	14.400	0.179	0.000	4.675	4.975	0.000	0.050	31.875	0.000	0.000	0.000	34.275	0.396	27.875
L191	0	40.000	104.375	10.375	16.300	0.156	0.000	2.250	2.525	1.375	0.000	15.025	0.000	0.100	10.275	50.850	0.243	34.925
v7rand-36	0	40.000	93.725	0.200	0.650	0.007	0.650	0.000	0.000	1.100	1.775	0.625	0.250	7.025	0.600	63.700	0.197	26.250
D6a	0	40.000	231.975	0.000	5.000	0.022	0.000	1.500	1.700	0.000	0.000	0.000	0.000	105.025	0.000	116.975	0.021	46.800
v7l2o-92	0	40.000	114.325	14.450	52.575	0.460	0.125	15.125	14.450	0.000	0.000	1.150	0.000	0.050	0.025	44.325	0.152	29.750
G03-71	0	40.000	91.625	12.275	5.375	0.059	5.375	0.000	0.000	0.175	0.000	9.500	0.150	0.450	8.875	52.900	0.259	25.125
v7t1-82	0	40.000	69.625	8.450	6.375	0.092	2.375	1.225	1.450	0.075	0.000	8.650	0.000	0.000	2.600	39.575	0.302	19.925
v7wall2-97	0	40.000	89.250	6.225	10.625	0.119	0.200	1.725	1.425	0.000	0.000	3.525	0.000	5.525	0.625	53.100	0.215	22.675
v7s9-82	0	40.000	76.200	3.650	15.550	0.204	3.475	3.775	4.025	0.075	0.000	13.500	0.000	0.000	1.775	36.875	0.288	19.450
v7tgt-44	0	40.000	96.600	8.875	17.600	0.182	0.900	5.400	5.525	0.025	2.100	10.750	0.000	0.000	0.125	50.450	0.270	26.575
rwd0-31	0	40.000	78.650	0.250	4.625	0.059	0.000	1.325	1.325	0.000	0.000	3.100	0.000	4.675	0.000	47.475	0.277	22.700
v13-31	0	40.000	82.425	15.375	0.875	0.011	0.075	0.300	0.250	0.000	0.000	0.225	0.000	0.000	0.000	56.275	0.307	21.450
V2-71	0	40.000	102.650	0.000	5.000	0.049	0.000	1.500	1.700	0.000	1.150	10.600	0.000	0.000	0.000	62.075	0.335	34.925
v7d-34	0	40.000	115.925	0.000	76.800	0.662	0.000	25.075	25.675	0.000	0.000	18.950	0.000	0.000	0.000	20.175	0.163	27.800
v7teach-32	0	40.000	234.950	0.025	158.525	0.675	71.875	28.400	29.825	0.000	0.000	0.050	0.000	0.000	0.000	76.275	0.001	47.000
v7seat2-46	0	40.000	79.175	15.275	7.050	0.089	5.475	0.375	0.500	0.000	0.000	0.000	0.000	0.000	0.425	51.850	0.243	19.600
v7seat-34	0	40.000	105.425	15.375	20.050	0.190	0.500	6.750	6.225	0.000	0.025	5.900	0.000	0.000	0.375	56.075	0.274	29.100
U1	0	40.000	198.475	0.475	23.275	0.117	0.000	7.800	7.775	0.250	0.000	0.050	5.575	57.650	13.200	97.700	0.004	44.525
v17-144	0	40.000	119.400	10.125	0.000	0.000	0.000	0.000	0.000	0.000	0.000	0.000	0.000	0.000	0.000	79.600	0.333	42.150
V111	0	40.000	112.850	0.000	0.000	0.000	0.000	0.000	0.000	0.000	0.000	55.675	0.000	0.000	0.000	57.175	0.493	46.550
v13-102	0	40.000	82.800	3.900	0.000	0.000	0.000	0.000	0.000	0.250	0.100	22.075	0.075	0.375	0.000	52.150	0.349	27.100
v7m2_noTarget-32	0	40.000	76.975	0.025	32.525	0.423	0.000	10.025	10.850	0.000	0.000	20.825	0.000	0.000	0.000	23.550	0.271	23.525
v7l2f-151	0	40.000	89.375	0.000	36.400	0.407	0.200	9.700	8.800	0.000	0.000	20.700	0.000	0.000	0.000	32.125	0.232	25.325
v7b-46	0	40.000	224.850	0.000	211.200	0.939	0.075	68.925	71.625	0.000	0.000	6.075	0.000	0.000	0.000	7.575	0.027	46.100
v7sub1-82	0	40.000	93.200	14.325	0.700	0.008	0.025	0.100	0.150	0.000	0.300	3.375	0.000	2.975	0.000	60.650	0.303	29.050
M151	0	40.000	115.500	0.550	5.150	0.045	0.000	1.500	1.775	0.000	0.000	28.200	0.000	0.375	0.025	65.475	0.385	41.775
v7phase-34	0	40.000	58.275	2.625	0.000	0.000	0.000	0.000	0.000	0.000	0.000	9.050	0.000	0.050	0.000	36.750	0.369	15.925
B0L-71	0	40.000	132.625	0.450	41.300	0.311	0.425	5.675	6.475	0.000	0.000	2.675	0.000	0.000	0.350	68.500	0.169	32.625
v7role5-92	0	40.000	82.300	1.000	2.200	0.027	0.000	0.525	0.325	0.000	0.000	2.400	0.000	0.000	0.000	54.025	0.317	22.350
v7tgt4-62	0	40.000	84.625	2.650	13.475	0.159	0.000	3.850	3.375	0.000	0.500	2.200	0.000	0.275	0.000	48.300	0.259	23.500
v7b-38	0	40.000	69.200	0.000	3.050	0.044	0.000	0.925	1.075	0.000	0.150	30.300	0.000	0.000	0.000	34.525	0.438	23.250
v7new4-93	0	40.000	88.225	0.350	0.850	0.010	0.000	0.250	0.250	0.050	0.000	0.075	0.000	0.500	0.000	59.700	0.307	27.225
v7l7-32	0	40.000	94.100	8.950	0.025	0.000	0.000	0.000	0.000	1.150	7.950	1.950	0.000	0.475	2.125	64.650	0.188	24.550
v7bead15-82	0	40.000	91.000	2.975	5.450	0.060	0.125	1.775	1.600	0.475	0.000	9.025	0.000	0.000	9.800	50.275	0.275	27.550
K4	0	40.000	95.750	3.675	0.375	0.004	0.100	0.125	0.100	0.275	0.000	31.500	0.000	0.950	0.000	55.475	0.404	37.250
V191	0	40.000	90.525	0.025	3.125	0.035	0.100	0.800	1.175	0.025	0.000	15.525	0.000	0.000	0.000	54.250	0.366	33.425
v7new6-97	0	40.000	94.675	16.775	0.000	0.000	0.000	0.000	0.000	0.000	0.000	6.975	0.000	0.000	0.000	62.125	0.344	33.425
NCV-31	0	40.000	87.950	2.925	2.975	0.034	0.025	0.975	1.025	1.575	0.000	7.850	0.450	0.675	9.850	56.300	0.183	22.350
v7l7-34	0	40.000	94.100	8.950	0.025	0.000	0.000	0.000	0.000	1.150	7.950	1.950	0.000	0.475	2.125	64.650	0.188	24.550
v7aim3-31	0	40.000	103.450	0.125	0.000	0.000	0.000	0.000	0.000	5.800	0.250	2.450	0.000	0.000	0.000	90.375	0.037	27.950
v7seat2-51	0	40.000	88.725	21.050	3.950	0.045	0.925	0.900	0.850	0.250	0.050	0.050	0.000	0.775	0.900	58.750	0.270	25.025
eco-33	0	40.000	101.425	0.025	2.050	0.020	0.000	0.700	0.675	0.075	0.000	0.875	0.075	8.550	4.700	62.550	0.177	26.050
D2a	0	40.000	113.075	2.125	0.075	0.001	0.000	0.050	0.000	0.225	0.000	8.300	0.000	0.000	15.650	75.350	0.193	29.375
v7w3r1-92	0	40.000	86.775	9.975	0.000	0.000	0.000	0.000	0.000	0.000	0.000	17.825	0.000	0.000	0.000	52.675	0.393	27.225
v15-31	0	40.000	74.125	7.075	0.025	0.000	0.000	0.025	0.000	0.000	0.000	3.475	0.000	0.000	0.000	49.325	0.334	21.000
v7bead100-82	0	40.000	81.575	5.875	3.050	0.037	0.275	1.175	0.775	0.025	0.000	8.150	0.000	0.000	3.250	48.725	0.325	25.250
v7a-32	0	40.000	77.550	5.475	0.000	0.000	0.000	0.000	0.000	0.000	0.000	3.450	0.000	0.075	0.000	51.600	0.334	22.050
v7l2f-146	0	40.000	106.850	29.125	0.000	0.000	0.000	0.000	0.000	0.000	0.000	3.600	0.000	0.000	0.000	70.375	0.341	32.600
v7s6-93	0	40.000	87.200	13.625	1.925	0.022	0.125	0.500	0.725	0.000	0.000	14.850	0.000	0.000	0.000	53.350	0.366	30.650
NOL24-31	0	40.000	97.850	3.150	1.300	0.013	0.125	0.425	0.350	0.700	0.000	18.675	0.475	1.275	8.350	55.100	0.313	33.250
v7new5_01-92	0	40.000	99.150	23.175	11.825	0.119	0.000	3.650	4.150	0.000	0.000	7.400	0.000	0.000	0.000	56.350	0.312	29.000
v7press1-82	0	40.000	107.625	9.900	33.250	0.309	0.000	6.875	7.525	0.350	0.125	3.750	0.025	0.275	0.000	54.450	0.177	27.425
v7new3-81	0	40.000	127.725	8.650	1.525	0.012	0.000	0.625	0.400	0.050	14.475	0.050	0.000	0.000	0.000	84.850	0.210	36.175
v7seat24b-31	0	40.000	175.325	4.200	39.100	0.223	0.800	5.950	4.925	0.175	0.400	5.100	0.000	0.500	7.675	98.750	0.084	39.975
L71	0	40.000	81.600	7.850	2.800	0.034	0.000	0.800	0.925	0.000	0.000	25.825	0.000	0.000	0.000	45.100	0.413	30.500
v7c-34	0	40.000	115.925	0.000	76.800	0.662	0.000	25.075	25.675	0.000	0.000	18.950	0.000	0.000	0.000	20.175	0.163	27.800
v7stock1-81	0	40.000	75.300	1.450	0.325	0.004	0.000	0.100	0.150	0.000	0.000	1.925	0.000	0.000	0.000	50.400	0.326	21.975
M31	0	40.000	97.850	3.150	1.300	0.013	0.125	0.425	0.350	0.700	0.000	18.675	0.475	1.275	8.350	55.100	0.313	33.250
v7f35t-82	0	40.000	106.100	20.325	0.825	0.008	0.000	0.250	0.275	0.000	0.000	1.250	0.000	0.475	0.000	70.200	0.326	36.525
v7f2t-82	0	40.000	139.800	19.700	57.750	0.413	0.000	18.500	20.100	1.275	0.000	0.025	0.000	0.000	0.000	60.450	0.145	37.250
v7sub1-92	0	40.000	75.800	3.800	0.000	0.000	0.000	0.000	0.000	0.000	0.000	7.650	0.000	0.000	0.000	48.875	0.355	22.775
v7d-31	0	40.000	147.725	0.050	56.925	0.385	17.750	3.075	3.525	0.000	0.000	19.275	0.000	0.000	0.000	70.775	0.134	34.825
v7l2c-144	0	40.000	103.950	17.575	0.000	0.000	0.000	0.000	0.000	0.000	0.000	0.000	0.000	3.450	0.000	68.825	0.297	29.525
eco-31	0	40.000	79.200	0.750	4.075	0.051	2.600	0.375	0.375	0.000	0.000	1.350	0.000	2.825	0.000	50.850	0.267	23.650
v7stock1-91	0	40.000	95.275	0.000	0.550	0.006	0.000	0.100	0.175	0.000	0.000	2.600	0.000	0.450	0.000	62.625	0.332	30.475
v7aim1-31	0	40.000	88.900	22.800	0.475	0.005	0.000	0.125	0.150	0.000	0.000	0.100	0.000	0.000	0.000	59.025	0.330	25.475
v7l2c-124	0	40.000	89.325	15.200	0.000	0.000	0.000	0.000	0.000	0.000	0.025	4.000	0.000	0.175	0.000	58.625	0.339	27.775
v7m2_noBead-36	0	40.000	76.975	0.025	32.525	0.423	0.000	10.025	10.850	0.000	0.000	20.825	0.000	0.000	0.000	23.550	0.271	23.525
v7n1-82	0	40.000	116.675	27.800	3.425	0.029	0.000	1.050	1.000	0.025	0.000	3.575	0.000	0.100	1.025	74.600	0.321	39.325
v15-125	0	40.000	100.150	0.600	0.000	0.000	0.000	0.000	0.000	0.000	0.000	6.950	0.000	0.000	0.000	65.000	0.351	34.800
v7s4-31	0	40.000	69.625	6.625	2.850	0.041	0.000	0.775	0.925	0.325	0.000	7.700	0.000	3.775	0.000	43.900	0.270	19.100
v7r2-35	0	40.000	89.650	0.150	0.000	0.000	0.000	0.000	0.000	2.050	10.350	2.475	0.000	0.950	0.050	62.850	0.140	22.050
v7f3-94	0	40.000	67.300	7.025	2.325	0.035	0.000	0.750	0.575	0.000	0.000	8.150	0.000	0.000	0.000	42.125	0.340	19.750
E59-ctl-902	0	40.000	106.425	14.625	0.000	0.000	0.000	0.000	0.000	0.300	1.500	14.275	0.050	9.675	0.150	64.800	0.281	31.825
v7press1-91	0	40.000	123.400	17.475	0.000	0.000	0.000	0.000	0.000	0.000	0.000	0.000	0.000	0.000	0.000	82.300	0.333	40.325
v7new3-31	0	40.000	74.750	0.800	0.275	0.004	0.000	0.125	0.025	0.000	1.200	13.000	0.000	3.050	0.000	44.850	0.321	20.300
v7seat24-82	0	40.000	108.075	13.075	15.425	0.143	0.225	4.625	5.475	0.000	0.325	5.725	0.000	0.800	0.000	59.775	0.293	31.125
B0-111	0	40.000	109.750	26.275	0.025	0.000	0.000	0.000	0.000	0.025	0.550	5.825	0.000	1.600	0.000	71.700	0.320	36.375
def-34	0	40.000	80.475	0.000	0.000	0.000	0.000	0.000	0.000	0.475	0.800	3.550	0.125	0.700	0.000	54.350	0.299	23.650
L05-31	0	40.000	85.600	2.300	0.925	0.011	0.000	0.275	0.400	1.025	0.000	9.500	2.525	4.675	7.675	54.150	0.171	23.300
incumbent-forpromote	0	40.000	77.950	7.575	0.450	0.006	0.000	0.225	0.125	1.250	0.000	7.950	2.150	3.475	0.300	54.750	0.200	20.250
B5-05-71	0	40.000	106.925	0.825	1.275	0.012	0.000	0.450	0.475	0.425	0.000	8.100	4.325	21.675	3.425	62.850	0.121	27.700
DM71	0	40.000	92.125	1.550	6.475	0.070	0.000	1.825	2.350	0.950	0.000	9.050	2.050	2.425	11.575	52.950	0.170	25.725
v7noteach1-31	0	40.000	87.350	0.125	0.600	0.007	0.025	0.250	0.200	0.000	0.000	0.900	0.125	3.800	0.000	57.875	0.286	23.525
v7l2s-82	0	40.000	84.000	0.525	0.500	0.006	0.025	0.175	0.150	0.000	0.000	8.800	0.000	0.900	0.025	53.075	0.339	27.175
v7l2c-31	0	40.000	100.275	0.000	0.125	0.001	0.125	0.000	0.000	0.000	0.000	4.925	0.000	0.125	0.000	65.525	0.344	33.775
v7aim3-93	0	40.000	62.500	8.000	0.150	0.002	0.100	0.000	0.000	0.450	0.125	4.625	0.000	0.000	1.075	42.925	0.284	19.650
v7c-36	0	40.000	106.225	5.575	0.625	0.006	0.000	0.225	0.225	0.025	0.000	0.675	0.000	0.050	0.000	70.850	0.326	33.375
v14-116	0	40.000	113.400	0.000	0.000	0.000	0.000	0.000	0.000	0.000	0.000	0.000	0.000	0.000	0.000	75.600	0.333	39.075
PL71	0	40.000	89.950	1.600	3.400	0.038	0.000	1.125	1.125	1.150	0.000	7.275	2.100	4.025	8.150	54.900	0.180	26.075
R391	0	40.000	183.875	0.675	93.725	0.510	0.350	25.475	26.475	0.000	1.450	7.325	0.000	5.275	0.050	59.175	0.080	43.850
v7sub1-93	0	40.000	78.900	1.125	0.000	0.000	0.000	0.000	0.000	0.000	0.000	0.975	0.000	0.000	0.000	52.550	0.334	24.375
D02-71	0	40.000	122.200	35.475	0.000	0.000	0.000	0.000	0.000	0.000	0.725	5.175	0.000	0.000	0.000	80.825	0.333	38.400
P191	0	40.000	94.875	16.575	0.850	0.009	0.000	0.350	0.200	0.025	0.000	14.250	0.000	0.000	1.800	58.975	0.350	29.825
v12-81	0	40.000	89.850	0.575	0.100	0.001	0.100	0.000	0.000	0.000	0.350	0.125	0.000	0.000	0.000	59.900	0.328	27.600
V151	0	40.000	78.050	0.000	9.825	0.126	0.075	3.550	3.100	0.000	0.000	32.350	0.000	0.000	0.000	35.375	0.414	26.700
v7catE1-31	0	40.000	84.025	13.100	0.025	0.000	0.000	0.000	0.025	0.000	0.500	0.250	0.000	0.125	0.000	57.100	0.310	23.050
v7d-36	0	40.000	106.225	5.575	0.625	0.006	0.000	0.225	0.225	0.025	0.000	0.675	0.000	0.050	0.000	70.850	0.326	33.375
v7t1-31	0	40.000	80.950	4.575	0.900	0.011	0.000	0.225	0.500	0.325	0.000	10.675	0.000	0.000	0.050	53.600	0.322	27.300
v7wall1-92	0	40.000	90.000	12.900	0.050	0.001	0.000	0.025	0.000	0.000	0.350	0.800	0.025	4.125	0.000	59.550	0.288	23.375
e497-K2Xv7curri1-82	0	120.000	101.367	0.050	28.000	0.276	0.000	9.058	9.008	2.958	1.192	16.167	0.000	0.000	2.142	50.300	0.165	25.692
e497-K2Xv7fix1-31	0	120.000	128.392	0.675	32.242	0.251	10.167	7.033	7.483	3.342	2.067	6.025	0.000	0.067	16.108	61.600	0.101	33.667
e497-K2Xv7stock2-82	0	120.000	127.525	6.525	46.350	0.363	2.167	14.358	13.892	1.650	0.142	6.492	0.117	0.142	4.917	56.692	0.137	36.775
e497b-K2Xv17-146-l35	0	120.000	234.842	0.008	225.958	0.962	0.033	74.133	74.050	0.000	0.000	0.292	0.000	0.000	0.017	8.533	0.001	47.000
e497b-K2Xv7curri1-82-l35	0	120.000	90.325	0.250	22.875	0.253	0.000	7.250	7.675	1.658	2.767	18.633	0.000	0.033	1.750	42.083	0.212	24.525
e497b-K2Xv7fix1-31-l35	0	120.000	221.875	1.633	107.525	0.485	72.250	11.375	12.150	0.483	1.983	5.700	0.000	0.183	5.367	97.825	0.038	45.967
e497b-K2Xv7stock2-82-l35	0	120.000	132.883	12.000	42.258	0.318	7.058	9.492	9.175	0.433	0.108	8.533	0.000	0.025	5.850	61.433	0.171	35.017
e498-c4-防御向	0	120.000	90.992	0.325	5.442	0.060	0.117	1.908	1.717	2.475	0.050	2.825	3.558	4.600	3.575	61.567	0.107	24.308
e498-c24-费用+防御向	0	120.000	120.600	0.017	1.450	0.012	0.508	0.317	0.292	0.750	0.108	9.042	0.475	31.092	6.925	63.667	0.134	32.483
e498-c2346-费用攻防伤害	0	120.000	233.508	0.000	100.617	0.431	100.317	0.125	0.075	0.192	1.708	0.000	0.083	9.533	1.642	119.667	0.000	46.942
e498-c-all动作段	0	120.000	234.917	0.000	62.358	0.265	0.000	19.542	20.250	0.000	0.000	0.000	0.000	0.042	0.000	90.425	0.000	47.000
e498-c1621-目标段	0	120.000	114.583	0.033	30.642	0.267	1.000	9.617	10.125	0.550	0.492	13.992	0.833	1.008	0.858	54.042	0.228	36.025
e498-c11+1621-目标敌加目标段	0	120.000	112.042	0.000	0.725	0.006	0.000	0.208	0.258	0.000	0.000	54.858	0.000	0.000	0.000	56.458	0.490	46.192
