seed,gen,best,champChanged,champAge,sigma,baseline
0,0,0.4652,1,0,0.1800,0.4514
0,0,1.0307,1,0,0.1800,0.9444
0,0,1.0271,1,0,0.1800,0.9444
0,0,1.0767,1,0,0.1800,0.9653
0,0,1.0777,1,0,0.1800,0.9583
0,1,0.4728,1,0,0.1798,
0,1,0.9956,0,1,0.1798,
0,1,0.9615,0,1,0.1798,
0,1,1.0005,0,1,0.1798,
0,1,1.0743,0,1,0.1798,
0,2,0.4607,0,1,0.1796,
0,2,0.9512,0,2,0.1796,
0,2,0.9601,0,2,0.1796,
0,2,0.9800,0,2,0.1796,
0,2,1.0455,0,2,0.1796,
0,3,0.5622,1,0,0.1795,
0,3,0.9553,0,3,0.1795,
0,3,0.9782,0,3,0.1795,
0,3,1.0170,0,3,0.1795,
0,3,1.0587,0,3,0.1795,
0,4,0.5442,0,1,0.1793,
0,4,0.9639,0,4,0.1793,
0,4,1.0107,0,4,0.1793,
0,4,1.0015,0,4,0.1793,
0,4,1.0584,0,4,0.1793,
0,5,0.5050,0,2,0.1791,0.5139
0,5,0.9816,0,5,0.1791,0.9583
0,5,1.0165,0,5,0.1791,0.9583
0,5,0.9615,0,5,0.1791,0.9861
0,5,1.0740,0,5,0.1791,0.9861
0,6,0.6019,1,0,0.1789,
0,6,0.9471,0,6,0.1789,
0,6,0.9379,0,6,0.1789,
0,6,0.9794,0,6,0.1789,
0,6,1.0660,0,6,0.1789,
0,7,0.6580,1,0,0.1787,
0,7,0.7744,0,7,0.1787,
0,7,0.9955,0,7,0.1787,
0,7,0.9617,0,7,0.1787,
0,7,1.0578,0,7,0.1787,
0,8,0.5730,0,1,0.1786,
0,8,0.8174,0,8,0.1786,
0,8,1.0431,1,0,0.1786,
0,8,0.9613,0,8,0.1786,
0,8,1.0758,0,8,0.1786,
0,9,0.6367,0,2,0.1784,
0,9,0.8606,0,9,0.1784,
0,9,0.9731,0,1,0.1784,
0,9,0.9782,0,9,0.1784,
0,9,1.0127,0,9,0.1784,
0,10,0.5816,0,3,0.1782,0.7222
0,10,0.8634,0,10,0.1782,0.9792
0,10,1.0053,0,2,0.1782,0.9722
0,10,0.9638,0,10,0.1782,0.9861
0,10,1.0397,0,10,0.1782,0.9722
0,11,0.5770,0,4,0.1780,
0,11,0.8609,0,11,0.1780,
0,11,0.9968,0,3,0.1780,
0,11,0.9801,0,11,0.1780,
0,11,1.0041,0,11,0.1780,
0,12,0.5873,0,5,0.1779,
0,12,0.8604,0,12,0.1779,
0,12,1.0025,0,4,0.1779,
0,12,0.9804,0,12,0.1779,
0,12,1.0510,0,12,0.1779,
0,13,0.4711,0,6,0.1777,
0,13,0.9563,0,13,0.1777,
0,13,1.0363,0,5,0.1777,
0,13,0.9962,0,13,0.1777,
0,13,1.0561,0,13,0.1777,
0,14,0.4953,0,7,0.1775,
0,14,0.9716,0,14,0.1775,
0,14,0.9666,0,6,0.1775,
0,14,0.9457,0,14,0.1775,
0,14,1.0122,0,14,0.1775,
0,15,0.5216,0,8,0.1773,0.6667
0,15,0.9243,0,15,0.1773,0.9653
0,15,1.0139,0,7,0.1773,0.9028
0,15,0.9601,0,15,0.1773,0.9722
0,15,1.0365,0,15,0.1773,1.0000
0,16,0.4724,0,9,0.1771,
0,16,0.9005,0,16,0.1771,
0,16,1.0133,0,8,0.1771,
0,16,0.9582,0,16,0.1771,
0,16,1.0140,0,16,0.1771,
0,17,0.4908,0,10,0.1770,
0,17,1.0368,1,0,0.1770,
0,17,0.9904,0,9,0.1770,
0,17,1.0043,0,17,0.1770,
0,17,1.0541,0,17,0.1770,
0,18,0.6195,0,11,0.1768,
0,18,0.9228,0,1,0.1768,
0,18,1.0343,0,10,0.1768,
0,18,0.9671,0,18,0.1768,
0,18,1.0584,0,18,0.1768,
0,19,0.5526,0,12,0.1766,
0,19,0.9240,0,2,0.1766,
0,19,0.9907,0,11,0.1766,
0,19,0.9624,0,19,0.1766,
0,19,1.0744,0,19,0.1766,
0,20,0.5986,0,13,0.1764,0.7361
0,20,0.9423,0,3,0.1764,0.9028
0,20,0.9816,0,12,0.1764,0.9861
0,20,0.9787,0,20,0.1764,0.9861
0,20,1.0744,0,20,0.1764,1.0000
0,21,0.6417,0,14,0.1763,
0,21,0.9192,0,4,0.1763,
0,21,0.9598,0,13,0.1763,
0,21,0.9771,0,21,0.1763,
0,21,1.0752,0,21,0.1763,
0,22,0.6055,0,15,0.1761,
0,22,0.9319,0,5,0.1761,
0,22,0.9089,0,14,0.1761,
0,22,1.0065,0,22,0.1761,
0,22,1.0588,0,22,0.1761,
0,23,0.5814,0,16,0.1759,
0,23,0.9496,0,6,0.1759,
0,23,0.9689,0,15,0.1759,
0,23,0.9581,0,23,0.1759,
0,23,1.0759,0,23,0.1759,
0,24,0.6677,1,0,0.1757,
0,24,0.9312,0,7,0.1757,
0,24,0.9206,0,16,0.1757,
0,24,0.9556,0,24,0.1757,
0,24,1.0749,0,24,0.1757,
0,25,0.5460,0,1,0.1756,0.6806
0,25,0.9394,0,8,0.1756,0.9514
0,25,0.9478,0,17,0.1756,0.9722
0,25,0.9435,0,25,0.1756,0.9583
0,25,1.0478,0,25,0.1756,0.9861
0,26,0.5642,0,2,0.1754,
0,26,0.8860,0,9,0.1754,
0,26,0.9506,0,18,0.1754,
0,26,0.9677,0,26,0.1754,
0,26,1.0571,0,26,0.1754,
0,27,0.5963,0,3,0.1752,
0,27,0.9063,0,10,0.1752,
0,27,0.9515,0,19,0.1752,
0,27,0.9396,0,27,0.1752,
0,27,1.0213,0,27,0.1752,
0,28,0.6247,0,4,0.1750,
0,28,0.8840,0,11,0.1750,
0,28,0.9845,0,20,0.1750,
0,28,0.9598,0,28,0.1750,
0,28,1.0580,0,28,0.1750,
0,29,0.6780,1,0,0.1749,
0,29,0.9173,0,12,0.1749,
0,29,0.9910,0,21,0.1749,
0,29,0.9228,0,29,0.1749,
0,29,1.0581,0,29,0.1749,
0,30,0.6311,0,1,0.1747,0.6319
0,30,0.9364,0,13,0.1747,0.9514
0,30,1.0259,0,22,0.1747,0.9722
0,30,0.9365,0,30,0.1747,0.9583
0,30,1.0175,0,30,0.1747,0.9722
0,31,0.6309,0,2,0.1745,
0,31,0.9328,0,14,0.1745,
0,31,1.0226,0,23,0.1745,
0,31,0.9464,0,31,0.1745,
0,31,1.0543,0,31,0.1745,
0,32,0.7173,1,0,0.1743,
0,32,0.9273,0,15,0.1743,
0,32,1.0257,0,24,0.1743,
0,32,0.9406,0,32,0.1743,
0,32,1.0727,0,32,0.1743,
0,33,0.7781,1,0,0.1742,
0,33,0.9618,0,16,0.1742,
0,33,1.0375,0,25,0.1742,
0,33,0.9090,0,33,0.1742,
0,33,1.0579,0,33,0.1742,
0,34,0.6760,0,1,0.1740,
0,34,0.7880,0,17,0.1740,
0,34,1.0422,0,26,0.1740,
0,34,0.9598,0,34,0.1740,
0,34,1.0753,0,34,0.1740,
0,35,0.7749,0,2,0.1738,0.8194
0,35,0.9574,0,18,0.1738,0.9514
0,35,1.0606,1,0,0.1738,0.9722
0,35,1.0392,0,35,0.1738,0.9722
0,35,1.0751,0,35,0.1738,0.9861
0,36,0.7038,0,3,0.1736,
0,36,0.9534,0,19,0.1736,
0,36,1.0024,0,1,0.1736,
0,36,0.9605,0,36,0.1736,
0,36,1.0414,0,36,0.1736,
0,37,0.7764,0,4,0.1735,
0,37,0.9716,0,20,0.1735,
0,37,1.0477,0,2,0.1735,
0,37,0.9672,0,37,0.1735,
0,37,1.0585,0,37,0.1735,
0,38,0.6564,0,5,0.1733,
0,38,0.9024,0,21,0.1733,
0,38,0.9814,0,3,0.1733,
0,38,0.9873,0,38,0.1733,
0,38,1.0250,0,38,0.1733,
0,39,0.7083,0,6,0.1731,
0,39,0.9165,0,22,0.1731,
0,39,0.9943,0,4,0.1731,
0,39,0.9655,0,39,0.1731,
0,39,1.0588,0,39,0.1731,
0,40,0.7962,1,0,0.1729,0.7847
0,40,0.8617,0,23,0.1729,0.9653
0,40,1.0214,0,5,0.1729,0.9722
0,40,0.9798,0,40,0.1729,0.9861
0,40,1.0734,0,40,0.1729,0.9583
0,41,0.8616,1,0,0.1728,
0,41,0.9166,0,24,0.1728,
0,41,0.9830,0,6,0.1728,
0,41,0.9297,0,41,0.1728,
0,41,1.0584,0,41,0.1728,
0,42,0.8023,0,1,0.1726,
0,42,0.7765,0,25,0.1726,
0,42,0.9944,0,7,0.1726,
0,42,0.9675,0,42,0.1726,
0,42,1.0740,0,42,0.1726,
0,43,0.7422,0,2,0.1724,
0,43,0.8790,0,26,0.1724,
0,43,1.0348,0,8,0.1724,
0,43,0.9697,0,43,0.1724,
0,43,1.0418,0,43,0.1724,
0,44,0.7263,0,3,0.1722,
0,44,0.9704,0,27,0.1722,
0,44,1.0064,0,9,0.1722,
0,44,0.9660,0,44,0.1722,
0,44,1.0583,0,44,0.1722,
0,45,0.7671,0,4,0.1721,0.7500
0,45,0.9115,0,28,0.1721,0.8750
0,45,1.0408,0,10,0.1721,0.9583
0,45,0.9323,0,45,0.1721,0.9861
0,45,1.0708,0,45,0.1721,0.9722
0,46,0.7499,0,5,0.1719,
0,46,0.9086,0,29,0.1719,
0,46,1.0324,0,11,0.1719,
0,46,0.9483,0,46,0.1719,
0,46,1.0425,0,46,0.1719,
0,47,0.8264,0,6,0.1717,
0,47,0.9127,0,30,0.1717,
0,47,1.0399,0,12,0.1717,
0,47,0.9635,0,47,0.1717,
0,47,1.0757,0,47,0.1717,
0,48,0.8664,1,0,0.1716,
0,48,0.8890,0,31,0.1716,
0,48,1.0275,0,13,0.1716,
0,48,0.9814,0,48,0.1716,
0,48,1.0753,0,48,0.1716,
0,49,0.7821,0,1,0.1714,
0,49,0.8950,0,32,0.1714,
0,49,1.0144,0,14,0.1714,
0,49,1.0416,0,49,0.1714,
0,49,1.0588,0,49,0.1714,
0,50,0.7226,0,2,0.1712,0.8472
0,50,0.8955,0,33,0.1712,0.9514
0,50,1.0034,0,15,0.1712,0.9306
0,50,0.9551,0,50,0.1712,0.9722
0,50,1.0658,0,50,0.1712,0.9722
0,51,0.7866,0,3,0.1710,
0,51,0.9336,0,34,0.1710,
0,51,1.0617,1,0,0.1710,
0,51,0.9578,0,51,0.1710,
0,51,1.0664,0,51,0.1710,
0,52,0.7588,0,4,0.1709,
0,52,0.8701,0,35,0.1709,
0,52,0.9867,0,1,0.1709,
0,52,0.9702,0,52,0.1709,
0,52,1.0560,0,52,0.1709,
0,53,0.8451,0,5,0.1707,
0,53,0.8734,0,36,0.1707,
0,53,1.0210,0,2,0.1707,
0,53,0.9776,0,53,0.1707,
0,53,1.0586,0,53,0.1707,
0,54,0.7890,0,6,0.1705,
0,54,0.9385,0,37,0.1705,
0,54,1.0302,0,3,0.1705,
0,54,0.9897,0,54,0.1705,
0,54,1.0572,0,54,0.1705,
0,55,0.7491,0,7,0.1704,0.8333
0,55,0.8138,0,38,0.1704,0.9653
0,55,1.0176,0,4,0.1704,0.9444
0,55,0.9938,0,55,0.1704,0.9722
0,55,1.0750,0,55,0.1704,0.9722
0,56,0.9565,1,0,0.1702,
0,56,0.8985,0,39,0.1702,
0,56,1.0294,0,5,0.1702,
0,56,0.9799,0,56,0.1702,
0,56,1.0589,0,56,0.1702,
0,57,0.7328,0,1,0.1700,
0,57,0.8496,0,40,0.1700,
0,57,1.0422,0,6,0.1700,
0,57,0.9977,0,57,0.1700,
0,57,1.0705,0,57,0.1700,
0,58,0.7461,0,2,0.1699,
0,58,0.9180,0,41,0.1699,
0,58,1.0014,0,7,0.1699,
0,58,1.0139,0,58,0.1699,
0,58,1.0747,0,58,0.1699,
0,59,0.7404,0,3,0.1697,
0,59,0.8877,0,42,0.1697,
0,59,1.0376,0,8,0.1697,
0,59,1.0261,0,59,0.1697,
0,59,1.0746,0,59,0.1697,
0,60,0.8831,0,4,0.1695,0.9444
0,60,0.9044,0,43,0.1695,0.9028
0,60,1.0267,0,9,0.1695,0.9583
0,60,1.0064,0,60,0.1695,1.0000
0,60,1.0742,0,60,0.1695,0.9722
0,61,0.7919,0,5,0.1693,
0,61,0.9364,0,44,0.1693,
0,61,1.0422,0,10,0.1693,
0,61,1.0219,0,61,0.1693,
0,61,1.0665,0,61,0.1693,
0,62,0.7020,0,6,0.1692,
0,62,0.9022,0,45,0.1692,
0,62,1.0406,0,11,0.1692,
0,62,0.9356,0,62,0.1692,
0,62,1.0552,0,62,0.1692,
0,63,0.9393,0,7,0.1690,
0,63,0.8865,0,46,0.1690,
0,63,1.0619,0,12,0.1690,
0,63,1.0652,0,63,0.1690,
0,63,1.0555,0,63,0.1690,
0,64,0.9563,0,8,0.1688,
0,64,0.9370,0,47,0.1688,
0,64,1.0663,1,0,0.1688,
0,64,0.9970,0,64,0.1688,
0,64,1.0499,0,64,0.1688,
0,65,0.8178,0,9,0.1687,0.8472
0,65,0.8354,0,48,0.1687,0.9653
0,65,1.0585,0,1,0.1687,0.9861
0,65,0.9737,0,65,0.1687,0.9722
0,65,1.0371,0,65,0.1687,0.9722
0,66,0.8375,0,10,0.1685,
0,66,0.8204,0,49,0.1685,
0,66,1.0086,0,2,0.1685,
0,66,0.9680,0,66,0.1685,
0,66,1.0575,0,66,0.1685,
0,67,0.6896,0,11,0.1683,
0,67,0.8407,0,50,0.1683,
0,67,1.0555,0,3,0.1683,
0,67,1.0047,0,67,0.1683,
0,67,1.0001,0,67,0.1683,
0,68,0.7396,0,12,0.1682,
0,68,0.8790,0,51,0.1682,
0,68,1.0771,1,0,0.1682,
0,68,0.9583,0,68,0.1682,
0,68,0.9931,0,68,0.1682,
0,69,0.6916,0,13,0.1680,
0,69,0.8602,0,52,0.1680,
0,69,1.0586,0,1,0.1680,
0,69,0.9936,0,69,0.1680,
0,69,1.0351,0,69,0.1680,
0,70,0.7770,0,14,0.1678,0.8194
0,70,0.8312,0,53,0.1678,0.9653
0,70,0.9703,0,2,0.1678,0.9861
0,70,1.0094,0,70,0.1678,0.9583
0,70,1.0388,0,70,0.1678,0.9722
0,71,0.7444,0,15,0.1677,
0,71,0.8518,0,54,0.1677,
0,71,0.9152,0,3,0.1677,
0,71,0.9919,0,71,0.1677,
0,71,1.0613,0,71,0.1677,
0,72,0.6917,0,16,0.1675,
0,72,0.8670,0,55,0.1675,
0,72,0.9706,0,4,0.1675,
0,72,0.9733,0,72,0.1675,
0,72,1.0570,0,72,0.1675,
0,73,0.8655,0,17,0.1673,
0,73,0.8437,0,56,0.1673,
0,73,0.9304,0,5,0.1673,
0,73,1.0236,0,73,0.1673,
0,73,1.0740,0,73,0.1673,
0,74,0.8923,0,18,0.1672,
0,74,0.8645,0,57,0.1672,
0,74,0.9852,0,6,0.1672,
0,74,1.0035,0,74,0.1672,
0,74,1.0241,0,74,0.1672,
0,75,0.6745,0,19,0.1670,0.8194
0,75,0.9104,0,58,0.1670,0.9653
0,75,1.0327,0,7,0.1670,0.9583
0,75,0.9969,0,75,0.1670,0.9722
0,75,1.0389,0,75,0.1670,0.9861
0,76,0.6918,0,20,0.1668,
0,76,0.8703,0,59,0.1668,
0,76,1.0605,0,8,0.1668,
0,76,0.9632,0,76,0.1668,
0,76,1.0057,0,76,0.1668,
0,77,0.6802,0,21,0.1667,
0,77,0.9112,0,60,0.1667,
0,77,1.0378,0,9,0.1667,
0,77,0.9881,0,77,0.1667,
0,77,1.0582,0,77,0.1667,
0,78,0.6915,0,22,0.1665,
0,78,0.9081,0,61,0.1665,
0,78,1.0060,0,10,0.1665,
0,78,0.9641,0,78,0.1665,
0,78,1.0380,0,78,0.1665,
0,79,0.6902,0,23,0.1663,
0,79,0.8794,0,62,0.1663,
0,79,1.0343,0,11,0.1663,
0,79,0.9961,0,79,0.1663,
0,79,1.0750,0,79,0.1663,

1,0,0.6343,1,0,0.1800,0.6250
1,0,1.0304,1,0,0.1800,0.9444
1,0,1.0061,1,0,0.1800,0.9444
1,0,1.0616,1,0,0.1800,0.9653
1,0,1.0740,1,0,0.1800,0.9861
1,1,0.6922,1,0,0.1798,
1,1,0.7803,0,1,0.1798,
1,1,0.9749,0,1,0.1798,
1,1,0.9792,0,1,0.1798,
1,1,1.0623,0,1,0.1798,
1,2,0.6560,0,1,0.1796,
1,2,0.8398,0,2,0.1796,
1,2,0.9102,0,2,0.1796,
1,2,1.0219,0,2,0.1796,
1,2,1.0296,0,2,0.1796,
1,3,0.6830,0,2,0.1795,
1,3,0.8139,0,3,0.1795,
1,3,1.0225,1,0,0.1795,
1,3,0.9619,0,3,0.1795,
1,3,1.0548,0,3,0.1795,
1,4,0.6881,0,3,0.1793,
1,4,0.9210,0,4,0.1793,
1,4,0.9931,0,1,0.1793,
1,4,0.9700,0,4,0.1793,
1,4,1.0172,0,4,0.1793,
1,5,0.7373,1,0,0.1791,0.6250
1,5,0.8300,0,5,0.1791,0.9792
1,5,0.9725,0,2,0.1791,0.9167
1,5,0.9848,0,5,0.1791,0.9861
1,5,1.0411,0,5,0.1791,0.9722
1,6,0.7053,0,1,0.1789,
1,6,0.8680,0,6,0.1789,
1,6,0.9602,0,3,0.1789,
1,6,0.9983,0,6,0.1789,
1,6,0.9862,0,6,0.1789,
1,7,0.6388,0,2,0.1787,
1,7,0.8096,0,7,0.1787,
1,7,0.9566,0,4,0.1787,
1,7,1.0405,0,7,0.1787,
1,7,0.9829,0,7,0.1787,
1,8,0.5728,0,3,0.1786,
1,8,0.9061,0,8,0.1786,
1,8,0.9820,0,5,0.1786,
1,8,1.0177,0,8,0.1786,
1,8,1.0372,0,8,0.1786,
1,9,0.5358,0,4,0.1784,
1,9,0.8207,0,9,0.1784,
1,9,0.9455,0,6,0.1784,
1,9,1.0211,0,9,0.1784,
1,9,1.0265,0,9,0.1784,
1,10,0.6151,0,5,0.1782,0.6042
1,10,0.9047,0,10,0.1782,0.9792
1,10,0.9525,0,7,0.1782,0.9444
1,10,1.0079,0,10,0.1782,0.9861
1,10,1.0397,0,10,0.1782,0.9722
1,11,0.6189,0,6,0.1780,
1,11,0.8664,0,11,0.1780,
1,11,0.9214,0,8,0.1780,
1,11,1.0571,0,11,0.1780,
1,11,1.0187,0,11,0.1780,
1,12,0.5668,0,7,0.1779,
1,12,0.9327,0,12,0.1779,
1,12,0.9126,0,9,0.1779,
1,12,1.0073,0,12,0.1779,
1,12,1.0645,0,12,0.1779,
1,13,0.6988,0,8,0.1777,
1,13,0.8734,0,13,0.1777,
1,13,0.9140,0,10,0.1777,
1,13,0.9624,0,13,0.1777,
1,13,1.0581,0,13,0.1777,
1,14,0.6420,0,9,0.1775,
1,14,0.7585,0,14,0.1775,
1,14,0.9766,0,11,0.1775,
1,14,1.0009,0,14,0.1775,
1,14,1.0222,0,14,0.1775,
1,15,0.5377,0,10,0.1773,0.6528
1,15,0.8937,0,15,0.1773,0.9653
1,15,0.9621,0,12,0.1773,0.8750
1,15,0.9816,0,15,0.1773,0.9861
1,15,1.0733,0,15,0.1773,0.9792
1,16,0.5575,0,11,0.1771,
1,16,0.8743,0,16,0.1771,
1,16,1.0003,0,13,0.1771,
1,16,1.0413,0,16,0.1771,
1,16,1.0069,0,16,0.1771,
1,17,0.6145,0,12,0.1770,
1,17,0.9012,0,17,0.1770,
1,17,0.9733,0,14,0.1770,
1,17,1.0353,0,17,0.1770,
1,17,1.0058,0,17,0.1770,
1,18,0.5421,0,13,0.1768,
1,18,0.8435,0,18,0.1768,
1,18,1.0431,1,0,0.1768,
1,18,0.9825,0,18,0.1768,
1,18,1.0094,0,18,0.1768,
1,19,0.5303,0,14,0.1766,
1,19,0.9684,0,19,0.1766,
1,19,0.9907,0,1,0.1766,
1,19,0.9797,0,19,0.1766,
1,19,1.0208,0,19,0.1766,
1,20,0.5483,0,15,0.1764,0.6736
1,20,0.8720,0,20,0.1764,0.9514
1,20,0.9832,0,2,0.1764,0.9444
1,20,0.9799,0,20,0.1764,0.9861
1,20,0.9733,0,20,0.1764,0.9861
1,21,0.5106,0,16,0.1763,
1,21,1.0295,0,21,0.1763,
1,21,0.9996,0,3,0.1763,
1,21,0.9625,0,21,0.1763,
1,21,1.0355,0,21,0.1763,
1,22,0.6745,0,17,0.1761,
1,22,0.9009,0,22,0.1761,
1,22,0.9841,0,4,0.1761,
1,22,1.0250,0,22,0.1761,
1,22,1.0267,0,22,0.1761,
1,23,0.5828,0,18,0.1759,
1,23,0.8280,0,23,0.1759,
1,23,1.0654,1,0,0.1759,
1,23,0.9525,0,23,0.1759,
1,23,1.0314,0,23,0.1759,
1,24,0.6055,0,19,0.1757,
1,24,0.8727,0,24,0.1757,
1,24,0.9905,0,1,0.1757,
1,24,0.9979,0,24,0.1757,
1,24,1.0478,0,24,0.1757,
1,25,0.7190,0,20,0.1756,0.6250
1,25,0.8679,0,25,0.1756,0.9236
1,25,0.9504,0,2,0.1756,0.9861
1,25,0.9944,0,25,0.1756,0.9583
1,25,0.9995,0,25,0.1756,0.9722
1,26,0.7955,1,0,0.1754,
1,26,0.9233,0,26,0.1754,
1,26,0.9468,0,3,0.1754,
1,26,1.0402,0,26,0.1754,
1,26,1.0404,0,26,0.1754,
1,27,0.6407,0,1,0.1752,
1,27,0.9108,0,27,0.1752,
1,27,0.9429,0,4,0.1752,
1,27,1.0220,0,27,0.1752,
1,27,1.0716,0,27,0.1752,
1,28,0.6533,0,2,0.1750,
1,28,0.9266,0,28,0.1750,
1,28,0.9463,0,5,0.1750,
1,28,1.0011,0,28,0.1750,
1,28,1.0649,0,28,0.1750,
1,29,0.7617,0,3,0.1749,
1,29,0.8169,0,29,0.1749,
1,29,0.9578,0,6,0.1749,
1,29,1.0520,0,29,0.1749,
1,29,1.0479,0,29,0.1749,
1,30,0.7201,0,4,0.1747,0.8056
1,30,0.8709,0,30,0.1747,0.9514
1,30,0.9913,0,7,0.1747,0.9861
1,30,1.0328,0,30,0.1747,0.9583
1,30,1.0479,0,30,0.1747,0.9722
1,31,0.7462,0,5,0.1745,
1,31,0.8321,0,31,0.1745,
1,31,0.9403,0,8,0.1745,
1,31,1.0179,0,31,0.1745,
1,31,0.9949,0,31,0.1745,
1,32,0.8158,1,0,0.1743,
1,32,0.8181,0,32,0.1743,
1,32,1.0319,0,9,0.1743,
1,32,1.0414,0,32,0.1743,
1,32,1.0652,0,32,0.1743,
1,33,0.7148,0,1,0.1742,
1,33,0.7920,0,33,0.1742,
1,33,1.0611,0,10,0.1742,
1,33,1.0589,0,33,0.1742,
1,33,1.0467,0,33,0.1742,
1,34,0.6824,0,2,0.1740,
1,34,0.8379,0,34,0.1740,
1,34,1.0490,0,11,0.1740,
1,34,1.0358,0,34,0.1740,
1,34,1.0262,0,34,0.1740,
1,35,0.6973,0,3,0.1738,0.7917
1,35,0.8551,0,35,0.1738,0.9653
1,35,1.0454,0,12,0.1738,0.9861
1,35,1.0582,0,35,0.1738,0.9722
1,35,1.0748,0,35,0.1738,0.9861
1,36,0.7146,0,4,0.1736,
1,36,0.8619,0,36,0.1736,
1,36,0.9658,0,13,0.1736,
1,36,0.9843,0,36,0.1736,
1,36,1.0493,0,36,0.1736,
1,37,0.7228,0,5,0.1735,
1,37,0.8824,0,37,0.1735,
1,37,1.0418,0,14,0.1735,
1,37,1.0384,0,37,0.1735,
1,37,1.0409,0,37,0.1735,
1,38,0.7178,0,6,0.1733,
1,38,0.8797,0,38,0.1733,
1,38,1.0591,0,15,0.1733,
1,38,1.0224,0,38,0.1733,
1,38,1.0589,0,38,0.1733,
1,39,0.6946,0,7,0.1731,
1,39,0.8571,0,39,0.1731,
1,39,1.0390,0,16,0.1731,
1,39,1.0306,0,39,0.1731,
1,39,0.9769,0,39,0.1731,
1,40,0.7090,0,8,0.1729,0.6944
1,40,0.8726,0,40,0.1729,0.9514
1,40,1.0216,0,17,0.1729,0.9861
1,40,1.0420,0,40,0.1729,0.9861
1,40,0.9651,0,40,0.1729,0.9722
1,41,0.7146,0,9,0.1728,
1,41,0.8224,0,41,0.1728,
1,41,1.0786,1,0,0.1728,
1,41,1.0372,0,41,0.1728,
1,41,1.0276,0,41,0.1728,
1,42,0.6637,0,10,0.1726,
1,42,0.8333,0,42,0.1726,
1,42,1.0753,0,1,0.1726,
1,42,1.0233,0,42,0.1726,
1,42,1.0037,0,42,0.1726,
1,43,0.6801,0,11,0.1724,
1,43,0.8450,0,43,0.1724,
1,43,1.0197,0,2,0.1724,
1,43,1.0036,0,43,0.1724,
1,43,0.9800,0,43,0.1724,
1,44,0.7002,0,12,0.1722,
1,44,0.8795,0,44,0.1722,
1,44,0.9871,0,3,0.1722,
1,44,1.0564,0,44,0.1722,
1,44,0.9578,0,44,0.1722,
1,45,0.7002,0,13,0.1721,0.7569
1,45,0.8339,0,45,0.1721,0.9514
1,45,1.0393,0,4,0.1721,0.9722
1,45,1.0193,0,45,0.1721,0.9861
1,45,0.9955,0,45,0.1721,0.9722
1,46,0.6261,0,14,0.1719,
1,46,0.8396,0,46,0.1719,
1,46,1.0255,0,5,0.1719,
1,46,1.0409,0,46,0.1719,
1,46,1.0003,0,46,0.1719,
1,47,0.7067,0,15,0.1717,
1,47,0.6803,0,47,0.1717,
1,47,1.0205,0,6,0.1717,
1,47,1.0172,0,47,0.1717,
1,47,1.0169,0,47,0.1717,
1,48,0.7113,0,16,0.1716,
1,48,0.7805,0,48,0.1716,
1,48,1.0068,0,7,0.1716,
1,48,1.0180,0,48,0.1716,
1,48,1.0006,0,48,0.1716,
1,49,0.7138,0,17,0.1714,
1,49,0.8302,0,49,0.1714,
1,49,1.0069,0,8,0.1714,
1,49,1.0387,0,49,0.1714,
1,49,0.9841,0,49,0.1714,
1,50,0.7702,0,18,0.1712,0.7778
1,50,0.8260,0,50,0.1712,0.9236
1,50,0.9762,0,9,0.1712,0.9306
1,50,1.0399,0,50,0.1712,0.9722
1,50,0.9922,0,50,0.1712,0.9722
1,51,0.7994,0,19,0.1710,
1,51,0.8128,0,51,0.1710,
1,51,1.0221,0,10,0.1710,
1,51,1.0014,0,51,0.1710,
1,51,1.0058,0,51,0.1710,
1,52,0.7542,0,20,0.1709,
1,52,0.8535,0,52,0.1709,
1,52,1.0191,0,11,0.1709,
1,52,0.9972,0,52,0.1709,
1,52,0.9973,0,52,0.1709,
1,53,0.7424,0,21,0.1707,
1,53,0.8817,0,53,0.1707,
1,53,1.0067,0,12,0.1707,
1,53,1.0337,0,53,0.1707,
1,53,1.0209,0,53,0.1707,
1,54,0.7815,0,22,0.1705,
1,54,0.8206,0,54,0.1705,
1,54,0.9992,0,13,0.1705,
1,54,1.0041,0,54,0.1705,
1,54,1.0157,0,54,0.1705,
1,55,0.7599,0,23,0.1704,0.7639
1,55,0.9047,0,55,0.1704,0.9514
1,55,1.0020,0,14,0.1704,0.9722
1,55,1.0289,0,55,0.1704,0.9722
1,55,1.0154,0,55,0.1704,0.9722
1,56,0.7272,0,24,0.1702,
1,56,0.7794,0,56,0.1702,
1,56,1.0105,0,15,0.1702,
1,56,0.9933,0,56,0.1702,
1,56,1.0167,0,56,0.1702,
1,57,0.7415,0,25,0.1700,
1,57,0.8131,0,57,0.1700,
1,57,1.0397,0,16,0.1700,
1,57,0.9797,0,57,0.1700,
1,57,1.0105,0,57,0.1700,
1,58,0.7340,0,26,0.1699,
1,58,0.8510,0,58,0.1699,
1,58,0.9993,0,17,0.1699,
1,58,1.0039,0,58,0.1699,
1,58,1.0455,0,58,0.1699,
1,59,0.7778,0,27,0.1697,
1,59,0.8426,0,59,0.1697,
1,59,1.0294,0,18,0.1697,
1,59,1.0339,0,59,0.1697,
1,59,0.9992,0,59,0.1697,
1,60,0.7860,0,28,0.1695,0.7500
1,60,0.8615,0,60,0.1695,0.9653
1,60,1.0272,0,19,0.1695,0.9444
1,60,0.9856,0,60,0.1695,1.0000
1,60,1.0044,0,60,0.1695,0.9722
1,61,0.7730,0,29,0.1693,
1,61,0.8558,0,61,0.1693,
1,61,1.0252,0,20,0.1693,
1,61,1.0283,0,61,0.1693,
1,61,1.0338,0,61,0.1693,
1,62,0.7443,0,30,0.1692,
1,62,0.9409,0,62,0.1692,
1,62,1.0285,0,21,0.1692,
1,62,1.0400,0,62,0.1692,
1,62,1.0214,0,62,0.1692,
1,63,0.7835,0,31,0.1690,
1,63,0.7482,0,63,0.1690,
1,63,0.9690,0,22,0.1690,
1,63,0.9098,0,63,0.1690,
1,63,1.0463,0,63,0.1690,
1,64,0.7434,0,32,0.1688,
1,64,0.8373,0,64,0.1688,
1,64,0.9941,0,23,0.1688,
1,64,0.8920,0,64,0.1688,
1,64,1.0346,0,64,0.1688,
1,65,0.7654,0,33,0.1687,0.7778
1,65,0.8341,0,65,0.1687,0.9514
1,65,0.9919,0,24,0.1687,0.9722
1,65,0.9022,0,65,0.1687,0.9722
1,65,1.0371,0,65,0.1687,0.9861
1,66,0.7319,0,34,0.1685,
1,66,0.8332,0,66,0.1685,
1,66,1.0148,0,25,0.1685,
1,66,0.9245,0,66,0.1685,
1,66,1.0461,0,66,0.1685,
1,67,0.7415,0,35,0.1683,
1,67,0.7240,0,67,0.1683,
1,67,0.8950,0,26,0.1683,
1,67,1.0181,0,67,0.1683,
1,67,1.0726,0,67,0.1683,
1,68,0.6915,0,36,0.1682,
1,68,0.8052,0,68,0.1682,
1,68,0.9527,0,27,0.1682,
1,68,1.0563,0,68,0.1682,
1,68,1.0451,0,68,0.1682,
1,69,0.7145,0,37,0.1680,
1,69,0.8029,0,69,0.1680,
1,69,0.9484,0,28,0.1680,
1,69,1.0532,0,69,0.1680,
1,69,1.0618,0,69,0.1680,
1,70,0.7804,0,38,0.1678,0.7500
1,70,0.8177,0,70,0.1678,0.9514
1,70,0.9564,0,29,0.1678,0.9861
1,70,1.0374,0,70,0.1678,0.9583
1,70,1.0657,0,70,0.1678,0.9861
1,71,0.7689,0,39,0.1677,
1,71,0.7907,0,71,0.1677,
1,71,1.0042,0,30,0.1677,
1,71,0.9952,0,71,0.1677,
1,71,1.0432,0,71,0.1677,
1,72,0.7899,0,40,0.1675,
1,72,0.8078,0,72,0.1675,
1,72,0.9729,0,31,0.1675,
1,72,1.0393,0,72,0.1675,
1,72,1.0703,0,72,0.1675,
1,73,0.8357,1,0,0.1673,
1,73,0.7764,0,73,0.1673,
1,73,1.0049,0,32,0.1673,
1,73,0.9457,0,73,0.1673,
1,73,1.0540,0,73,0.1673,
1,74,0.7807,0,1,0.1672,
1,74,0.7952,0,74,0.1672,
1,74,0.9777,0,33,0.1672,
1,74,0.9869,0,74,0.1672,
1,74,1.0513,0,74,0.1672,
1,75,0.6967,0,2,0.1670,0.8333
1,75,0.8954,0,75,0.1670,0.9514
1,75,0.9755,0,34,0.1670,0.9722
1,75,1.0362,0,75,0.1670,0.9722
1,75,1.0359,0,75,0.1670,0.9583
1,76,0.7011,0,3,0.1668,
1,76,0.7983,0,76,0.1668,
1,76,0.9446,0,35,0.1668,
1,76,1.0208,0,76,0.1668,
1,76,1.0557,0,76,0.1668,
1,77,0.6445,0,4,0.1667,
1,77,0.8171,0,77,0.1667,
1,77,1.0100,0,36,0.1667,
1,77,1.0350,0,77,0.1667,
1,77,1.0576,0,77,0.1667,
1,78,0.6758,0,5,0.1665,
1,78,0.7788,0,78,0.1665,
1,78,0.9576,0,37,0.1665,
1,78,1.0382,0,78,0.1665,
1,78,1.0719,0,78,0.1665,
1,79,0.6402,0,6,0.1663,
1,79,0.7922,0,79,0.1663,
1,79,0.9670,0,38,0.1663,
1,79,1.0011,0,79,0.1663,
1,79,1.0472,0,79,0.1663,

2,0,0.6166,1,0,0.1800,0.5556
2,0,0.9315,1,0,0.1800,0.8194
2,0,1.0388,1,0,0.1800,0.9792
2,0,1.0350,1,0,0.1800,0.9583
2,0,1.0763,1,0,0.1800,0.9861
2,1,0.5163,0,1,0.1798,
2,1,0.8593,0,1,0.1798,
2,1,0.9435,0,1,0.1798,
2,1,1.0062,0,1,0.1798,
2,1,0.9980,0,1,0.1798,
2,2,0.6467,1,0,0.1796,
2,2,0.8290,0,2,0.1796,
2,2,0.9498,0,2,0.1796,
2,2,0.9477,0,2,0.1796,
2,2,0.9999,0,2,0.1796,
2,3,0.5532,0,1,0.1795,
2,3,0.7535,0,3,0.1795,
2,3,0.9201,0,3,0.1795,
2,3,0.9277,0,3,0.1795,
2,3,1.0032,0,3,0.1795,
2,4,0.5298,0,2,0.1793,
2,4,0.7985,0,4,0.1793,
2,4,0.9248,0,4,0.1793,
2,4,0.9406,0,4,0.1793,
2,4,1.0111,0,4,0.1793,
2,5,0.5977,0,3,0.1791,0.6806
2,5,0.7769,0,5,0.1791,0.8472
2,5,0.9077,0,5,0.1791,0.9653
2,5,0.9240,0,5,0.1791,0.9444
2,5,1.0374,0,5,0.1791,0.9583
2,6,0.5128,0,4,0.1789,
2,6,0.7873,0,6,0.1789,
2,6,0.9015,0,6,0.1789,
2,6,0.9481,0,6,0.1789,
2,6,1.0054,0,6,0.1789,
2,7,0.6142,0,5,0.1787,
2,7,0.9291,0,7,0.1787,
2,7,0.9316,0,7,0.1787,
2,7,0.9187,0,7,0.1787,
2,7,1.0053,0,7,0.1787,
2,8,0.5718,0,6,0.1786,
2,8,0.8670,0,8,0.1786,
2,8,0.9397,0,8,0.1786,
2,8,0.9462,0,8,0.1786,
2,8,0.9763,0,8,0.1786,
2,9,0.5874,0,7,0.1784,
2,9,0.8106,0,9,0.1784,
2,9,0.8588,0,9,0.1784,
2,9,0.9968,0,9,0.1784,
2,9,1.0103,0,9,0.1784,
2,10,0.6202,0,8,0.1782,0.6181
2,10,0.8075,0,10,0.1782,0.8472
2,10,0.8608,0,10,0.1782,0.9514
2,10,0.9451,0,10,0.1782,0.9444
2,10,0.9934,0,10,0.1782,0.9861
2,11,0.6279,0,9,0.1780,
2,11,0.7643,0,11,0.1780,
2,11,0.8338,0,11,0.1780,
2,11,0.9486,0,11,0.1780,
2,11,1.0230,0,11,0.1780,
2,12,0.6235,0,10,0.1779,
2,12,0.7728,0,12,0.1779,
2,12,0.8812,0,12,0.1779,
2,12,0.9612,0,12,0.1779,
2,12,1.0224,0,12,0.1779,
2,13,0.5427,0,11,0.1777,
2,13,0.7713,0,13,0.1777,
2,13,0.8687,0,13,0.1777,
2,13,0.9881,0,13,0.1777,
2,13,1.0234,0,13,0.1777,
2,14,0.7191,1,0,0.1775,
2,14,0.8229,0,14,0.1775,
2,14,0.8689,0,14,0.1775,
2,14,0.9558,0,14,0.1775,
2,14,1.0571,0,14,0.1775,
2,15,0.6408,0,1,0.1773,0.6597
2,15,0.8371,0,15,0.1773,0.8472
2,15,0.8858,0,15,0.1773,0.9653
2,15,0.9674,0,15,0.1773,0.9306
2,15,1.0225,0,15,0.1773,0.9722
2,16,0.5914,0,2,0.1771,
2,16,0.8846,0,16,0.1771,
2,16,0.8865,0,16,0.1771,
2,16,0.9793,0,16,0.1771,
2,16,1.0207,0,16,0.1771,
2,17,0.5103,0,3,0.1770,
2,17,0.8476,0,17,0.1770,
2,17,0.8873,0,17,0.1770,
2,17,0.9479,0,17,0.1770,
2,17,1.0054,0,17,0.1770,
2,18,0.6369,0,4,0.1768,
2,18,0.9006,0,18,0.1768,
2,18,0.8786,0,18,0.1768,
2,18,0.9470,0,18,0.1768,
2,18,1.0397,0,18,0.1768,
2,19,0.6774,0,5,0.1766,
2,19,0.9052,0,19,0.1766,
2,19,0.8848,0,19,0.1766,
2,19,0.9680,0,19,0.1766,
2,19,1.0376,0,19,0.1766,
2,20,0.5878,0,6,0.1764,0.6319
2,20,0.9175,0,20,0.1764,0.8472
2,20,0.8851,0,20,0.1764,0.9653
2,20,0.9869,0,20,0.1764,0.9444
2,20,0.9821,0,20,0.1764,0.9861
2,21,0.6651,0,7,0.1763,
2,21,0.8314,0,21,0.1763,
2,21,0.8814,0,21,0.1763,
2,21,0.9871,0,21,0.1763,
2,21,1.0147,0,21,0.1763,
2,22,0.6212,0,8,0.1761,
2,22,0.8196,0,22,0.1761,
2,22,0.8858,0,22,0.1761,
2,22,0.9703,0,22,0.1761,
2,22,1.0046,0,22,0.1761,
2,23,0.6178,0,9,0.1759,
2,23,0.8699,0,23,0.1759,
2,23,0.8834,0,23,0.1759,
2,23,0.9564,0,23,0.1759,
2,23,1.0264,0,23,0.1759,
2,24,0.6077,0,10,0.1757,
2,24,0.8865,0,24,0.1757,
2,24,0.8802,0,24,0.1757,
2,24,1.0215,0,24,0.1757,
2,24,0.9982,0,24,0.1757,
2,25,0.5875,0,11,0.1756,0.6389
2,25,0.8856,0,25,0.1756,0.8333
2,25,0.9134,0,25,0.1756,0.9583
2,25,0.9627,0,25,0.1756,0.9167
2,25,1.0185,0,25,0.1756,0.9583
2,26,0.5824,0,12,0.1754,
2,26,0.8581,0,26,0.1754,
2,26,0.9013,0,26,0.1754,
2,26,0.9701,0,26,0.1754,
2,26,0.9818,0,26,0.1754,
2,27,0.6156,0,13,0.1752,
2,27,0.9033,0,27,0.1752,
2,27,0.8941,0,27,0.1752,
2,27,0.9702,0,27,0.1752,
2,27,1.0102,0,27,0.1752,
2,28,0.5850,0,14,0.1750,
2,28,0.9412,1,0,0.1750,
2,28,0.8965,0,28,0.1750,
2,28,1.0014,0,28,0.1750,
2,28,1.0397,0,28,0.1750,
2,29,0.5679,0,15,0.1749,
2,29,0.8672,0,1,0.1749,
2,29,0.8781,0,29,0.1749,
2,29,0.9675,0,29,0.1749,
2,29,1.0393,0,29,0.1749,
2,30,0.5776,0,16,0.1747,0.6111
2,30,0.8275,0,2,0.1747,0.8472
2,30,0.8821,0,30,0.1747,0.9514
2,30,0.9870,0,30,0.1747,0.9306
2,30,1.0398,0,30,0.1747,0.9861
2,31,0.6276,0,17,0.1745,
2,31,0.8482,0,3,0.1745,
2,31,0.8829,0,31,0.1745,
2,31,0.9479,0,31,0.1745,
2,31,1.0230,0,31,0.1745,
2,32,0.7103,0,18,0.1743,
2,32,0.8652,0,4,0.1743,
2,32,0.8826,0,32,0.1743,
2,32,0.9705,0,32,0.1743,
2,32,1.0401,0,32,0.1743,
2,33,0.5967,0,19,0.1742,
2,33,0.8605,0,5,0.1742,
2,33,0.8816,0,33,0.1742,
2,33,0.9305,0,33,0.1742,
2,33,1.0395,0,33,0.1742,
2,34,0.5507,0,20,0.1740,
2,34,0.8780,0,6,0.1740,
2,34,0.8982,0,34,0.1740,
2,34,0.9135,0,34,0.1740,
2,34,1.0400,0,34,0.1740,
2,35,0.5840,0,21,0.1738,0.6319
2,35,0.9210,0,7,0.1738,0.8542
2,35,0.9058,0,35,0.1738,0.8889
2,35,0.8952,0,35,0.1738,0.9306
2,35,1.0398,0,35,0.1738,0.9722
2,36,0.6970,0,22,0.1736,
2,36,0.9032,0,8,0.1736,
2,36,0.8693,0,36,0.1736,
2,36,0.9295,0,36,0.1736,
2,36,1.0111,0,36,0.1736,
2,37,0.5435,0,23,0.1735,
2,37,0.9541,1,0,0.1735,
2,37,0.8859,0,37,0.1735,
2,37,0.8891,0,37,0.1735,
2,37,1.0400,0,37,0.1735,
2,38,0.6469,0,24,0.1733,
2,38,0.9061,0,1,0.1733,
2,38,0.8806,0,38,0.1733,
2,38,0.8880,0,38,0.1733,
2,38,1.0403,0,38,0.1733,
2,39,0.5661,0,25,0.1731,
2,39,0.8621,0,2,0.1731,
2,39,0.8687,0,39,0.1731,
2,39,0.9126,0,39,0.1731,
2,39,1.0228,0,39,0.1731,
2,40,0.7111,0,26,0.1729,0.6736
2,40,0.8950,0,3,0.1729,0.8333
2,40,0.8826,0,40,0.1729,0.9028
2,40,0.9847,0,40,0.1729,0.9444
2,40,1.0395,0,40,0.1729,0.9444
2,41,0.6750,0,27,0.1728,
2,41,0.8863,0,4,0.1728,
2,41,0.8647,0,41,0.1728,
2,41,1.0030,0,41,0.1728,
2,41,1.0577,0,41,0.1728,
2,42,0.6608,0,28,0.1726,
2,42,0.9014,0,5,0.1726,
2,42,0.8807,0,42,0.1726,
2,42,1.0197,0,42,0.1726,
2,42,1.0402,0,42,0.1726,
2,43,0.6328,0,29,0.1724,
2,43,0.8491,0,6,0.1724,
2,43,0.8857,0,43,0.1724,
2,43,1.0001,0,43,0.1724,
2,43,1.0397,0,43,0.1724,
2,44,0.6364,0,30,0.1722,
2,44,0.8721,0,7,0.1722,
2,44,0.8861,0,44,0.1722,
2,44,1.0183,0,44,0.1722,
2,44,1.0578,0,44,0.1722,
2,45,0.7879,1,0,0.1721,0.7986
2,45,0.9509,0,8,0.1721,0.8125
2,45,0.8807,0,45,0.1721,0.8889
2,45,0.9757,0,45,0.1721,0.9306
2,45,1.0740,0,45,0.1721,0.9861
2,46,0.7994,1,0,0.1719,
2,46,0.8520,0,9,0.1719,
2,46,0.8644,0,46,0.1719,
2,46,0.9760,0,46,0.1719,
2,46,1.0562,0,46,0.1719,
2,47,0.7953,0,1,0.1717,
2,47,0.8287,0,10,0.1717,
2,47,0.8688,0,47,0.1717,
2,47,1.0291,0,47,0.1717,
2,47,1.0700,0,47,0.1717,
2,48,0.7590,0,2,0.1716,
2,48,0.8441,0,11,0.1716,
2,48,0.8809,0,48,0.1716,
2,48,1.0436,1,0,0.1716,
2,48,1.0728,0,48,0.1716,
2,49,0.8333,1,0,0.1714,
2,49,0.8324,0,12,0.1714,
2,49,0.8811,0,49,0.1714,
2,49,1.0702,1,0,0.1714,
2,49,1.0397,0,49,0.1714,
2,50,0.7504,0,1,0.1712,0.6458
2,50,0.8628,0,13,0.1712,0.7986
2,50,0.8807,0,50,0.1712,0.9514
2,50,0.9706,0,1,0.1712,0.9722
2,50,1.0232,0,50,0.1712,1.0000
2,51,0.7393,0,2,0.1710,
2,51,0.8821,0,14,0.1710,
2,51,0.9153,0,51,0.1710,
2,51,1.0352,0,2,0.1710,
2,51,1.0400,0,51,0.1710,
2,52,0.7942,0,3,0.1709,
2,52,0.8287,0,15,0.1709,
2,52,0.9152,0,52,0.1709,
2,52,1.0012,0,3,0.1709,
2,52,1.0581,0,52,0.1709,
2,53,0.7280,0,4,0.1707,
2,53,0.9011,0,16,0.1707,
2,53,0.9158,0,53,0.1707,
2,53,0.9815,0,4,0.1707,
2,53,1.0585,0,53,0.1707,
2,54,0.8487,1,0,0.1705,
2,54,0.9038,0,17,0.1705,
2,54,0.8992,0,54,0.1705,
2,54,1.0270,0,5,0.1705,
2,54,1.0396,0,54,0.1705,
2,55,0.7932,0,1,0.1704,0.9375
2,55,0.9493,0,18,0.1704,0.8125
2,55,0.8645,0,55,0.1704,0.9028
2,55,0.9964,0,6,0.1704,0.9583
2,55,1.0403,0,55,0.1704,0.9722
2,56,0.8003,0,2,0.1702,
2,56,0.9547,0,19,0.1702,
2,56,0.8806,0,56,0.1702,
2,56,1.0110,0,7,0.1702,
2,56,1.0228,0,56,0.1702,
2,57,0.7442,0,3,0.1700,
2,57,0.9098,0,20,0.1700,
2,57,0.9156,0,57,0.1700,
2,57,1.0024,0,8,0.1700,
2,57,1.0566,0,57,0.1700,
2,58,0.7116,0,4,0.1699,
2,58,1.0104,1,0,0.1699,
2,58,0.8641,0,58,0.1699,
2,58,0.9995,0,9,0.1699,
2,58,1.0396,0,58,0.1699,
2,59,0.7742,0,5,0.1697,
2,59,0.9067,0,1,0.1697,
2,59,0.8637,0,59,0.1697,
2,59,1.0196,0,10,0.1697,
2,59,1.0582,0,59,0.1697,
2,60,0.8985,1,0,0.1695,0.7708
2,60,0.9414,0,2,0.1695,0.8611
2,60,0.8807,0,60,0.1695,0.9653
2,60,1.0303,0,11,0.1695,1.0000
2,60,1.0393,0,60,0.1695,1.0000
2,61,0.7804,0,1,0.1693,
2,61,0.9578,0,3,0.1693,
2,61,0.8804,0,61,0.1693,
2,61,1.0721,1,0,0.1693,
2,61,1.0406,0,61,0.1693,
2,62,0.7585,0,2,0.1692,
2,62,0.9902,0,4,0.1692,
2,62,0.8440,0,62,0.1692,
2,62,1.0018,0,1,0.1692,
2,62,1.0245,0,62,0.1692,
2,63,0.8649,0,3,0.1690,
2,63,0.9047,0,5,0.1690,
2,63,0.8705,0,63,0.1690,
2,63,1.0546,0,2,0.1690,
2,63,1.0234,0,63,0.1690,
2,64,0.7327,0,4,0.1688,
2,64,0.9198,0,6,0.1688,
2,64,0.8534,0,64,0.1688,
2,64,1.0569,0,3,0.1688,
2,64,1.0228,0,64,0.1688,
2,65,0.8513,0,5,0.1687,0.8264
2,65,0.8392,0,7,0.1687,0.8333
2,65,0.8550,0,65,0.1687,0.9653
2,65,1.0552,0,4,0.1687,0.9861
2,65,1.0231,0,65,0.1687,0.9861
2,66,0.8841,0,6,0.1685,
2,66,0.9199,0,8,0.1685,
2,66,0.8553,0,66,0.1685,
2,66,1.0546,0,5,0.1685,
2,66,1.0232,0,66,0.1685,
2,67,0.8502,0,7,0.1683,
2,67,0.8833,0,9,0.1683,
2,67,0.8553,0,67,0.1683,
2,67,1.0552,0,6,0.1683,
2,67,1.0396,0,67,0.1683,
2,68,0.8584,0,8,0.1682,
2,68,0.9250,0,10,0.1682,
2,68,0.8791,0,68,0.1682,
2,68,1.0366,0,7,0.1682,
2,68,1.0390,0,68,0.1682,
2,69,0.9102,1,0,0.1680,
2,69,0.8657,0,11,0.1680,
2,69,0.8592,0,69,0.1680,
2,69,1.0551,0,8,0.1680,
2,69,1.0232,0,69,0.1680,
2,70,0.9186,1,0,0.1678,0.9236
2,70,0.8795,0,12,0.1678,0.8889
2,70,0.8803,0,70,0.1678,0.8889
2,70,1.0416,0,9,0.1678,0.9722
2,70,1.0397,0,70,0.1678,0.9583
2,71,1.0013,1,0,0.1677,
2,71,0.9049,0,13,0.1677,
2,71,0.8618,0,71,0.1677,
2,71,0.9851,0,10,0.1677,
2,71,1.0282,0,71,0.1677,
2,72,0.9353,0,1,0.1675,
2,72,0.9447,0,14,0.1675,
2,72,0.8804,0,72,0.1675,
2,72,1.0129,0,11,0.1675,
2,72,1.0397,0,72,0.1675,
2,73,0.8216,0,2,0.1673,
2,73,0.9945,0,15,0.1673,
2,73,0.8837,0,73,0.1673,
2,73,1.0290,0,12,0.1673,
2,73,1.0750,0,73,0.1673,
2,74,0.8410,0,3,0.1672,
2,74,0.9888,0,16,0.1672,
2,74,0.8641,0,74,0.1672,
2,74,1.0489,0,13,0.1672,
2,74,1.0228,0,74,0.1672,
2,75,0.8245,0,4,0.1670,0.9306
2,75,1.0214,1,0,0.1670,0.9583
2,75,0.8778,0,75,0.1670,0.9514
2,75,1.0534,0,14,0.1670,0.9722
2,75,1.0399,0,75,0.1670,0.9722
2,76,0.8758,0,5,0.1668,
2,76,1.0474,1,0,0.1668,
2,76,0.8637,0,76,0.1668,
2,76,1.0409,0,15,0.1668,
2,76,1.0401,0,76,0.1668,
2,77,0.7863,0,6,0.1667,
2,77,1.0371,0,1,0.1667,
2,77,0.8849,0,77,0.1667,
2,77,1.0629,0,16,0.1667,
2,77,1.0398,0,77,0.1667,
2,78,0.8260,0,7,0.1665,
2,78,0.9022,0,2,0.1665,
2,78,0.8835,0,78,0.1665,
2,78,1.0392,0,17,0.1665,
2,78,1.0233,0,78,0.1665,
2,79,0.8288,0,8,0.1663,
2,79,1.0058,0,3,0.1663,
2,79,0.8730,0,79,0.1663,
2,79,1.0729,0,18,0.1663,
2,79,1.0399,0,79,0.1663,

3,0,0.5939,1,0,0.1800,0.5694
3,0,0.9492,1,0,0.1800,0.9028
3,0,1.0348,1,0,0.1800,0.9792
3,0,1.0342,1,0,0.1800,0.9792
3,0,1.0471,1,0,0.1800,0.9722
3,1,0.5978,1,0,0.1798,
3,1,0.8584,0,1,0.1798,
3,1,0.9431,0,1,0.1798,
3,1,1.0315,0,1,0.1798,
3,1,0.9659,0,1,0.1798,
3,2,0.5840,0,1,0.1796,
3,2,0.7602,0,2,0.1796,
3,2,0.9948,0,2,0.1796,
3,2,1.0285,0,2,0.1796,
3,2,0.9635,0,2,0.1796,
3,3,0.6799,1,0,0.1795,
3,3,0.6953,0,3,0.1795,
3,3,1.0275,0,3,0.1795,
3,3,1.0162,0,3,0.1795,
3,3,0.9433,0,3,0.1795,
3,4,0.7147,1,0,0.1793,
3,4,0.8585,0,4,0.1793,
3,4,0.9976,0,4,0.1793,
3,4,0.9354,0,4,0.1793,
3,4,0.9613,0,4,0.1793,
3,5,0.5766,0,1,0.1791,0.6944
3,5,0.7757,0,5,0.1791,0.8472
3,5,0.9944,0,5,0.1791,0.9514
3,5,0.9939,0,5,0.1791,0.9444
3,5,0.9780,0,5,0.1791,0.9722
3,6,0.6915,0,2,0.1789,
3,6,0.8374,0,6,0.1789,
3,6,0.8997,0,6,0.1789,
3,6,0.9225,0,6,0.1789,
3,6,0.9269,0,6,0.1789,
3,7,0.6403,0,3,0.1787,
3,7,0.6927,0,7,0.1787,
3,7,0.9470,0,7,0.1787,
3,7,0.9366,0,7,0.1787,
3,7,0.9694,0,7,0.1787,
3,8,0.5889,0,4,0.1786,
3,8,0.7696,0,8,0.1786,
3,8,0.9115,0,8,0.1786,
3,8,0.9553,0,8,0.1786,
3,8,0.9395,0,8,0.1786,
3,9,0.6424,0,5,0.1784,
3,9,0.6612,0,9,0.1784,
3,9,0.9335,0,9,0.1784,
3,9,0.9910,0,9,0.1784,
3,9,0.9254,0,9,0.1784,
3,10,0.6618,0,6,0.1782,0.7153
3,10,0.6797,0,10,0.1782,0.8472
3,10,0.8850,0,10,0.1782,0.9583
3,10,0.8143,0,10,0.1782,0.9514
3,10,0.9853,0,10,0.1782,0.9722
3,11,0.6459,0,7,0.1780,
3,11,0.6523,0,11,0.1780,
3,11,0.8792,0,11,0.1780,
3,11,0.9270,0,11,0.1780,
3,11,0.9861,0,11,0.1780,
3,12,0.5823,0,8,0.1779,
3,12,0.7208,0,12,0.1779,
3,12,0.9373,0,12,0.1779,
3,12,0.9385,0,12,0.1779,
3,12,0.9704,0,12,0.1779,
3,13,0.5947,0,9,0.1777,
3,13,0.7424,0,13,0.1777,
3,13,0.9632,0,13,0.1777,
3,13,0.9552,0,13,0.1777,
3,13,0.9273,0,13,0.1777,
3,14,0.5661,0,10,0.1775,
3,14,0.6840,0,14,0.1775,
3,14,1.0128,0,14,0.1775,
3,14,0.9549,0,14,0.1775,
3,14,0.9356,0,14,0.1775,
3,15,0.5832,0,11,0.1773,0.6667
3,15,0.8431,0,15,0.1773,0.9306
3,15,1.0260,0,15,0.1773,0.9583
3,15,0.9189,0,15,0.1773,0.9653
3,15,0.9694,0,15,0.1773,0.9722
3,16,0.5894,0,12,0.1771,
3,16,0.6781,0,16,0.1771,
3,16,1.0310,0,16,0.1771,
3,16,0.9559,0,16,0.1771,
3,16,0.9526,0,16,0.1771,
3,17,0.5370,0,13,0.1770,
3,17,0.7143,0,17,0.1770,
3,17,1.0102,0,17,0.1770,
3,17,0.8967,0,17,0.1770,
3,17,0.9620,0,17,0.1770,
3,18,0.6895,0,14,0.1768,
3,18,0.6776,0,18,0.1768,
3,18,0.9261,0,18,0.1768,
3,18,0.8783,0,18,0.1768,
3,18,0.9698,0,18,0.1768,
3,19,0.6415,0,15,0.1766,
3,19,0.7378,0,19,0.1766,
3,19,0.9563,0,19,0.1766,
3,19,0.8640,0,19,0.1766,
3,19,0.9698,0,19,0.1766,
3,20,0.6828,0,16,0.1764,0.7222
3,20,0.8421,0,20,0.1764,0.8472
3,20,0.9687,0,20,0.1764,0.9583
3,20,0.9314,0,20,0.1764,0.9653
3,20,0.9869,0,20,0.1764,0.9861
3,21,0.6213,0,17,0.1763,
3,21,0.7889,0,21,0.1763,
3,21,0.9417,0,21,0.1763,
3,21,0.9561,0,21,0.1763,
3,21,0.9938,0,21,0.1763,
3,22,0.6683,0,18,0.1761,
3,22,0.8046,0,22,0.1761,
3,22,0.9242,0,22,0.1761,
3,22,0.9548,0,22,0.1761,
3,22,0.9715,0,22,0.1761,
3,23,0.6598,0,19,0.1759,
3,23,0.8189,0,23,0.1759,
3,23,0.9394,0,23,0.1759,
3,23,0.9553,0,23,0.1759,
3,23,0.9877,0,23,0.1759,
3,24,0.6646,0,20,0.1757,
3,24,0.8676,0,24,0.1757,
3,24,0.9282,0,24,0.1757,
3,24,0.9717,0,24,0.1757,
3,24,0.9932,0,24,0.1757,
3,25,0.6633,0,21,0.1756,0.6875
3,25,0.8469,0,25,0.1756,0.8333
3,25,0.9180,0,25,0.1756,0.9375
3,25,0.9548,0,25,0.1756,0.9444
3,25,0.9884,0,25,0.1756,0.9444
3,26,0.7343,1,0,0.1754,
3,26,0.8340,0,26,0.1754,
3,26,0.9419,0,26,0.1754,
3,26,0.8760,0,26,0.1754,
3,26,1.0051,0,26,0.1754,
3,27,0.7133,0,1,0.1752,
3,27,0.8451,0,27,0.1752,
3,27,1.0075,0,27,0.1752,
3,27,0.8852,0,27,0.1752,
3,27,0.9884,0,27,0.1752,
3,28,0.6961,0,2,0.1750,
3,28,0.8467,0,28,0.1750,
3,28,0.9515,0,28,0.1750,
3,28,0.9712,0,28,0.1750,
3,28,0.9788,0,28,0.1750,
3,29,0.6912,0,3,0.1749,
3,29,0.8589,0,29,0.1749,
3,29,0.9458,0,29,0.1749,
3,29,0.9533,0,29,0.1749,
3,29,1.0031,0,29,0.1749,
3,30,0.6851,0,4,0.1747,0.6250
3,30,0.7605,0,30,0.1747,0.8194
3,30,1.0216,0,30,0.1747,0.9514
3,30,0.9553,0,30,0.1747,0.9514
3,30,1.0084,0,30,0.1747,0.9861
3,31,0.7181,0,5,0.1745,
3,31,0.7427,0,31,0.1745,
3,31,1.0097,0,31,0.1745,
3,31,0.9564,0,31,0.1745,
3,31,1.0015,0,31,0.1745,
3,32,0.7311,0,6,0.1743,
3,32,0.8124,0,32,0.1743,
3,32,1.0079,0,32,0.1743,
3,32,1.0042,0,32,0.1743,
3,32,1.0041,0,32,0.1743,
3,33,0.7025,0,7,0.1742,
3,33,0.7961,0,33,0.1742,
3,33,1.0195,0,33,0.1742,
3,33,0.9175,0,33,0.1742,
3,33,0.9865,0,33,0.1742,
3,34,0.6554,0,8,0.1740,
3,34,0.8601,0,34,0.1740,
3,34,1.0517,1,0,0.1740,
3,34,0.8841,0,34,0.1740,
3,34,0.9871,0,34,0.1740,
3,35,0.6257,0,9,0.1738,0.6250
3,35,0.9231,0,35,0.1738,0.8472
3,35,0.9733,0,1,0.1738,0.9583
3,35,0.9034,0,35,0.1738,0.9653
3,35,0.9875,0,35,0.1738,0.9583
3,36,0.7155,0,10,0.1736,
3,36,0.9316,0,36,0.1736,
3,36,0.9498,0,2,0.1736,
3,36,0.8883,0,36,0.1736,
3,36,0.9708,0,36,0.1736,
3,37,0.6949,0,11,0.1735,
3,37,0.9247,0,37,0.1735,
3,37,0.9742,0,3,0.1735,
3,37,0.9319,0,37,0.1735,
3,37,0.9967,0,37,0.1735,
3,38,0.6754,0,12,0.1733,
3,38,0.9167,0,38,0.1733,
3,38,0.9363,0,4,0.1733,
3,38,0.9229,0,38,0.1733,
3,38,0.9856,0,38,0.1733,
3,39,0.7522,1,0,0.1731,
3,39,0.8266,0,39,0.1731,
3,39,0.9534,0,5,0.1731,
3,39,0.9207,0,39,0.1731,
3,39,0.9872,0,39,0.1731,
3,40,0.5916,0,1,0.1729,0.7222
3,40,0.9446,0,40,0.1729,0.8472
3,40,0.9703,0,6,0.1729,0.9722
3,40,0.9593,0,40,0.1729,0.9514
3,40,0.9865,0,40,0.1729,0.9444
3,41,0.5982,0,2,0.1728,
3,41,0.9880,1,0,0.1728,
3,41,0.9544,0,7,0.1728,
3,41,0.9537,0,41,0.1728,
3,41,0.9866,0,41,0.1728,
3,42,0.6214,0,3,0.1726,
3,42,0.9023,0,1,0.1726,
3,42,0.9687,0,8,0.1726,
3,42,1.0140,0,42,0.1726,
3,42,0.9873,0,42,0.1726,
3,43,0.6417,0,4,0.1724,
3,43,0.7963,0,2,0.1724,
3,43,0.9683,0,9,0.1724,
3,43,1.0214,0,43,0.1724,
3,43,0.9875,0,43,0.1724,
3,44,0.6080,0,5,0.1722,
3,44,0.8697,0,3,0.1722,
3,44,1.0083,0,10,0.1722,
3,44,1.0303,0,44,0.1722,
3,44,0.9872,0,44,0.1722,
3,45,0.7199,0,6,0.1721,0.6250
3,45,0.8554,0,4,0.1721,0.9167
3,45,1.0320,0,11,0.1721,0.9861
3,45,0.9659,0,45,0.1721,0.9514
3,45,0.9874,0,45,0.1721,0.9861
3,46,0.5545,0,7,0.1719,
3,46,0.7942,0,5,0.1719,
3,46,1.0247,0,12,0.1719,
3,46,1.0340,0,46,0.1719,
3,46,0.9871,0,46,0.1719,
3,47,0.6159,0,8,0.1717,
3,47,0.8639,0,6,0.1717,
3,47,1.0098,0,13,0.1717,
3,47,0.9643,0,47,0.1717,
3,47,1.0566,1,0,0.1717,
3,48,0.5551,0,9,0.1716,
3,48,0.9010,0,7,0.1716,
3,48,1.0266,0,14,0.1716,
3,48,1.0012,0,48,0.1716,
3,48,0.9779,0,1,0.1716,
3,49,0.6573,0,10,0.1714,
3,49,0.8388,0,8,0.1714,
3,49,1.0310,0,15,0.1714,
3,49,1.0196,0,49,0.1714,
3,49,0.9774,0,2,0.1714,
3,50,0.6548,0,11,0.1712,0.6111
3,50,0.9389,0,9,0.1712,0.8611
3,50,1.0751,1,0,0.1712,0.9722
3,50,0.9476,0,50,0.1712,0.9514
3,50,0.9764,0,3,0.1712,1.0000
3,51,0.6641,0,12,0.1710,
3,51,0.9605,0,10,0.1710,
3,51,0.9148,0,1,0.1710,
3,51,1.0050,0,51,0.1710,
3,51,0.9769,0,4,0.1710,
3,52,0.6594,0,13,0.1709,
3,52,0.8965,0,11,0.1709,
3,52,0.9256,0,2,0.1709,
3,52,0.9709,0,52,0.1709,
3,52,0.9739,0,5,0.1709,
3,53,0.6637,0,14,0.1707,
3,53,0.9008,0,12,0.1707,
3,53,0.9296,0,3,0.1707,
3,53,0.8828,0,53,0.1707,
3,53,1.0190,0,6,0.1707,
3,54,0.7123,0,15,0.1705,
3,54,0.8834,0,13,0.1705,
3,54,0.8790,0,4,0.1705,
3,54,0.9896,0,54,0.1705,
3,54,1.0725,1,0,0.1705,
3,55,0.6489,0,16,0.1704,0.7222
3,55,0.8141,0,14,0.1704,0.8889
3,55,0.9417,0,5,0.1704,0.9722
3,55,1.0055,0,55,0.1704,0.9653
3,55,1.0738,1,0,0.1704,1.0000
3,56,0.6636,0,17,0.1702,
3,56,0.8842,0,15,0.1702,
3,56,0.9420,0,6,0.1702,
3,56,0.9312,0,56,0.1702,
3,56,1.0424,0,1,0.1702,
3,57,0.6540,0,18,0.1700,
3,57,0.8406,0,16,0.1700,
3,57,0.9942,0,7,0.1700,
3,57,1.0074,0,57,0.1700,
3,57,1.0048,0,2,0.1700,
3,58,0.6633,0,19,0.1699,
3,58,0.8616,0,17,0.1699,
3,58,1.0377,0,8,0.1699,
3,58,0.9523,0,58,0.1699,
3,58,1.0215,0,3,0.1699,
3,59,0.6642,0,20,0.1697,
3,59,0.8708,0,18,0.1697,
3,59,1.0139,0,9,0.1697,
3,59,1.0118,0,59,0.1697,
3,59,1.0229,0,4,0.1697,
3,60,0.6213,0,21,0.1695,0.6528
3,60,0.8978,0,19,0.1695,0.9444
3,60,0.9561,0,10,0.1695,1.0000
3,60,0.9980,0,60,0.1695,0.9653
3,60,0.9999,0,5,0.1695,0.9861
3,61,0.6594,0,22,0.1693,
3,61,0.8838,0,20,0.1693,
3,61,0.9750,0,11,0.1693,
3,61,1.0379,1,0,0.1693,
3,61,1.0021,0,6,0.1693,
3,62,0.6388,0,23,0.1692,
3,62,0.8792,0,21,0.1692,
3,62,0.9942,0,12,0.1692,
3,62,1.0178,0,1,0.1692,
3,62,1.0331,0,7,0.1692,
3,63,0.6818,0,24,0.1690,
3,63,0.8810,0,22,0.1690,
3,63,0.9953,0,13,0.1690,
3,63,1.0367,0,2,0.1690,
3,63,1.0173,0,8,0.1690,
3,64,0.6385,0,25,0.1688,
3,64,0.8785,0,23,0.1688,
3,64,1.0132,0,14,0.1688,
3,64,1.0167,0,3,0.1688,
3,64,0.9835,0,9,0.1688,
3,65,0.6316,0,26,0.1687,0.6389
3,65,0.8896,0,24,0.1687,0.9583
3,65,1.0120,0,15,0.1687,0.9722
3,65,1.0271,0,4,0.1687,0.9792
3,65,0.9958,0,10,0.1687,0.9861
3,66,0.6599,0,27,0.1685,
3,66,0.8809,0,25,0.1685,
3,66,1.0303,0,16,0.1685,
3,66,1.0706,1,0,0.1685,
3,66,0.9764,0,11,0.1685,
3,67,0.6639,0,28,0.1683,
3,67,0.8468,0,26,0.1683,
3,67,0.9680,0,17,0.1683,
3,67,0.9777,0,1,0.1683,
3,67,0.9761,0,12,0.1683,
3,68,0.6686,0,29,0.1682,
3,68,0.8233,0,27,0.1682,
3,68,1.0279,0,18,0.1682,
3,68,0.9619,0,2,0.1682,
3,68,0.9582,0,13,0.1682,
3,69,0.6792,0,30,0.1680,
3,69,0.8870,0,28,0.1680,
3,69,0.9548,0,19,0.1680,
3,69,0.9783,0,3,0.1680,
3,69,0.9603,0,14,0.1680,
3,70,0.6767,0,31,0.1678,0.6389
3,70,0.8553,0,29,0.1678,0.9444
3,70,0.9674,0,20,0.1678,0.9583
3,70,0.9959,0,4,0.1678,0.9653
3,70,0.9483,0,15,0.1678,0.9861
3,71,0.6629,0,32,0.1677,
3,71,0.9087,0,30,0.1677,
3,71,0.9266,0,21,0.1677,
3,71,0.9614,0,5,0.1677,
3,71,1.0213,0,16,0.1677,
3,72,0.6670,0,33,0.1675,
3,72,0.8434,0,31,0.1675,
3,72,0.9340,0,22,0.1675,
3,72,1.0025,0,6,0.1675,
3,72,0.9876,0,17,0.1675,
3,73,0.6690,0,34,0.1673,
3,73,0.8405,0,32,0.1673,
3,73,0.8954,0,23,0.1673,
3,73,0.9610,0,7,0.1673,
3,73,0.9899,0,18,0.1673,
3,74,0.6796,0,35,0.1672,
3,74,0.8031,0,33,0.1672,
3,74,1.0019,0,24,0.1672,
3,74,0.9606,0,8,0.1672,
3,74,0.9599,0,19,0.1672,
3,75,0.7371,0,36,0.1670,0.6250
3,75,0.8653,0,34,0.1670,0.9167
3,75,1.0120,0,25,0.1670,0.9722
3,75,0.9645,0,9,0.1670,0.9722
3,75,0.9489,0,20,0.1670,0.9861
3,76,0.7326,0,37,0.1668,
3,76,0.8627,0,35,0.1668,
3,76,1.0306,0,26,0.1668,
3,76,0.9725,0,10,0.1668,
3,76,0.9556,0,21,0.1668,
3,77,0.6992,0,38,0.1667,
3,77,0.8350,0,36,0.1667,
3,77,1.0308,0,27,0.1667,
3,77,1.0163,0,11,0.1667,
3,77,0.9568,0,22,0.1667,
3,78,0.6989,0,39,0.1665,
3,78,0.9006,0,37,0.1665,
3,78,0.9935,0,28,0.1665,
3,78,0.9988,0,12,0.1665,
3,78,0.9395,0,23,0.1665,
3,79,0.7153,0,40,0.1663,
3,79,0.8679,0,38,0.1663,
3,79,1.0249,0,29,0.1663,
3,79,0.9974,0,13,0.1663,
3,79,1.0357,0,24,0.1663,
